design,response,term,estimate,ci_low,ci_high,p,n
acute (-1/+1),identity_composite,phase (post vs baseline),1.9996108684310785,-1.2795848654479347,5.278806602310092,0.23202431944822055,52
acute (-1/+1),identity_composite,phase x stressed,-2.305838798554399,-6.943321879082099,2.3316442819733005,0.32979402746662134,52
acute (-1/+1),id_1,phase (post vs baseline),6.0794543274583885,1.0067940763182293,11.152114578598548,0.01882557523914085,52
acute (-1/+1),id_1,phase x stressed,-2.782830686534065,-9.956655611007385,4.390994237939254,0.44707621233209127,52
acute (-1/+1),id_2,phase (post vs baseline),-2.080232590596207,-4.260735202344087,0.10027002115167294,0.06150667985538867,52
acute (-1/+1),id_2,phase x stressed,-1.8288469105747558,-4.912543276898562,1.2548494557490508,0.24507494272238228,52
acute (-1/+1),pca_1,phase (post vs baseline),4.972529394757755,0.25161579342087403,9.693442996094635,0.03897730844021542,52
acute (-1/+1),pca_1,phase x stressed,0.2221778724078165,-6.4542021693944,6.898557914210033,0.9479956029370618,52
acute (-1/+1),pca_2,phase (post vs baseline),-3.831532572383329,-4.905375888166103,-2.757689256600555,2.685705077979534e-12,52
acute (-1/+1),pca_2,phase x stressed,-0.4437158548979635,-1.962359635941656,1.0749279261457287,0.5668746818315621,52
window (-2..-1 / +1..+3),identity_composite,phase (post vs baseline),2.203957908106368,0.4464422377074,3.961473578505336,0.013977857453862548,52
window (-2..-1 / +1..+3),identity_composite,phase x stressed,-2.3426396166599477,-4.828123612679089,0.14284437935919403,0.06470048566892522,52
window (-2..-1 / +1..+3),id_1,phase (post vs baseline),6.395256917988678,3.681517592004664,9.108996243972692,3.857915896880455e-06,52
window (-2..-1 / +1..+3),id_1,phase x stressed,-3.049711377756183,-6.8874902546220955,0.788067499109729,0.11935281811785253,52
window (-2..-1 / +1..+3),id_2,phase (post vs baseline),-2.045820034077466,-3.224688453425431,-0.8669516147295011,0.0006705610405735803,52
window (-2..-1 / +1..+3),id_2,phase x stressed,-1.6293751775795262,-3.2965359746590237,0.03778561949997128,0.05542340769711789,52
window (-2..-1 / +1..+3),pca_1,phase (post vs baseline),3.256757716638612,1.1767538736915606,5.336761559585663,0.0021491625674795374,52
window (-2..-1 / +1..+3),pca_1,phase x stressed,0.005077375567786674,-2.936476694480961,2.9466314456165343,0.9973007085617113,52
window (-2..-1 / +1..+3),pca_2,phase (post vs baseline),-3.6419398913225844,-4.257020804561938,-3.0268589780832307,3.8826660745685903e-31,52
window (-2..-1 / +1..+3),pca_2,phase x stressed,-0.09627104264249196,-0.9661246922579494,0.7735826069729654,0.8282714769760093,52
