panel,treatment,feature,pct_change,sem
count,control,Rearing_count,-14.926660914581536,6.065509158058171
count,control,SAP_count,-12.643628133704732,3.7474997880612557
count,control,Stop_count,-27.316753038086418,6.618042698125544
count,control,WallJump_count,-14.220183486238536,31.12201930870424
count,control,isolated_count,-29.889477041915956,5.089653401487487
count,control,Move_isolated_count,-3.9433464031367715,5.086128501037371
count,control,Rear_isolated_count,-12.313671891684109,6.54899053310304
count,control,Stop_isolated_count,-13.75541807135181,6.082637099825678
count,control,Center_Zone_count,-16.999520690206104,6.303916103174169
count,control,Periphery_Zone_count,-5.582335562120977,6.508988506496053
count,control,Rear_at_periphery_count,-13.123445784263133,6.744903793423569
count,control,Rear_in_centerWindow_count,-9.930242100943765,13.84084320659939
count,control,Contact_active_count,-30.27613717183587,4.743908227228932
count,control,Contact_passive_count,-30.272326214232702,4.743625028828097
count,control,Move_in_contact_active_count,-15.67459775452783,3.7454883365505296
count,control,Move_in_contact_passive_count,-19.988346001982904,3.4730635722355805
count,control,Oral_genital_Contact_active_count,-5.2266093594637075,2.8802508127389346
count,control,Oral_genital_Contact_passive_count,-7.628941540128431,2.826316126456551
count,control,Oral_oral_Contact_active_count,-14.401273975112394,2.820088577670663
count,control,Oral_oral_Contact_passive_count,-14.401273975112394,2.820088577670663
count,control,Rear_in_contact_count,-15.227284615786985,3.7988608494498752
count,control,Side_by_side_Contact_active_count,-11.48201348988257,3.384687257589955
count,control,Side_by_side_Contact_opposite_way_active_count,-6.500763570734414,3.5283104427730776
count,control,Side_by_side_Contact_opposite_way_passive_count,-6.500763570734414,3.5283104427730776
count,control,Side_by_side_Contact_passive_count,-11.48201348988257,3.384687257589955
count,control,Stop_in_contact_active_count,-18.220377106281262,4.750815837557741
count,control,Stop_in_contact_passive_count,-20.63857183933192,4.551069488636285
count,control,Group_3_break_count,-14.738675958188164,7.116470340345363
count,control,Group_3_make_count,-12.619869581894905,7.171301252741066
count,control,Group_4_break_count,-48.85993485342019,8.90010798156205
count,control,Group_4_make_count,-48.04772234273319,9.445378946378769
count,control,Group2_active_count,-25.155577248243755,5.5736227012853705
count,control,Group2_passive_count,-25.152529372799215,5.5733660988225
count,control,Huddling_count,12.797162069148094,6.004906696250801
count,control,Approach_active_count,-17.756247315152518,2.6207272815088305
count,control,Approach_contact_active_count,-18.782223628024674,5.434911018288905
count,control,Approach_contact_passive_count,-28.46600355861505,5.5095094253976535
count,control,Approach_passive_count,-17.725834206397895,2.656747330387351
count,control,Approach_rear_active_count,-14.654097102283647,3.4080367040212742
count,control,Approach_rear_passive_count,-16.60395993039552,3.032947610750036
count,control,Social_approach_active_count,-12.167027069119396,8.212091879942918
count,control,Social_approach_passive_count,-13.798698414766308,7.954755315402496
count,control,Train2_active_count,-1.1102230246251565e-14,14.718579476020293
count,control,Train2_passive_count,-3.7296037296037365,13.090938975520249
count,control,Break_contact_active_count,-24.69113405054334,4.077476976226682
count,control,Break_contact_passive_count,-27.968416785632467,3.9671542508953896
count,control,Get_away_active_count,-12.33357455283668,3.4822613568116876
count,control,Get_away_passive_count,-15.839865208993341,3.042587473023509
count,control,Social_escape_active_count,-13.357593230668263,5.084693234515974
count,control,Social_escape_passive_count,-15.405009580373852,5.000747591562591
count,control,seq_oral_geni___oral_oral_active_count,6.069844789356971,5.501173552767389
count,control,seq_oral_geni___oral_oral_passive_count,2.8737220226582316,5.280871233487086
count,control,seq_oral_oral___oral_genital_active_count,4.83987478930894,5.542468412650899
count,control,seq_oral_oral___oral_genital_passive_count,5.7258677476564435,5.736057979979575
count,stressed,Rearing_count,-13.44102044465637,3.842311151485092
count,stressed,SAP_count,-8.54845159283778,2.954676422869258
count,stressed,Stop_count,-34.23798158881692,5.994635738722072
count,stressed,WallJump_count,-4.911591355599221,45.80811206701618
count,stressed,isolated_count,-27.864807977640538,5.343833669356406
count,stressed,Move_isolated_count,-18.745243675991595,3.637590800524104
count,stressed,Rear_isolated_count,-24.988273421176068,5.7968324723221
count,stressed,Stop_isolated_count,-25.333194862741003,4.937961504120227
count,stressed,Center_Zone_count,-27.188002142474566,5.355481474770114
count,stressed,Periphery_Zone_count,-12.473901172439628,5.295867351369088
count,stressed,Rear_at_periphery_count,-25.058275058275058,6.140329933017365
count,stressed,Rear_in_centerWindow_count,-27.24924666379679,9.953853895093026
count,stressed,Contact_active_count,-31.80387002109253,5.010335621417911
count,stressed,Contact_passive_count,-31.807621764825754,5.010680169159423
count,stressed,Move_in_contact_active_count,-22.747826086956515,3.6301714477572773
count,stressed,Move_in_contact_passive_count,-18.671149990240778,3.6096858199299744
count,stressed,Oral_genital_Contact_active_count,-7.793827452837643,2.90746246393854
count,stressed,Oral_genital_Contact_passive_count,-5.414852712192964,2.830855069075632
count,stressed,Oral_oral_Contact_active_count,-15.563436326319756,2.535990316899944
count,stressed,Oral_oral_Contact_passive_count,-15.563436326319756,2.535990316899944
count,stressed,Rear_in_contact_count,-16.33777684475699,3.67686085036791
count,stressed,Side_by_side_Contact_active_count,-12.800272412085201,3.1717140704778157
count,stressed,Side_by_side_Contact_opposite_way_active_count,-6.192057561920572,3.394649746434899
count,stressed,Side_by_side_Contact_opposite_way_passive_count,-6.192057561920572,3.394649746434899
count,stressed,Side_by_side_Contact_passive_count,-12.800272412085201,3.1717140704778157
count,stressed,Stop_in_contact_active_count,-24.163275223227853,4.293124093020674
count,stressed,Stop_in_contact_passive_count,-21.911465548441853,4.552760185075547
count,stressed,Group_3_break_count,-13.696193525435795,7.49805750278513
count,stressed,Group_3_make_count,-20.366903781355294,7.057944270965348
count,stressed,Group_4_break_count,-49.89858012170385,9.762894735422996
count,stressed,Group_4_make_count,-48.36325237592397,9.93418977356735
count,stressed,Group2_active_count,-26.995560622549263,5.833392968219684
count,stressed,Group2_passive_count,-26.99854902231743,5.833725729427977
count,stressed,Huddling_count,11.403599503516748,5.706311793807705
count,stressed,Approach_active_count,-18.71816361182462,2.545691032089399
count,stressed,Approach_contact_active_count,-32.0448983036543,7.88813371875358
count,stressed,Approach_contact_passive_count,-23.023814592901225,6.221220398572564
count,stressed,Approach_passive_count,-18.756703525197025,2.497649400747507
count,stressed,Approach_rear_active_count,-17.563229743553556,3.0168532857873283
count,stressed,Approach_rear_passive_count,-15.632534094589223,3.363572103485778
count,stressed,Social_approach_active_count,-15.191293418378748,7.8395804367873145
count,stressed,Social_approach_passive_count,-13.589055092851133,8.070233366494389
count,stressed,Train2_active_count,-1.276595744680864,19.365208941247243
count,stressed,Train2_passive_count,2.1052631578947434,19.38676476876547
count,stressed,Break_contact_active_count,-29.481801249804175,5.067947573932382
count,stressed,Break_contact_passive_count,-26.290053912700817,4.441345655133631
count,stressed,Get_away_active_count,-17.575897524711202,3.051729720604842
count,stressed,Get_away_passive_count,-14.064638990500654,3.2366839738810613
count,stressed,Social_escape_active_count,-17.238615873379302,5.029968336769622
count,stressed,Social_escape_passive_count,-15.236561257951998,4.984288408980539
count,stressed,seq_oral_geni___oral_oral_active_count,2.677122769064355,5.243215110988493
count,stressed,seq_oral_geni___oral_oral_passive_count,5.804176837537289,5.734849288506132
count,stressed,seq_oral_oral___oral_genital_active_count,2.976335691632115,4.986298019827122
count,stressed,seq_oral_oral___oral_genital_passive_count,2.253193960511024,5.128701033895031
mean_duration,control,Rearing_mean_duration,1.9651607350991807,4.958532220895446
mean_duration,control,SAP_mean_duration,31.672426140792265,7.497252583289714
mean_duration,control,Stop_mean_duration,18.436426168785314,9.061477140067154
mean_duration,control,WallJump_mean_duration,5.046387270768737,9.756012606410183
mean_duration,control,isolated_mean_duration,53.68537674407212,12.063778334237133
mean_duration,control,Move_isolated_mean_duration,14.446183003178326,4.887221664574282
mean_duration,control,Rear_isolated_mean_duration,18.33793942630337,4.8392207320807215
mean_duration,control,Stop_isolated_mean_duration,43.99698637238869,9.278304083469289
mean_duration,control,Center_Zone_mean_duration,-12.905946856942496,12.174866179524102
mean_duration,control,Periphery_Zone_mean_duration,21.609488123769726,8.996236445654676
mean_duration,control,Rear_at_periphery_mean_duration,21.025171806780165,5.103940367064527
mean_duration,control,Rear_in_centerWindow_mean_duration,6.21267168974442,12.237278176504853
mean_duration,control,Contact_mean_duration,30.711624261326143,8.687957555499654
mean_duration,control,Move_in_contact_mean_duration,8.615812749513951,2.2636576018986077
mean_duration,control,Oral_genital_Contact_mean_duration,24.882783373078166,2.8893963643923124
mean_duration,control,Oral_oral_Contact_mean_duration,16.721005738561743,2.274841637388104
mean_duration,control,Rear_in_contact_mean_duration,23.406839004848234,5.575409401569699
mean_duration,control,Side_by_side_Contact_mean_duration,21.719370326592635,2.6899997024671003
mean_duration,control,Side_by_side_Contact_opposite_way_mean_duration,34.915803084220684,3.8063372494177483
mean_duration,control,Stop_in_contact_mean_duration,41.66996934649998,9.069562329447574
mean_duration,control,Group_3_break_mean_duration,18.29621529613501,4.151889371334576
mean_duration,control,Group_3_make_mean_duration,14.873081141584056,3.617548440934385
mean_duration,control,Group_4_break_mean_duration,1.3726692445361621,10.930597184178609
mean_duration,control,Group_4_make_mean_duration,-5.448322727922761,9.313160570526998
mean_duration,control,Group2_mean_duration,32.36710461428669,8.031176887022449
mean_duration,control,Huddling_mean_duration,29.216235105447865,6.27576844907774
mean_duration,control,Approach_mean_duration,14.002745510829829,2.652030368951653
mean_duration,control,Approach_contact_mean_duration,11.712010225375359,1.5835530976915215
mean_duration,control,Approach_rear_mean_duration,21.26883321914317,5.042980934590516
mean_duration,control,Social_approach_mean_duration,28.00404417070652,4.456680374922758
mean_duration,control,Train2_mean_duration,-5.476566700265173,4.752776185391064
mean_duration,control,Break_contact_mean_duration,4.153206906508133,1.3513984067672764
mean_duration,control,Get_away_mean_duration,10.845021152088318,1.9528679857346427
mean_duration,control,Social_escape_mean_duration,15.658315013222701,3.208957880374383
mean_duration,control,seq_oral_geni___oral_oral_mean_duration,13.222146749061658,2.544574258573582
mean_duration,control,seq_oral_oral___oral_genital_mean_duration,14.620582295067841,2.69120668552607
mean_duration,stressed,Rearing_mean_duration,3.1602759735061436,3.507714385573444
mean_duration,stressed,SAP_mean_duration,43.78199892937409,6.9154277834692675
mean_duration,stressed,Stop_mean_duration,35.82952359817848,9.44178785645244
mean_duration,stressed,WallJump_mean_duration,18.98473451507787,6.7502988847765995
mean_duration,stressed,isolated_mean_duration,47.496047297651224,14.754690207585874
mean_duration,stressed,Move_isolated_mean_duration,10.782874919860564,6.023742049533537
mean_duration,stressed,Rear_isolated_mean_duration,16.52538381222235,6.186786783289561
mean_duration,stressed,Stop_isolated_mean_duration,55.74092963520978,9.53095930448186
mean_duration,stressed,Center_Zone_mean_duration,6.8292245723192035,13.908223517207194
mean_duration,stressed,Periphery_Zone_mean_duration,34.57951610633303,10.481480307611681
mean_duration,stressed,Rear_at_periphery_mean_duration,20.1270869754103,7.181048502837159
mean_duration,stressed,Rear_in_centerWindow_mean_duration,-1.4525401543923122,11.550686531917748
mean_duration,stressed,Contact_mean_duration,36.047747681153574,8.462070598632016
mean_duration,stressed,Move_in_contact_mean_duration,9.707527863757882,2.591873757872386
mean_duration,stressed,Oral_genital_Contact_mean_duration,27.18359219365776,2.616426128231739
mean_duration,stressed,Oral_oral_Contact_mean_duration,20.86410068596889,2.4589061751638845
mean_duration,stressed,Rear_in_contact_mean_duration,25.283584301686535,4.828862291932893
mean_duration,stressed,Side_by_side_Contact_mean_duration,24.55881679721854,2.746635284385568
mean_duration,stressed,Side_by_side_Contact_opposite_way_mean_duration,37.47070355447044,3.2780937996155655
mean_duration,stressed,Stop_in_contact_mean_duration,48.61929678088557,8.745663543865868
mean_duration,stressed,Group_3_break_mean_duration,15.710052689731269,4.443528977955928
mean_duration,stressed,Group_3_make_mean_duration,20.817041977072904,5.18147404535372
mean_duration,stressed,Group_4_break_mean_duration,20.971065311002903,13.38896373093507
mean_duration,stressed,Group_4_make_mean_duration,5.883954831283922,10.986862321530728
mean_duration,stressed,Group2_mean_duration,38.10718939260083,7.022912718718591
mean_duration,stressed,Huddling_mean_duration,25.82626604647671,7.67665696479616
mean_duration,stressed,Approach_mean_duration,16.070134631593703,2.698655645720612
mean_duration,stressed,Approach_contact_mean_duration,11.514918316501422,1.620144167375239
mean_duration,stressed,Approach_rear_mean_duration,23.342662564704497,4.808163117131714
mean_duration,stressed,Social_approach_mean_duration,30.49827574999151,4.249419517997168
mean_duration,stressed,Train2_mean_duration,-2.2881951157484925,5.392378567592957
mean_duration,stressed,Break_contact_mean_duration,5.006586859736006,1.3018905956730142
mean_duration,stressed,Get_away_mean_duration,11.316666255420294,1.9970192822998607
mean_duration,stressed,Social_escape_mean_duration,16.90902032987902,3.2001874790576172
mean_duration,stressed,seq_oral_geni___oral_oral_mean_duration,18.44319562048571,2.4574663115459963
mean_duration,stressed,seq_oral_oral___oral_genital_mean_duration,17.7403260767925,2.060811146889451
std_duration,control,Rearing_std_duration,7.823321293135566,4.806035625944191
std_duration,control,SAP_std_duration,54.89873924984825,18.88969674921004
std_duration,control,Stop_std_duration,34.98083526490679,9.94957607933266
std_duration,control,WallJump_std_duration,-12.649823466166366,15.823655145665267
std_duration,control,isolated_std_duration,66.77192166820744,14.640388664156523
std_duration,control,Move_isolated_std_duration,10.241636546377952,27.84087088950918
std_duration,control,Rear_isolated_std_duration,53.46882893667826,23.554614117192145
std_duration,control,Stop_isolated_std_duration,70.91484671088433,16.273448307567755
std_duration,control,Center_Zone_std_duration,-19.02964177149773,16.592133809692204
std_duration,control,Periphery_Zone_std_duration,38.548224504852314,9.826442882673474
std_duration,control,Rear_at_periphery_std_duration,37.527863198269216,19.625927725573668
std_duration,control,Rear_in_centerWindow_std_duration,68.45276434967676,75.98729286544969
std_duration,control,Contact_std_duration,48.9891923309425,9.577635476255475
std_duration,control,Move_in_contact_std_duration,25.814557296345697,5.477977270801163
std_duration,control,Oral_genital_Contact_std_duration,26.589349666017515,5.993004103322644
std_duration,control,Oral_oral_Contact_std_duration,14.624548216763266,6.065871617991951
std_duration,control,Rear_in_contact_std_duration,48.17958738623249,16.95120811335242
std_duration,control,Side_by_side_Contact_std_duration,32.56933633576287,5.2830408690901365
std_duration,control,Side_by_side_Contact_opposite_way_std_duration,39.79707126170133,5.263389734848862
std_duration,control,Stop_in_contact_std_duration,59.19165820284596,9.850694185189266
std_duration,control,Group_3_break_std_duration,3.4501061108211273,8.733098462110691
std_duration,control,Group_3_make_std_duration,0.5415325827101247,8.512969372666099
std_duration,control,Group_4_break_std_duration,-5.594240025928244,14.045819823903122
std_duration,control,Group_4_make_std_duration,-3.4266578450594776,13.978641132843977
std_duration,control,Group2_std_duration,57.50425870831655,10.827437772706796
std_duration,control,Huddling_std_duration,77.31313508491165,29.193111466113237
std_duration,control,Approach_std_duration,30.106712194453888,5.517777027524255
std_duration,control,Approach_contact_std_duration,20.09697007293503,2.8075754408594946
std_duration,control,Approach_rear_std_duration,35.56333599516408,10.921865144212147
std_duration,control,Social_approach_std_duration,44.1787762785185,6.609628729154535
std_duration,control,Train2_std_duration,-12.162717764735598,6.397599533157426
std_duration,control,Break_contact_std_duration,18.06327301668176,3.29517928894444
std_duration,control,Get_away_std_duration,27.820171106699874,6.045466755278489
std_duration,control,Social_escape_std_duration,35.068135997776096,6.838376789183077
std_duration,control,seq_oral_geni___oral_oral_std_duration,20.3459680969446,10.29815021014323
std_duration,control,seq_oral_oral___oral_genital_std_duration,10.353556286020527,7.911003816116759
std_duration,stressed,Rearing_std_duration,10.96008890249065,3.6478341098159244
std_duration,stressed,SAP_std_duration,76.22273890345701,16.211803082259863
std_duration,stressed,Stop_std_duration,40.620947738133296,8.491850300055503
std_duration,stressed,WallJump_std_duration,15.333516363597033,13.805833809480989
std_duration,stressed,isolated_std_duration,65.79308792684711,17.431223633728294
std_duration,stressed,Move_isolated_std_duration,80.65276658713702,32.16109202968218
std_duration,stressed,Rear_isolated_std_duration,26.45305384598169,14.482018629601887
std_duration,stressed,Stop_isolated_std_duration,51.10680783202093,15.038943958010584
std_duration,stressed,Center_Zone_std_duration,-0.6680951184297679,14.604478734027404
std_duration,stressed,Periphery_Zone_std_duration,49.8928221698868,9.509563549018536
std_duration,stressed,Rear_at_periphery_std_duration,48.935068235285016,19.07160481573007
std_duration,stressed,Rear_in_centerWindow_std_duration,-32.42394480338747,17.533741944777777
std_duration,stressed,Contact_std_duration,53.84949532776038,9.087869415396218
std_duration,stressed,Move_in_contact_std_duration,23.213723690982935,5.041019208269782
std_duration,stressed,Oral_genital_Contact_std_duration,37.15192384501944,4.9396013135072465
std_duration,stressed,Oral_oral_Contact_std_duration,32.476817325955864,6.258904995061851
std_duration,stressed,Rear_in_contact_std_duration,44.47710792589119,10.200142867519691
std_duration,stressed,Side_by_side_Contact_std_duration,30.36113401163214,4.563540367168184
std_duration,stressed,Side_by_side_Contact_opposite_way_std_duration,45.212676272652615,4.957826939050458
std_duration,stressed,Stop_in_contact_std_duration,66.5502434523713,9.362415248637555
std_duration,stressed,Group_3_break_std_duration,28.524643780468907,10.331603725426776
std_duration,stressed,Group_3_make_std_duration,36.64636631109461,11.496362377951987
std_duration,stressed,Group_4_break_std_duration,20.412601824680763,17.859054017909575
std_duration,stressed,Group_4_make_std_duration,4.456242776293107,16.02387206790433
std_duration,stressed,Group2_std_duration,59.95720758085914,8.342704880360168
std_duration,stressed,Huddling_std_duration,44.63515887554112,39.289109368440684
std_duration,stressed,Approach_std_duration,27.391001606980183,4.59418683672042
std_duration,stressed,Approach_contact_std_duration,17.68515402174844,2.172738039457299
std_duration,stressed,Approach_rear_std_duration,40.69255250574315,7.958695610412221
std_duration,stressed,Social_approach_std_duration,43.03378067932444,5.362605675477957
std_duration,stressed,Train2_std_duration,-10.771701604066465,6.55593959478097
std_duration,stressed,Break_contact_std_duration,17.218407312879712,3.307041118995862
std_duration,stressed,Get_away_std_duration,27.3653460316853,6.166659704267881
std_duration,stressed,Social_escape_std_duration,35.48852830883655,6.425516777806141
std_duration,stressed,seq_oral_geni___oral_oral_std_duration,50.440666290099756,12.734818902945241
std_duration,stressed,seq_oral_oral___oral_genital_std_duration,52.6517486865431,12.520210118945787
