panel,treatment,feature,pct_change
count,control,Rearing_count,-14.926660914581547
count,control,SAP_count,-12.643628133704743
count,control,Stop_count,-27.316753038086393
count,control,WallJump_count,-14.220183486238536
count,control,isolated_count,-29.889477041915967
count,control,Move_isolated_count,-3.9433464031367604
count,control,Rear_isolated_count,-12.313671891684109
count,control,Stop_isolated_count,-13.755418071351833
count,control,Center_Zone_count,-16.999520690206115
count,control,Periphery_Zone_count,-5.582335562120977
count,control,Rear_at_periphery_count,-13.123445784263133
count,control,Rear_in_centerWindow_count,-9.930242100943786
count,control,Contact_active_count,-30.27613717183587
count,control,Contact_passive_count,-30.272326214232702
count,control,Move_in_contact_active_count,-15.67459775452782
count,control,Move_in_contact_passive_count,-19.988346001982915
count,control,Oral_genital_Contact_active_count,-5.2266093594637075
count,control,Oral_genital_Contact_passive_count,-7.628941540128431
count,control,Oral_oral_Contact_active_count,-14.401273975112383
count,control,Oral_oral_Contact_passive_count,-14.401273975112383
count,control,Rear_in_contact_count,-15.227284615786996
count,control,Side_by_side_Contact_active_count,-11.482013489882592
count,control,Side_by_side_Contact_opposite_way_active_count,-6.500763570734424
count,control,Side_by_side_Contact_opposite_way_passive_count,-6.500763570734424
count,control,Side_by_side_Contact_passive_count,-11.482013489882592
count,control,Stop_in_contact_active_count,-18.220377106281262
count,control,Stop_in_contact_passive_count,-20.63857183933191
count,control,Group_3_break_count,-14.738675958188152
count,control,Group_3_make_count,-12.619869581894905
count,control,Group_4_break_count,-48.859934853420185
count,control,Group_4_make_count,-48.04772234273319
count,control,Group2_active_count,-25.155577248243766
count,control,Group2_passive_count,-25.152529372799215
count,control,Huddling_count,12.797162069148094
count,control,Approach_active_count,-17.756247315152518
count,control,Approach_contact_active_count,-18.782223628024674
count,control,Approach_contact_passive_count,-28.46600355861505
count,control,Approach_passive_count,-17.725834206397884
count,control,Approach_rear_active_count,-14.654097102283636
count,control,Approach_rear_passive_count,-16.60395993039553
count,control,Social_approach_active_count,-12.167027069119406
count,control,Social_approach_passive_count,-13.798698414766308
count,control,Train2_active_count,0.0
count,control,Train2_passive_count,-3.7296037296037254
count,control,Break_contact_active_count,-24.69113405054335
count,control,Break_contact_passive_count,-27.968416785632467
count,control,Get_away_active_count,-12.33357455283668
count,control,Get_away_passive_count,-15.83986520899333
count,control,Social_escape_active_count,-13.357593230668263
count,control,Social_escape_passive_count,-15.405009580373841
count,control,seq_oral_geni___oral_oral_active_count,6.069844789356971
count,control,seq_oral_geni___oral_oral_passive_count,2.873722022658187
count,control,seq_oral_oral___oral_genital_active_count,4.83987478930894
count,control,seq_oral_oral___oral_genital_passive_count,5.7258677476564435
count,stressed,Rearing_count,-13.44102044465637
count,stressed,SAP_count,-8.54845159283778
count,stressed,Stop_count,-34.237981588816915
count,stressed,WallJump_count,-4.91159135559921
count,stressed,isolated_count,-27.864807977640528
count,stressed,Move_isolated_count,-18.745243675991595
count,stressed,Rear_isolated_count,-24.988273421176068
count,stressed,Stop_isolated_count,-25.333194862741017
count,stressed,Center_Zone_count,-27.188002142474566
count,stressed,Periphery_Zone_count,-12.47390117243964
count,stressed,Rear_at_periphery_count,-25.058275058275072
count,stressed,Rear_in_centerWindow_count,-27.24924666379681
count,stressed,Contact_active_count,-31.80387002109253
count,stressed,Contact_passive_count,-31.807621764825768
count,stressed,Move_in_contact_active_count,-22.747826086956515
count,stressed,Move_in_contact_passive_count,-18.67114999024079
count,stressed,Oral_genital_Contact_active_count,-7.793827452837632
count,stressed,Oral_genital_Contact_passive_count,-5.414852712192941
count,stressed,Oral_oral_Contact_active_count,-15.563436326319756
count,stressed,Oral_oral_Contact_passive_count,-15.563436326319756
count,stressed,Rear_in_contact_count,-16.337776844757002
count,stressed,Side_by_side_Contact_active_count,-12.800272412085201
count,stressed,Side_by_side_Contact_opposite_way_active_count,-6.192057561920572
count,stressed,Side_by_side_Contact_opposite_way_passive_count,-6.192057561920572
count,stressed,Side_by_side_Contact_passive_count,-12.800272412085201
count,stressed,Stop_in_contact_active_count,-24.163275223227842
count,stressed,Stop_in_contact_passive_count,-21.911465548441853
count,stressed,Group_3_break_count,-13.696193525435785
count,stressed,Group_3_make_count,-20.366903781355294
count,stressed,Group_4_break_count,-49.89858012170385
count,stressed,Group_4_make_count,-48.36325237592397
count,stressed,Group2_active_count,-26.995560622549263
count,stressed,Group2_passive_count,-26.99854902231742
count,stressed,Huddling_count,11.403599503516748
count,stressed,Approach_active_count,-18.718163611824636
count,stressed,Approach_contact_active_count,-32.044898303654314
count,stressed,Approach_contact_passive_count,-23.02381459290125
count,stressed,Approach_passive_count,-18.756703525197025
count,stressed,Approach_rear_active_count,-17.563229743553567
count,stressed,Approach_rear_passive_count,-15.632534094589234
count,stressed,Social_approach_active_count,-15.191293418378738
count,stressed,Social_approach_passive_count,-13.58905509285112
count,stressed,Train2_active_count,-1.2765957446808418
count,stressed,Train2_passive_count,2.105263157894721
count,stressed,Break_contact_active_count,-29.481801249804164
count,stressed,Break_contact_passive_count,-26.290053912700827
count,stressed,Get_away_active_count,-17.57589752471119
count,stressed,Get_away_passive_count,-14.064638990500677
count,stressed,Social_escape_active_count,-17.238615873379327
count,stressed,Social_escape_passive_count,-15.236561257951998
count,stressed,seq_oral_geni___oral_oral_active_count,2.6771227690643773
count,stressed,seq_oral_geni___oral_oral_passive_count,5.804176837537289
count,stressed,seq_oral_oral___oral_genital_active_count,2.9763356916320927
count,stressed,seq_oral_oral___oral_genital_passive_count,2.2531939605110463
mean_duration,control,Rearing_mean_duration,1.9651607350991585
mean_duration,control,SAP_mean_duration,31.672426140792286
mean_duration,control,Stop_mean_duration,18.436426168785314
mean_duration,control,WallJump_mean_duration,5.046387270768737
mean_duration,control,isolated_mean_duration,53.68537674407212
mean_duration,control,Move_isolated_mean_duration,14.446183003178348
mean_duration,control,Rear_isolated_mean_duration,18.337939426303397
mean_duration,control,Stop_isolated_mean_duration,43.99698637238867
mean_duration,control,Center_Zone_mean_duration,-12.905946856942506
mean_duration,control,Periphery_Zone_mean_duration,21.60948812376975
mean_duration,control,Rear_at_periphery_mean_duration,21.02517180678014
mean_duration,control,Rear_in_centerWindow_mean_duration,6.2126716897444645
mean_duration,control,Contact_mean_duration,30.711624261326097
mean_duration,control,Move_in_contact_mean_duration,8.615812749513951
mean_duration,control,Oral_genital_Contact_mean_duration,24.882783373078144
mean_duration,control,Oral_oral_Contact_mean_duration,16.721005738561722
mean_duration,control,Rear_in_contact_mean_duration,23.40683900484828
mean_duration,control,Side_by_side_Contact_mean_duration,21.71937032659268
mean_duration,control,Side_by_side_Contact_opposite_way_mean_duration,34.915803084220734
mean_duration,control,Stop_in_contact_mean_duration,41.669969346499954
mean_duration,control,Group_3_break_mean_duration,18.29621529613499
mean_duration,control,Group_3_make_mean_duration,14.873081141584032
mean_duration,control,Group_4_break_mean_duration,1.3726692445361621
mean_duration,control,Group_4_make_mean_duration,-5.448322727922772
mean_duration,control,Group2_mean_duration,32.36710461428671
mean_duration,control,Huddling_mean_duration,29.216235105447865
mean_duration,control,Approach_mean_duration,14.002745510829806
mean_duration,control,Approach_contact_mean_duration,11.712010225375336
mean_duration,control,Approach_rear_mean_duration,21.26883321914317
mean_duration,control,Social_approach_mean_duration,28.004044170706543
mean_duration,control,Train2_mean_duration,-5.4765667002651615
mean_duration,control,Break_contact_mean_duration,4.153206906508133
mean_duration,control,Get_away_mean_duration,10.845021152088318
mean_duration,control,Social_escape_mean_duration,15.658315013222701
mean_duration,control,seq_oral_geni___oral_oral_mean_duration,13.222146749061658
mean_duration,control,seq_oral_oral___oral_genital_mean_duration,14.620582295067862
mean_duration,stressed,Rearing_mean_duration,3.1602759735061214
mean_duration,stressed,SAP_mean_duration,43.78199892937409
mean_duration,stressed,Stop_mean_duration,35.82952359817841
mean_duration,stressed,WallJump_mean_duration,18.98473451507785
mean_duration,stressed,isolated_mean_duration,47.49604729765118
mean_duration,stressed,Move_isolated_mean_duration,10.782874919860586
mean_duration,stressed,Rear_isolated_mean_duration,16.525383812222326
mean_duration,stressed,Stop_isolated_mean_duration,55.74092963520978
mean_duration,stressed,Center_Zone_mean_duration,6.8292245723192035
mean_duration,stressed,Periphery_Zone_mean_duration,34.57951610633303
mean_duration,stressed,Rear_at_periphery_mean_duration,20.12708697541028
mean_duration,stressed,Rear_in_centerWindow_mean_duration,-1.4525401543923122
mean_duration,stressed,Contact_mean_duration,36.047747681153616
mean_duration,stressed,Move_in_contact_mean_duration,9.707527863757882
mean_duration,stressed,Oral_genital_Contact_mean_duration,27.18359219365776
mean_duration,stressed,Oral_oral_Contact_mean_duration,20.86410068596889
mean_duration,stressed,Rear_in_contact_mean_duration,25.283584301686556
mean_duration,stressed,Side_by_side_Contact_mean_duration,24.55881679721854
mean_duration,stressed,Side_by_side_Contact_opposite_way_mean_duration,37.4707035544704
mean_duration,stressed,Stop_in_contact_mean_duration,48.61929678088557
mean_duration,stressed,Group_3_break_mean_duration,15.710052689731269
mean_duration,stressed,Group_3_make_mean_duration,20.817041977072883
mean_duration,stressed,Group_4_break_mean_duration,20.971065311002924
mean_duration,stressed,Group_4_make_mean_duration,5.883954831283922
mean_duration,stressed,Group2_mean_duration,38.1071893926008
mean_duration,stressed,Huddling_mean_duration,25.82626604647671
mean_duration,stressed,Approach_mean_duration,16.070134631593703
mean_duration,stressed,Approach_contact_mean_duration,11.514918316501443
mean_duration,stressed,Approach_rear_mean_duration,23.342662564704497
mean_duration,stressed,Social_approach_mean_duration,30.49827574999151
mean_duration,stressed,Train2_mean_duration,-2.2881951157484925
mean_duration,stressed,Break_contact_mean_duration,5.006586859735984
mean_duration,stressed,Get_away_mean_duration,11.316666255420294
mean_duration,stressed,Social_escape_mean_duration,16.90902032987902
mean_duration,stressed,seq_oral_geni___oral_oral_mean_duration,18.44319562048571
mean_duration,stressed,seq_oral_oral___oral_genital_mean_duration,17.7403260767925
std_duration,control,Rearing_std_duration,7.823321293135543
std_duration,control,SAP_std_duration,54.89873924984827
std_duration,control,Stop_std_duration,34.98083526490681
std_duration,control,WallJump_std_duration,-12.649823466166376
std_duration,control,isolated_std_duration,66.77192166820748
std_duration,control,Move_isolated_std_duration,10.24163654637793
std_duration,control,Rear_isolated_std_duration,53.46882893667826
std_duration,control,Stop_isolated_std_duration,70.9148467108843
std_duration,control,Center_Zone_std_duration,-19.02964177149774
std_duration,control,Periphery_Zone_std_duration,38.54822450485229
std_duration,control,Rear_at_periphery_std_duration,37.527863198269195
std_duration,control,Rear_in_centerWindow_std_duration,68.45276434967676
std_duration,control,Contact_std_duration,48.98919233094252
std_duration,control,Move_in_contact_std_duration,25.81455729634572
std_duration,control,Oral_genital_Contact_std_duration,26.58934966601749
std_duration,control,Oral_oral_Contact_std_duration,14.624548216763245
std_duration,control,Rear_in_contact_std_duration,48.17958738623249
std_duration,control,Side_by_side_Contact_std_duration,32.56933633576287
std_duration,control,Side_by_side_Contact_opposite_way_std_duration,39.79707126170133
std_duration,control,Stop_in_contact_std_duration,59.19165820284598
std_duration,control,Group_3_break_std_duration,3.450106110821105
std_duration,control,Group_3_make_std_duration,0.5415325827101247
std_duration,control,Group_4_break_std_duration,-5.594240025928254
std_duration,control,Group_4_make_std_duration,-3.426657845059511
std_duration,control,Group2_std_duration,57.50425870831655
std_duration,control,Huddling_std_duration,77.31313508491166
std_duration,control,Approach_std_duration,30.106712194453866
std_duration,control,Approach_contact_std_duration,20.096970072935004
std_duration,control,Approach_rear_std_duration,35.5633359951641
std_duration,control,Social_approach_std_duration,44.1787762785185
std_duration,control,Train2_std_duration,-12.162717764735575
std_duration,control,Break_contact_std_duration,18.063273016681734
std_duration,control,Get_away_std_duration,27.8201711066999
std_duration,control,Social_escape_std_duration,35.068135997776096
std_duration,control,seq_oral_geni___oral_oral_std_duration,20.3459680969446
std_duration,control,seq_oral_oral___oral_genital_std_duration,10.353556286020504
std_duration,stressed,Rearing_std_duration,10.960088902490671
std_duration,stressed,SAP_std_duration,76.22273890345701
std_duration,stressed,Stop_std_duration,40.62094773813336
std_duration,stressed,WallJump_std_duration,15.33351636359701
std_duration,stressed,isolated_std_duration,65.79308792684711
std_duration,stressed,Move_isolated_std_duration,80.65276658713705
std_duration,stressed,Rear_isolated_std_duration,26.453053845981668
std_duration,stressed,Stop_isolated_std_duration,51.10680783202093
std_duration,stressed,Center_Zone_std_duration,-0.6680951184297901
std_duration,stressed,Periphery_Zone_std_duration,49.8928221698868
std_duration,stressed,Rear_at_periphery_std_duration,48.93506823528506
std_duration,stressed,Rear_in_centerWindow_std_duration,-32.42394480338747
std_duration,stressed,Contact_std_duration,53.84949532776038
std_duration,stressed,Move_in_contact_std_duration,23.213723690982913
std_duration,stressed,Oral_genital_Contact_std_duration,37.15192384501942
std_duration,stressed,Oral_oral_Contact_std_duration,32.47681732595584
std_duration,stressed,Rear_in_contact_std_duration,44.47710792589119
std_duration,stressed,Side_by_side_Contact_std_duration,30.36113401163214
std_duration,stressed,Side_by_side_Contact_opposite_way_std_duration,45.212676272652594
std_duration,stressed,Stop_in_contact_std_duration,66.5502434523713
std_duration,stressed,Group_3_break_std_duration,28.524643780468885
std_duration,stressed,Group_3_make_std_duration,36.64636631109461
std_duration,stressed,Group_4_break_std_duration,20.412601824680742
std_duration,stressed,Group_4_make_std_duration,4.456242776293107
std_duration,stressed,Group2_std_duration,59.95720758085912
std_duration,stressed,Huddling_std_duration,44.63515887554115
std_duration,stressed,Approach_std_duration,27.391001606980158
std_duration,stressed,Approach_contact_std_duration,17.68515402174846
std_duration,stressed,Approach_rear_std_duration,40.69255250574317
std_duration,stressed,Social_approach_std_duration,43.033780679324416
std_duration,stressed,Train2_std_duration,-10.771701604066465
std_duration,stressed,Break_contact_std_duration,17.218407312879712
std_duration,stressed,Get_away_std_duration,27.3653460316853
std_duration,stressed,Social_escape_std_duration,35.48852830883658
std_duration,stressed,seq_oral_geni___oral_oral_std_duration,50.44066629009978
std_duration,stressed,seq_oral_oral___oral_genital_std_duration,52.65174868654307
representative,control,Contact_active_count,-30.27613717183587
representative,stressed,Contact_active_count,-31.80387002109253
representative,control,Stop_count,-27.316753038086393
representative,stressed,Stop_count,-34.237981588816915
representative,control,Group_4_make_count,-48.04772234273319
representative,stressed,Group_4_make_count,-48.36325237592397
representative,control,Group_4_break_count,-48.859934853420185
representative,stressed,Group_4_break_count,-49.89858012170385
representative,control,Move_isolated_count,-3.9433464031367604
representative,stressed,Move_isolated_count,-18.745243675991595
representative,control,Rear_isolated_count,-12.313671891684109
representative,stressed,Rear_isolated_count,-24.988273421176068
representative,control,Center_Zone_count,-16.999520690206115
representative,stressed,Center_Zone_count,-27.188002142474566
representative,control,Huddling_count,12.797162069148094
representative,stressed,Huddling_count,11.403599503516748
representative,control,Contact_mean_duration,30.711624261326097
representative,stressed,Contact_mean_duration,36.047747681153616
representative,control,Huddling_mean_duration,29.216235105447865
representative,stressed,Huddling_mean_duration,25.82626604647671
