mouse_id,interval_start,cage_id,source_sheet,sex,treatment,genotype,strain,experiment_start,experiment_end,stress_start,phase_assignment_status,notes,phase,analysis_eligible
8445,2024-06-15 19:00:00,16p_8445,16p,F,control,WT,,2024-06-15 00:00:00,2024-06-19 00:00:00,,ambiguous_stress_date_and_out_of_window_rows,Experiment start 17:13,phase_ambiguous,False
8447,2024-06-15 19:00:00,16p_8445,16p,F,stressed,WT,,2024-06-15 00:00:00,2024-06-19 00:00:00,,ambiguous_stress_date_and_out_of_window_rows,,phase_ambiguous,False
8448,2024-06-15 19:00:00,16p_8445,16p,F,stressed,TG,,2024-06-15 00:00:00,2024-06-19 00:00:00,,ambiguous_stress_date_and_out_of_window_rows,Stress time written as 19:08-19:39 without date,phase_ambiguous,False
8449,2024-06-15 19:00:00,16p_8445,16p,F,control,TG,,2024-06-15 00:00:00,2024-06-19 00:00:00,,ambiguous_stress_date_and_out_of_window_rows,,phase_ambiguous,False
8445,2024-06-16 19:00:00,16p_8445,16p,F,control,WT,,2024-06-15 00:00:00,2024-06-19 00:00:00,,ambiguous_stress_date_and_out_of_window_rows,Experiment start 17:13,phase_ambiguous,False
8447,2024-06-16 19:00:00,16p_8445,16p,F,stressed,WT,,2024-06-15 00:00:00,2024-06-19 00:00:00,,ambiguous_stress_date_and_out_of_window_rows,,phase_ambiguous,False
8448,2024-06-16 19:00:00,16p_8445,16p,F,stressed,TG,,2024-06-15 00:00:00,2024-06-19 00:00:00,,ambiguous_stress_date_and_out_of_window_rows,Stress time written as 19:08-19:39 without date,phase_ambiguous,False
8449,2024-06-16 19:00:00,16p_8445,16p,F,control,TG,,2024-06-15 00:00:00,2024-06-19 00:00:00,,ambiguous_stress_date_and_out_of_window_rows,,phase_ambiguous,False
8445,2025-04-06 19:00:00,16p_8445,16p,F,control,WT,,2024-06-15 00:00:00,2024-06-19 00:00:00,,ambiguous_stress_date_and_out_of_window_rows,Experiment start 17:13,outside_metadata_window,False
8447,2025-04-06 19:00:00,16p_8445,16p,F,stressed,WT,,2024-06-15 00:00:00,2024-06-19 00:00:00,,ambiguous_stress_date_and_out_of_window_rows,,outside_metadata_window,False
8448,2025-04-06 19:00:00,16p_8445,16p,F,stressed,TG,,2024-06-15 00:00:00,2024-06-19 00:00:00,,ambiguous_stress_date_and_out_of_window_rows,Stress time written as 19:08-19:39 without date,outside_metadata_window,False
8449,2025-04-06 19:00:00,16p_8445,16p,F,control,TG,,2024-06-15 00:00:00,2024-06-19 00:00:00,,ambiguous_stress_date_and_out_of_window_rows,,outside_metadata_window,False
8445,2025-04-07 19:00:00,16p_8445,16p,F,control,WT,,2024-06-15 00:00:00,2024-06-19 00:00:00,,ambiguous_stress_date_and_out_of_window_rows,Experiment start 17:13,outside_metadata_window,False
8447,2025-04-07 19:00:00,16p_8445,16p,F,stressed,WT,,2024-06-15 00:00:00,2024-06-19 00:00:00,,ambiguous_stress_date_and_out_of_window_rows,,outside_metadata_window,False
8448,2025-04-07 19:00:00,16p_8445,16p,F,stressed,TG,,2024-06-15 00:00:00,2024-06-19 00:00:00,,ambiguous_stress_date_and_out_of_window_rows,Stress time written as 19:08-19:39 without date,outside_metadata_window,False
8449,2025-04-07 19:00:00,16p_8445,16p,F,control,TG,,2024-06-15 00:00:00,2024-06-19 00:00:00,,ambiguous_stress_date_and_out_of_window_rows,,outside_metadata_window,False
8445,2025-04-08 19:00:00,16p_8445,16p,F,control,WT,,2024-06-15 00:00:00,2024-06-19 00:00:00,,ambiguous_stress_date_and_out_of_window_rows,Experiment start 17:13,outside_metadata_window,False
8447,2025-04-08 19:00:00,16p_8445,16p,F,stressed,WT,,2024-06-15 00:00:00,2024-06-19 00:00:00,,ambiguous_stress_date_and_out_of_window_rows,,outside_metadata_window,False
8448,2025-04-08 19:00:00,16p_8445,16p,F,stressed,TG,,2024-06-15 00:00:00,2024-06-19 00:00:00,,ambiguous_stress_date_and_out_of_window_rows,Stress time written as 19:08-19:39 without date,outside_metadata_window,False
8449,2025-04-08 19:00:00,16p_8445,16p,F,control,TG,,2024-06-15 00:00:00,2024-06-19 00:00:00,,ambiguous_stress_date_and_out_of_window_rows,,outside_metadata_window,False
9333,2024-09-02 19:00:00,16p_9333,16p,M,stressed,TG,,2024-09-06 00:00:00,2024-09-10 00:00:00,,ambiguous_stress_date_and_extra_early_rows,Experiment start 15:30,outside_metadata_window,False
9334,2024-09-02 19:00:00,16p_9333,16p,M,stressed,WT,,2024-09-06 00:00:00,2024-09-10 00:00:00,,ambiguous_stress_date_and_extra_early_rows,,outside_metadata_window,False
9335,2024-09-02 19:00:00,16p_9333,16p,M,control,TG,,2024-09-06 00:00:00,2024-09-10 00:00:00,,ambiguous_stress_date_and_extra_early_rows,Entrance 2024-09-07 at 17:55-18:00,outside_metadata_window,False
9336,2024-09-02 19:00:00,16p_9333,16p,M,control,WT,,2024-09-06 00:00:00,2024-09-10 00:00:00,,ambiguous_stress_date_and_extra_early_rows,Stress time written as 19:00-19:33 without date,outside_metadata_window,False
9333,2024-09-03 19:00:00,16p_9333,16p,M,stressed,TG,,2024-09-06 00:00:00,2024-09-10 00:00:00,,ambiguous_stress_date_and_extra_early_rows,Experiment start 15:30,outside_metadata_window,False
9334,2024-09-03 19:00:00,16p_9333,16p,M,stressed,WT,,2024-09-06 00:00:00,2024-09-10 00:00:00,,ambiguous_stress_date_and_extra_early_rows,,outside_metadata_window,False
9335,2024-09-03 19:00:00,16p_9333,16p,M,control,TG,,2024-09-06 00:00:00,2024-09-10 00:00:00,,ambiguous_stress_date_and_extra_early_rows,Entrance 2024-09-07 at 17:55-18:00,outside_metadata_window,False
9336,2024-09-03 19:00:00,16p_9333,16p,M,control,WT,,2024-09-06 00:00:00,2024-09-10 00:00:00,,ambiguous_stress_date_and_extra_early_rows,Stress time written as 19:00-19:33 without date,outside_metadata_window,False
9333,2024-09-06 19:00:00,16p_9333,16p,M,stressed,TG,,2024-09-06 00:00:00,2024-09-10 00:00:00,,ambiguous_stress_date_and_extra_early_rows,Experiment start 15:30,phase_ambiguous,False
9334,2024-09-06 19:00:00,16p_9333,16p,M,stressed,WT,,2024-09-06 00:00:00,2024-09-10 00:00:00,,ambiguous_stress_date_and_extra_early_rows,,phase_ambiguous,False
9335,2024-09-06 19:00:00,16p_9333,16p,M,control,TG,,2024-09-06 00:00:00,2024-09-10 00:00:00,,ambiguous_stress_date_and_extra_early_rows,Entrance 2024-09-07 at 17:55-18:00,phase_ambiguous,False
9336,2024-09-06 19:00:00,16p_9333,16p,M,control,WT,,2024-09-06 00:00:00,2024-09-10 00:00:00,,ambiguous_stress_date_and_extra_early_rows,Stress time written as 19:00-19:33 without date,phase_ambiguous,False
9333,2024-09-07 19:00:00,16p_9333,16p,M,stressed,TG,,2024-09-06 00:00:00,2024-09-10 00:00:00,,ambiguous_stress_date_and_extra_early_rows,Experiment start 15:30,phase_ambiguous,False
9334,2024-09-07 19:00:00,16p_9333,16p,M,stressed,WT,,2024-09-06 00:00:00,2024-09-10 00:00:00,,ambiguous_stress_date_and_extra_early_rows,,phase_ambiguous,False
9335,2024-09-07 19:00:00,16p_9333,16p,M,control,TG,,2024-09-06 00:00:00,2024-09-10 00:00:00,,ambiguous_stress_date_and_extra_early_rows,Entrance 2024-09-07 at 17:55-18:00,phase_ambiguous,False
9336,2024-09-07 19:00:00,16p_9333,16p,M,control,WT,,2024-09-06 00:00:00,2024-09-10 00:00:00,,ambiguous_stress_date_and_extra_early_rows,Stress time written as 19:00-19:33 without date,phase_ambiguous,False
9333,2024-09-08 19:00:00,16p_9333,16p,M,stressed,TG,,2024-09-06 00:00:00,2024-09-10 00:00:00,,ambiguous_stress_date_and_extra_early_rows,Experiment start 15:30,phase_ambiguous,False
9334,2024-09-08 19:00:00,16p_9333,16p,M,stressed,WT,,2024-09-06 00:00:00,2024-09-10 00:00:00,,ambiguous_stress_date_and_extra_early_rows,,phase_ambiguous,False
9335,2024-09-08 19:00:00,16p_9333,16p,M,control,TG,,2024-09-06 00:00:00,2024-09-10 00:00:00,,ambiguous_stress_date_and_extra_early_rows,Entrance 2024-09-07 at 17:55-18:00,phase_ambiguous,False
9336,2024-09-08 19:00:00,16p_9333,16p,M,control,WT,,2024-09-06 00:00:00,2024-09-10 00:00:00,,ambiguous_stress_date_and_extra_early_rows,Stress time written as 19:00-19:33 without date,phase_ambiguous,False
9755,2024-10-14 19:00:00,16p_9755,D raw,M,stressed,TG,16p,2024-10-14 00:00:00,2024-10-20 00:00:00,2024-10-17 19:00:00,inferred_from_baseline_database_boundary,Direct SETUP=stress in raw database; baseline database ends before night of 2024-10-17,baseline_inferred,False
9756,2024-10-14 19:00:00,16p_9755,D raw,M,control,TG,16p,2024-10-14 00:00:00,2024-10-20 00:00:00,2024-10-17 19:00:00,inferred_from_baseline_database_boundary,Direct SETUP=neutral in raw database; baseline database ends before night of 2024-10-17,baseline_inferred,False
9757,2024-10-14 19:00:00,16p_9755,D raw,M,control,WT,16p,2024-10-14 00:00:00,2024-10-20 00:00:00,2024-10-17 19:00:00,inferred_from_baseline_database_boundary,Direct SETUP=neutral in raw database; baseline database ends before night of 2024-10-17,baseline_inferred,False
9758,2024-10-14 19:00:00,16p_9755,D raw,M,stressed,WT,16p,2024-10-14 00:00:00,2024-10-20 00:00:00,2024-10-17 19:00:00,inferred_from_baseline_database_boundary,Direct SETUP=stress in raw database; baseline database ends before night of 2024-10-17,baseline_inferred,False
9755,2024-10-15 19:00:00,16p_9755,D raw,M,stressed,TG,16p,2024-10-14 00:00:00,2024-10-20 00:00:00,2024-10-17 19:00:00,inferred_from_baseline_database_boundary,Direct SETUP=stress in raw database; baseline database ends before night of 2024-10-17,baseline_inferred,False
9756,2024-10-15 19:00:00,16p_9755,D raw,M,control,TG,16p,2024-10-14 00:00:00,2024-10-20 00:00:00,2024-10-17 19:00:00,inferred_from_baseline_database_boundary,Direct SETUP=neutral in raw database; baseline database ends before night of 2024-10-17,baseline_inferred,False
9757,2024-10-15 19:00:00,16p_9755,D raw,M,control,WT,16p,2024-10-14 00:00:00,2024-10-20 00:00:00,2024-10-17 19:00:00,inferred_from_baseline_database_boundary,Direct SETUP=neutral in raw database; baseline database ends before night of 2024-10-17,baseline_inferred,False
9758,2024-10-15 19:00:00,16p_9755,D raw,M,stressed,WT,16p,2024-10-14 00:00:00,2024-10-20 00:00:00,2024-10-17 19:00:00,inferred_from_baseline_database_boundary,Direct SETUP=stress in raw database; baseline database ends before night of 2024-10-17,baseline_inferred,False
9755,2024-10-16 19:00:00,16p_9755,D raw,M,stressed,TG,16p,2024-10-14 00:00:00,2024-10-20 00:00:00,2024-10-17 19:00:00,inferred_from_baseline_database_boundary,Direct SETUP=stress in raw database; baseline database ends before night of 2024-10-17,baseline_inferred,False
9756,2024-10-16 19:00:00,16p_9755,D raw,M,control,TG,16p,2024-10-14 00:00:00,2024-10-20 00:00:00,2024-10-17 19:00:00,inferred_from_baseline_database_boundary,Direct SETUP=neutral in raw database; baseline database ends before night of 2024-10-17,baseline_inferred,False
9757,2024-10-16 19:00:00,16p_9755,D raw,M,control,WT,16p,2024-10-14 00:00:00,2024-10-20 00:00:00,2024-10-17 19:00:00,inferred_from_baseline_database_boundary,Direct SETUP=neutral in raw database; baseline database ends before night of 2024-10-17,baseline_inferred,False
9758,2024-10-16 19:00:00,16p_9755,D raw,M,stressed,WT,16p,2024-10-14 00:00:00,2024-10-20 00:00:00,2024-10-17 19:00:00,inferred_from_baseline_database_boundary,Direct SETUP=stress in raw database; baseline database ends before night of 2024-10-17,baseline_inferred,False
9755,2024-10-17 19:00:00,16p_9755,D raw,M,stressed,TG,16p,2024-10-14 00:00:00,2024-10-20 00:00:00,2024-10-17 19:00:00,inferred_from_baseline_database_boundary,Direct SETUP=stress in raw database; baseline database ends before night of 2024-10-17,post_stress_inferred,False
9756,2024-10-17 19:00:00,16p_9755,D raw,M,control,TG,16p,2024-10-14 00:00:00,2024-10-20 00:00:00,2024-10-17 19:00:00,inferred_from_baseline_database_boundary,Direct SETUP=neutral in raw database; baseline database ends before night of 2024-10-17,post_stress_inferred,False
9757,2024-10-17 19:00:00,16p_9755,D raw,M,control,WT,16p,2024-10-14 00:00:00,2024-10-20 00:00:00,2024-10-17 19:00:00,inferred_from_baseline_database_boundary,Direct SETUP=neutral in raw database; baseline database ends before night of 2024-10-17,post_stress_inferred,False
9758,2024-10-17 19:00:00,16p_9755,D raw,M,stressed,WT,16p,2024-10-14 00:00:00,2024-10-20 00:00:00,2024-10-17 19:00:00,inferred_from_baseline_database_boundary,Direct SETUP=stress in raw database; baseline database ends before night of 2024-10-17,post_stress_inferred,False
9755,2024-10-18 19:00:00,16p_9755,D raw,M,stressed,TG,16p,2024-10-14 00:00:00,2024-10-20 00:00:00,2024-10-17 19:00:00,inferred_from_baseline_database_boundary,Direct SETUP=stress in raw database; baseline database ends before night of 2024-10-17,post_stress_inferred,False
9756,2024-10-18 19:00:00,16p_9755,D raw,M,control,TG,16p,2024-10-14 00:00:00,2024-10-20 00:00:00,2024-10-17 19:00:00,inferred_from_baseline_database_boundary,Direct SETUP=neutral in raw database; baseline database ends before night of 2024-10-17,post_stress_inferred,False
9757,2024-10-18 19:00:00,16p_9755,D raw,M,control,WT,16p,2024-10-14 00:00:00,2024-10-20 00:00:00,2024-10-17 19:00:00,inferred_from_baseline_database_boundary,Direct SETUP=neutral in raw database; baseline database ends before night of 2024-10-17,post_stress_inferred,False
9758,2024-10-18 19:00:00,16p_9755,D raw,M,stressed,WT,16p,2024-10-14 00:00:00,2024-10-20 00:00:00,2024-10-17 19:00:00,inferred_from_baseline_database_boundary,Direct SETUP=stress in raw database; baseline database ends before night of 2024-10-17,post_stress_inferred,False
9755,2024-10-19 19:00:00,16p_9755,D raw,M,stressed,TG,16p,2024-10-14 00:00:00,2024-10-20 00:00:00,2024-10-17 19:00:00,inferred_from_baseline_database_boundary,Direct SETUP=stress in raw database; baseline database ends before night of 2024-10-17,post_stress_inferred,False
9756,2024-10-19 19:00:00,16p_9755,D raw,M,control,TG,16p,2024-10-14 00:00:00,2024-10-20 00:00:00,2024-10-17 19:00:00,inferred_from_baseline_database_boundary,Direct SETUP=neutral in raw database; baseline database ends before night of 2024-10-17,post_stress_inferred,False
9757,2024-10-19 19:00:00,16p_9755,D raw,M,control,WT,16p,2024-10-14 00:00:00,2024-10-20 00:00:00,2024-10-17 19:00:00,inferred_from_baseline_database_boundary,Direct SETUP=neutral in raw database; baseline database ends before night of 2024-10-17,post_stress_inferred,False
9758,2024-10-19 19:00:00,16p_9755,D raw,M,stressed,WT,16p,2024-10-14 00:00:00,2024-10-20 00:00:00,2024-10-17 19:00:00,inferred_from_baseline_database_boundary,Direct SETUP=stress in raw database; baseline database ends before night of 2024-10-17,post_stress_inferred,False
9755,2024-10-20 19:00:00,16p_9755,D raw,M,stressed,TG,16p,2024-10-14 00:00:00,2024-10-20 00:00:00,2024-10-17 19:00:00,inferred_from_baseline_database_boundary,Direct SETUP=stress in raw database; baseline database ends before night of 2024-10-17,post_stress_inferred,False
9756,2024-10-20 19:00:00,16p_9755,D raw,M,control,TG,16p,2024-10-14 00:00:00,2024-10-20 00:00:00,2024-10-17 19:00:00,inferred_from_baseline_database_boundary,Direct SETUP=neutral in raw database; baseline database ends before night of 2024-10-17,post_stress_inferred,False
9757,2024-10-20 19:00:00,16p_9755,D raw,M,control,WT,16p,2024-10-14 00:00:00,2024-10-20 00:00:00,2024-10-17 19:00:00,inferred_from_baseline_database_boundary,Direct SETUP=neutral in raw database; baseline database ends before night of 2024-10-17,post_stress_inferred,False
9758,2024-10-20 19:00:00,16p_9755,D raw,M,stressed,WT,16p,2024-10-14 00:00:00,2024-10-20 00:00:00,2024-10-17 19:00:00,inferred_from_baseline_database_boundary,Direct SETUP=stress in raw database; baseline database ends before night of 2024-10-17,post_stress_inferred,False
8226,2024-06-03 19:00:00,CDdel_8226,CD del,F,control,TG,,2024-06-03 00:00:00,2024-06-07 00:00:00,2024-06-06 18:58:00,explicit_stress_date_but_no_post_rows,Experiment start 17:40,phase_ambiguous,False
8227,2024-06-03 19:00:00,CDdel_8226,CD del,F,stressed,TG,,2024-06-03 00:00:00,2024-06-07 00:00:00,2024-06-06 18:58:00,explicit_stress_date_but_no_post_rows,,phase_ambiguous,False
8228,2024-06-03 19:00:00,CDdel_8226,CD del,F,stressed,WT,,2024-06-03 00:00:00,2024-06-07 00:00:00,2024-06-06 18:58:00,explicit_stress_date_but_no_post_rows,Room temperature 27 C,phase_ambiguous,False
8229,2024-06-03 19:00:00,CDdel_8226,CD del,F,control,WT,,2024-06-03 00:00:00,2024-06-07 00:00:00,2024-06-06 18:58:00,explicit_stress_date_but_no_post_rows,,phase_ambiguous,False
8226,2024-06-04 19:00:00,CDdel_8226,CD del,F,control,TG,,2024-06-03 00:00:00,2024-06-07 00:00:00,2024-06-06 18:58:00,explicit_stress_date_but_no_post_rows,Experiment start 17:40,phase_ambiguous,False
8227,2024-06-04 19:00:00,CDdel_8226,CD del,F,stressed,TG,,2024-06-03 00:00:00,2024-06-07 00:00:00,2024-06-06 18:58:00,explicit_stress_date_but_no_post_rows,,phase_ambiguous,False
8228,2024-06-04 19:00:00,CDdel_8226,CD del,F,stressed,WT,,2024-06-03 00:00:00,2024-06-07 00:00:00,2024-06-06 18:58:00,explicit_stress_date_but_no_post_rows,Room temperature 27 C,phase_ambiguous,False
8229,2024-06-04 19:00:00,CDdel_8226,CD del,F,control,WT,,2024-06-03 00:00:00,2024-06-07 00:00:00,2024-06-06 18:58:00,explicit_stress_date_but_no_post_rows,,phase_ambiguous,False
10276,2025-02-21 19:00:00,cddel_feb21_2025,D raw,F,unknown,CD-del,,2025-02-21 00:00:00,2025-02-28 00:00:00,2025-02-25 00:00:00,probable_project_phase_known_treatment_unknown,Probable CD-del project based on exact dates and lower raw/CSV event volume,baseline_treatment_unknown,False
10277,2025-02-21 19:00:00,cddel_feb21_2025,D raw,F,unknown,CD-del,,2025-02-21 00:00:00,2025-02-28 00:00:00,2025-02-25 00:00:00,probable_project_phase_known_treatment_unknown,Probable CD-del project based on exact dates and lower raw/CSV event volume,baseline_treatment_unknown,False
10278,2025-02-21 19:00:00,cddel_feb21_2025,D raw,F,unknown,CD-del,,2025-02-21 00:00:00,2025-02-28 00:00:00,2025-02-25 00:00:00,probable_project_phase_known_treatment_unknown,Probable CD-del project based on exact dates and lower raw/CSV event volume,baseline_treatment_unknown,False
10279,2025-02-21 19:00:00,cddel_feb21_2025,D raw,F,unknown,CD-del,,2025-02-21 00:00:00,2025-02-28 00:00:00,2025-02-25 00:00:00,probable_project_phase_known_treatment_unknown,Probable CD-del project based on exact dates and lower raw/CSV event volume,baseline_treatment_unknown,False
10276,2025-02-22 19:00:00,cddel_feb21_2025,D raw,F,unknown,CD-del,,2025-02-21 00:00:00,2025-02-28 00:00:00,2025-02-25 00:00:00,probable_project_phase_known_treatment_unknown,Probable CD-del project based on exact dates and lower raw/CSV event volume,baseline_treatment_unknown,False
10277,2025-02-22 19:00:00,cddel_feb21_2025,D raw,F,unknown,CD-del,,2025-02-21 00:00:00,2025-02-28 00:00:00,2025-02-25 00:00:00,probable_project_phase_known_treatment_unknown,Probable CD-del project based on exact dates and lower raw/CSV event volume,baseline_treatment_unknown,False
10278,2025-02-22 19:00:00,cddel_feb21_2025,D raw,F,unknown,CD-del,,2025-02-21 00:00:00,2025-02-28 00:00:00,2025-02-25 00:00:00,probable_project_phase_known_treatment_unknown,Probable CD-del project based on exact dates and lower raw/CSV event volume,baseline_treatment_unknown,False
10279,2025-02-22 19:00:00,cddel_feb21_2025,D raw,F,unknown,CD-del,,2025-02-21 00:00:00,2025-02-28 00:00:00,2025-02-25 00:00:00,probable_project_phase_known_treatment_unknown,Probable CD-del project based on exact dates and lower raw/CSV event volume,baseline_treatment_unknown,False
10276,2025-02-23 19:00:00,cddel_feb21_2025,D raw,F,unknown,CD-del,,2025-02-21 00:00:00,2025-02-28 00:00:00,2025-02-25 00:00:00,probable_project_phase_known_treatment_unknown,Probable CD-del project based on exact dates and lower raw/CSV event volume,baseline_treatment_unknown,False
10277,2025-02-23 19:00:00,cddel_feb21_2025,D raw,F,unknown,CD-del,,2025-02-21 00:00:00,2025-02-28 00:00:00,2025-02-25 00:00:00,probable_project_phase_known_treatment_unknown,Probable CD-del project based on exact dates and lower raw/CSV event volume,baseline_treatment_unknown,False
10278,2025-02-23 19:00:00,cddel_feb21_2025,D raw,F,unknown,CD-del,,2025-02-21 00:00:00,2025-02-28 00:00:00,2025-02-25 00:00:00,probable_project_phase_known_treatment_unknown,Probable CD-del project based on exact dates and lower raw/CSV event volume,baseline_treatment_unknown,False
10279,2025-02-23 19:00:00,cddel_feb21_2025,D raw,F,unknown,CD-del,,2025-02-21 00:00:00,2025-02-28 00:00:00,2025-02-25 00:00:00,probable_project_phase_known_treatment_unknown,Probable CD-del project based on exact dates and lower raw/CSV event volume,baseline_treatment_unknown,False
10276,2025-02-24 19:00:00,cddel_feb21_2025,D raw,F,unknown,CD-del,,2025-02-21 00:00:00,2025-02-28 00:00:00,2025-02-25 00:00:00,probable_project_phase_known_treatment_unknown,Probable CD-del project based on exact dates and lower raw/CSV event volume,baseline_treatment_unknown,False
10277,2025-02-24 19:00:00,cddel_feb21_2025,D raw,F,unknown,CD-del,,2025-02-21 00:00:00,2025-02-28 00:00:00,2025-02-25 00:00:00,probable_project_phase_known_treatment_unknown,Probable CD-del project based on exact dates and lower raw/CSV event volume,baseline_treatment_unknown,False
10278,2025-02-24 19:00:00,cddel_feb21_2025,D raw,F,unknown,CD-del,,2025-02-21 00:00:00,2025-02-28 00:00:00,2025-02-25 00:00:00,probable_project_phase_known_treatment_unknown,Probable CD-del project based on exact dates and lower raw/CSV event volume,baseline_treatment_unknown,False
10279,2025-02-24 19:00:00,cddel_feb21_2025,D raw,F,unknown,CD-del,,2025-02-21 00:00:00,2025-02-28 00:00:00,2025-02-25 00:00:00,probable_project_phase_known_treatment_unknown,Probable CD-del project based on exact dates and lower raw/CSV event volume,baseline_treatment_unknown,False
10276,2025-02-25 19:00:00,cddel_feb21_2025,D raw,F,unknown,CD-del,,2025-02-21 00:00:00,2025-02-28 00:00:00,2025-02-25 00:00:00,probable_project_phase_known_treatment_unknown,Probable CD-del project based on exact dates and lower raw/CSV event volume,post_stress_treatment_unknown,False
10277,2025-02-25 19:00:00,cddel_feb21_2025,D raw,F,unknown,CD-del,,2025-02-21 00:00:00,2025-02-28 00:00:00,2025-02-25 00:00:00,probable_project_phase_known_treatment_unknown,Probable CD-del project based on exact dates and lower raw/CSV event volume,post_stress_treatment_unknown,False
10278,2025-02-25 19:00:00,cddel_feb21_2025,D raw,F,unknown,CD-del,,2025-02-21 00:00:00,2025-02-28 00:00:00,2025-02-25 00:00:00,probable_project_phase_known_treatment_unknown,Probable CD-del project based on exact dates and lower raw/CSV event volume,post_stress_treatment_unknown,False
10279,2025-02-25 19:00:00,cddel_feb21_2025,D raw,F,unknown,CD-del,,2025-02-21 00:00:00,2025-02-28 00:00:00,2025-02-25 00:00:00,probable_project_phase_known_treatment_unknown,Probable CD-del project based on exact dates and lower raw/CSV event volume,post_stress_treatment_unknown,False
10276,2025-02-26 19:00:00,cddel_feb21_2025,D raw,F,unknown,CD-del,,2025-02-21 00:00:00,2025-02-28 00:00:00,2025-02-25 00:00:00,probable_project_phase_known_treatment_unknown,Probable CD-del project based on exact dates and lower raw/CSV event volume,post_stress_treatment_unknown,False
10277,2025-02-26 19:00:00,cddel_feb21_2025,D raw,F,unknown,CD-del,,2025-02-21 00:00:00,2025-02-28 00:00:00,2025-02-25 00:00:00,probable_project_phase_known_treatment_unknown,Probable CD-del project based on exact dates and lower raw/CSV event volume,post_stress_treatment_unknown,False
10278,2025-02-26 19:00:00,cddel_feb21_2025,D raw,F,unknown,CD-del,,2025-02-21 00:00:00,2025-02-28 00:00:00,2025-02-25 00:00:00,probable_project_phase_known_treatment_unknown,Probable CD-del project based on exact dates and lower raw/CSV event volume,post_stress_treatment_unknown,False
10279,2025-02-26 19:00:00,cddel_feb21_2025,D raw,F,unknown,CD-del,,2025-02-21 00:00:00,2025-02-28 00:00:00,2025-02-25 00:00:00,probable_project_phase_known_treatment_unknown,Probable CD-del project based on exact dates and lower raw/CSV event volume,post_stress_treatment_unknown,False
10276,2025-02-27 19:00:00,cddel_feb21_2025,D raw,F,unknown,CD-del,,2025-02-21 00:00:00,2025-02-28 00:00:00,2025-02-25 00:00:00,probable_project_phase_known_treatment_unknown,Probable CD-del project based on exact dates and lower raw/CSV event volume,post_stress_treatment_unknown,False
10277,2025-02-27 19:00:00,cddel_feb21_2025,D raw,F,unknown,CD-del,,2025-02-21 00:00:00,2025-02-28 00:00:00,2025-02-25 00:00:00,probable_project_phase_known_treatment_unknown,Probable CD-del project based on exact dates and lower raw/CSV event volume,post_stress_treatment_unknown,False
10278,2025-02-27 19:00:00,cddel_feb21_2025,D raw,F,unknown,CD-del,,2025-02-21 00:00:00,2025-02-28 00:00:00,2025-02-25 00:00:00,probable_project_phase_known_treatment_unknown,Probable CD-del project based on exact dates and lower raw/CSV event volume,post_stress_treatment_unknown,False
10279,2025-02-27 19:00:00,cddel_feb21_2025,D raw,F,unknown,CD-del,,2025-02-21 00:00:00,2025-02-28 00:00:00,2025-02-25 00:00:00,probable_project_phase_known_treatment_unknown,Probable CD-del project based on exact dates and lower raw/CSV event volume,post_stress_treatment_unknown,False
10276,2025-02-28 19:00:00,cddel_feb21_2025,D raw,F,unknown,CD-del,,2025-02-21 00:00:00,2025-02-28 00:00:00,2025-02-25 00:00:00,probable_project_phase_known_treatment_unknown,Probable CD-del project based on exact dates and lower raw/CSV event volume,post_stress_treatment_unknown,False
10277,2025-02-28 19:00:00,cddel_feb21_2025,D raw,F,unknown,CD-del,,2025-02-21 00:00:00,2025-02-28 00:00:00,2025-02-25 00:00:00,probable_project_phase_known_treatment_unknown,Probable CD-del project based on exact dates and lower raw/CSV event volume,post_stress_treatment_unknown,False
10278,2025-02-28 19:00:00,cddel_feb21_2025,D raw,F,unknown,CD-del,,2025-02-21 00:00:00,2025-02-28 00:00:00,2025-02-25 00:00:00,probable_project_phase_known_treatment_unknown,Probable CD-del project based on exact dates and lower raw/CSV event volume,post_stress_treatment_unknown,False
10279,2025-02-28 19:00:00,cddel_feb21_2025,D raw,F,unknown,CD-del,,2025-02-21 00:00:00,2025-02-28 00:00:00,2025-02-25 00:00:00,probable_project_phase_known_treatment_unknown,Probable CD-del project based on exact dates and lower raw/CSV event volume,post_stress_treatment_unknown,False
9909,2023-11-01 19:00:00,crh_9909,D raw,F,control,WT,crh,2024-10-28 00:00:00,2024-10-31 00:00:00,,treatment_known_phase_not_observed,Direct SETUP=neutral in raw database; 2023 CSV rows are a separate unmatched session,outside_metadata_window,False
9910,2023-11-01 19:00:00,crh_9909,D raw,F,stressed,WT,crh,2024-10-28 00:00:00,2024-10-31 00:00:00,,treatment_known_phase_not_observed,Direct SETUP=stress in raw database; 2023 CSV rows are a separate unmatched session,outside_metadata_window,False
9911,2023-11-01 19:00:00,crh_9909,D raw,F,stressed,WT,crh,2024-10-28 00:00:00,2024-10-31 00:00:00,,treatment_known_phase_not_observed,Direct SETUP=stress in raw database; 2023 CSV rows are a separate unmatched session,outside_metadata_window,False
9912,2023-11-01 19:00:00,crh_9909,D raw,F,control,WT,crh,2024-10-28 00:00:00,2024-10-31 00:00:00,,treatment_known_phase_not_observed,Direct SETUP=neutral in raw database; 2023 CSV rows are a separate unmatched session,outside_metadata_window,False
9909,2023-11-02 19:00:00,crh_9909,D raw,F,control,WT,crh,2024-10-28 00:00:00,2024-10-31 00:00:00,,treatment_known_phase_not_observed,Direct SETUP=neutral in raw database; 2023 CSV rows are a separate unmatched session,outside_metadata_window,False
9910,2023-11-02 19:00:00,crh_9909,D raw,F,stressed,WT,crh,2024-10-28 00:00:00,2024-10-31 00:00:00,,treatment_known_phase_not_observed,Direct SETUP=stress in raw database; 2023 CSV rows are a separate unmatched session,outside_metadata_window,False
9911,2023-11-02 19:00:00,crh_9909,D raw,F,stressed,WT,crh,2024-10-28 00:00:00,2024-10-31 00:00:00,,treatment_known_phase_not_observed,Direct SETUP=stress in raw database; 2023 CSV rows are a separate unmatched session,outside_metadata_window,False
9912,2023-11-02 19:00:00,crh_9909,D raw,F,control,WT,crh,2024-10-28 00:00:00,2024-10-31 00:00:00,,treatment_known_phase_not_observed,Direct SETUP=neutral in raw database; 2023 CSV rows are a separate unmatched session,outside_metadata_window,False
9909,2023-11-03 19:00:00,crh_9909,D raw,F,control,WT,crh,2024-10-28 00:00:00,2024-10-31 00:00:00,,treatment_known_phase_not_observed,Direct SETUP=neutral in raw database; 2023 CSV rows are a separate unmatched session,outside_metadata_window,False
9910,2023-11-03 19:00:00,crh_9909,D raw,F,stressed,WT,crh,2024-10-28 00:00:00,2024-10-31 00:00:00,,treatment_known_phase_not_observed,Direct SETUP=stress in raw database; 2023 CSV rows are a separate unmatched session,outside_metadata_window,False
9911,2023-11-03 19:00:00,crh_9909,D raw,F,stressed,WT,crh,2024-10-28 00:00:00,2024-10-31 00:00:00,,treatment_known_phase_not_observed,Direct SETUP=stress in raw database; 2023 CSV rows are a separate unmatched session,outside_metadata_window,False
9912,2023-11-03 19:00:00,crh_9909,D raw,F,control,WT,crh,2024-10-28 00:00:00,2024-10-31 00:00:00,,treatment_known_phase_not_observed,Direct SETUP=neutral in raw database; 2023 CSV rows are a separate unmatched session,outside_metadata_window,False
9909,2024-10-28 19:00:00,crh_9909,D raw,F,control,WT,crh,2024-10-28 00:00:00,2024-10-31 00:00:00,,treatment_known_phase_not_observed,Direct SETUP=neutral in raw database; 2023 CSV rows are a separate unmatched session,phase_ambiguous,False
9910,2024-10-28 19:00:00,crh_9909,D raw,F,stressed,WT,crh,2024-10-28 00:00:00,2024-10-31 00:00:00,,treatment_known_phase_not_observed,Direct SETUP=stress in raw database; 2023 CSV rows are a separate unmatched session,phase_ambiguous,False
9911,2024-10-28 19:00:00,crh_9909,D raw,F,stressed,WT,crh,2024-10-28 00:00:00,2024-10-31 00:00:00,,treatment_known_phase_not_observed,Direct SETUP=stress in raw database; 2023 CSV rows are a separate unmatched session,phase_ambiguous,False
9912,2024-10-28 19:00:00,crh_9909,D raw,F,control,WT,crh,2024-10-28 00:00:00,2024-10-31 00:00:00,,treatment_known_phase_not_observed,Direct SETUP=neutral in raw database; 2023 CSV rows are a separate unmatched session,phase_ambiguous,False
9909,2024-10-29 19:00:00,crh_9909,D raw,F,control,WT,crh,2024-10-28 00:00:00,2024-10-31 00:00:00,,treatment_known_phase_not_observed,Direct SETUP=neutral in raw database; 2023 CSV rows are a separate unmatched session,phase_ambiguous,False
9910,2024-10-29 19:00:00,crh_9909,D raw,F,stressed,WT,crh,2024-10-28 00:00:00,2024-10-31 00:00:00,,treatment_known_phase_not_observed,Direct SETUP=stress in raw database; 2023 CSV rows are a separate unmatched session,phase_ambiguous,False
9911,2024-10-29 19:00:00,crh_9909,D raw,F,stressed,WT,crh,2024-10-28 00:00:00,2024-10-31 00:00:00,,treatment_known_phase_not_observed,Direct SETUP=stress in raw database; 2023 CSV rows are a separate unmatched session,phase_ambiguous,False
9912,2024-10-29 19:00:00,crh_9909,D raw,F,control,WT,crh,2024-10-28 00:00:00,2024-10-31 00:00:00,,treatment_known_phase_not_observed,Direct SETUP=neutral in raw database; 2023 CSV rows are a separate unmatched session,phase_ambiguous,False
9909,2024-10-30 19:00:00,crh_9909,D raw,F,control,WT,crh,2024-10-28 00:00:00,2024-10-31 00:00:00,,treatment_known_phase_not_observed,Direct SETUP=neutral in raw database; 2023 CSV rows are a separate unmatched session,phase_ambiguous,False
9910,2024-10-30 19:00:00,crh_9909,D raw,F,stressed,WT,crh,2024-10-28 00:00:00,2024-10-31 00:00:00,,treatment_known_phase_not_observed,Direct SETUP=stress in raw database; 2023 CSV rows are a separate unmatched session,phase_ambiguous,False
9911,2024-10-30 19:00:00,crh_9909,D raw,F,stressed,WT,crh,2024-10-28 00:00:00,2024-10-31 00:00:00,,treatment_known_phase_not_observed,Direct SETUP=stress in raw database; 2023 CSV rows are a separate unmatched session,phase_ambiguous,False
9912,2024-10-30 19:00:00,crh_9909,D raw,F,control,WT,crh,2024-10-28 00:00:00,2024-10-31 00:00:00,,treatment_known_phase_not_observed,Direct SETUP=neutral in raw database; 2023 CSV rows are a separate unmatched session,phase_ambiguous,False
9909,2024-10-31 19:00:00,crh_9909,D raw,F,control,WT,crh,2024-10-28 00:00:00,2024-10-31 00:00:00,,treatment_known_phase_not_observed,Direct SETUP=neutral in raw database; 2023 CSV rows are a separate unmatched session,phase_ambiguous,False
9910,2024-10-31 19:00:00,crh_9909,D raw,F,stressed,WT,crh,2024-10-28 00:00:00,2024-10-31 00:00:00,,treatment_known_phase_not_observed,Direct SETUP=stress in raw database; 2023 CSV rows are a separate unmatched session,phase_ambiguous,False
9911,2024-10-31 19:00:00,crh_9909,D raw,F,stressed,WT,crh,2024-10-28 00:00:00,2024-10-31 00:00:00,,treatment_known_phase_not_observed,Direct SETUP=stress in raw database; 2023 CSV rows are a separate unmatched session,phase_ambiguous,False
9912,2024-10-31 19:00:00,crh_9909,D raw,F,control,WT,crh,2024-10-28 00:00:00,2024-10-31 00:00:00,,treatment_known_phase_not_observed,Direct SETUP=neutral in raw database; 2023 CSV rows are a separate unmatched session,phase_ambiguous,False
8718,2024-05-14 19:00:00,wt_8718,wt,F,stressed,WT,16p,2024-05-14 00:00:00,2024-05-18 00:00:00,2024-05-17 19:00:00,explicit_and_usable,Experiment start 16:20,baseline,True
8719,2024-05-14 19:00:00,wt_8718,wt,F,control,WT,16p,2024-05-14 00:00:00,2024-05-18 00:00:00,2024-05-17 19:00:00,explicit_and_usable,,baseline,True
8720,2024-05-14 19:00:00,wt_8718,wt,F,control,WT,16p,2024-05-14 00:00:00,2024-05-18 00:00:00,2024-05-17 19:00:00,explicit_and_usable,Food check 2024-05-15 at 14:00,baseline,True
8722,2024-05-14 19:00:00,wt_8718,wt,F,stressed,WT,16p,2024-05-14 00:00:00,2024-05-18 00:00:00,2024-05-17 19:00:00,explicit_and_usable,,baseline,True
8718,2024-05-15 19:00:00,wt_8718,wt,F,stressed,WT,16p,2024-05-14 00:00:00,2024-05-18 00:00:00,2024-05-17 19:00:00,explicit_and_usable,Experiment start 16:20,baseline,True
8719,2024-05-15 19:00:00,wt_8718,wt,F,control,WT,16p,2024-05-14 00:00:00,2024-05-18 00:00:00,2024-05-17 19:00:00,explicit_and_usable,,baseline,True
8720,2024-05-15 19:00:00,wt_8718,wt,F,control,WT,16p,2024-05-14 00:00:00,2024-05-18 00:00:00,2024-05-17 19:00:00,explicit_and_usable,Food check 2024-05-15 at 14:00,baseline,True
8722,2024-05-15 19:00:00,wt_8718,wt,F,stressed,WT,16p,2024-05-14 00:00:00,2024-05-18 00:00:00,2024-05-17 19:00:00,explicit_and_usable,,baseline,True
8718,2024-05-16 19:00:00,wt_8718,wt,F,stressed,WT,16p,2024-05-14 00:00:00,2024-05-18 00:00:00,2024-05-17 19:00:00,explicit_and_usable,Experiment start 16:20,baseline,True
8719,2024-05-16 19:00:00,wt_8718,wt,F,control,WT,16p,2024-05-14 00:00:00,2024-05-18 00:00:00,2024-05-17 19:00:00,explicit_and_usable,,baseline,True
8720,2024-05-16 19:00:00,wt_8718,wt,F,control,WT,16p,2024-05-14 00:00:00,2024-05-18 00:00:00,2024-05-17 19:00:00,explicit_and_usable,Food check 2024-05-15 at 14:00,baseline,True
8722,2024-05-16 19:00:00,wt_8718,wt,F,stressed,WT,16p,2024-05-14 00:00:00,2024-05-18 00:00:00,2024-05-17 19:00:00,explicit_and_usable,,baseline,True
8718,2024-05-17 19:00:00,wt_8718,wt,F,stressed,WT,16p,2024-05-14 00:00:00,2024-05-18 00:00:00,2024-05-17 19:00:00,explicit_and_usable,Experiment start 16:20,post_stress,True
8719,2024-05-17 19:00:00,wt_8718,wt,F,control,WT,16p,2024-05-14 00:00:00,2024-05-18 00:00:00,2024-05-17 19:00:00,explicit_and_usable,,post_stress,True
8720,2024-05-17 19:00:00,wt_8718,wt,F,control,WT,16p,2024-05-14 00:00:00,2024-05-18 00:00:00,2024-05-17 19:00:00,explicit_and_usable,Food check 2024-05-15 at 14:00,post_stress,True
8722,2024-05-17 19:00:00,wt_8718,wt,F,stressed,WT,16p,2024-05-14 00:00:00,2024-05-18 00:00:00,2024-05-17 19:00:00,explicit_and_usable,,post_stress,True
8718,2024-05-18 19:00:00,wt_8718,wt,F,stressed,WT,16p,2024-05-14 00:00:00,2024-05-18 00:00:00,2024-05-17 19:00:00,explicit_and_usable,Experiment start 16:20,post_stress,True
8719,2024-05-18 19:00:00,wt_8718,wt,F,control,WT,16p,2024-05-14 00:00:00,2024-05-18 00:00:00,2024-05-17 19:00:00,explicit_and_usable,,post_stress,True
8720,2024-05-18 19:00:00,wt_8718,wt,F,control,WT,16p,2024-05-14 00:00:00,2024-05-18 00:00:00,2024-05-17 19:00:00,explicit_and_usable,Food check 2024-05-15 at 14:00,post_stress,True
8722,2024-05-18 19:00:00,wt_8718,wt,F,stressed,WT,16p,2024-05-14 00:00:00,2024-05-18 00:00:00,2024-05-17 19:00:00,explicit_and_usable,,post_stress,True
8718,2024-05-19 19:00:00,wt_8718,wt,F,stressed,WT,16p,2024-05-14 00:00:00,2024-05-18 00:00:00,2024-05-17 19:00:00,explicit_and_usable,Experiment start 16:20,outside_metadata_window,False
8719,2024-05-19 19:00:00,wt_8718,wt,F,control,WT,16p,2024-05-14 00:00:00,2024-05-18 00:00:00,2024-05-17 19:00:00,explicit_and_usable,,outside_metadata_window,False
8720,2024-05-19 19:00:00,wt_8718,wt,F,control,WT,16p,2024-05-14 00:00:00,2024-05-18 00:00:00,2024-05-17 19:00:00,explicit_and_usable,Food check 2024-05-15 at 14:00,outside_metadata_window,False
8722,2024-05-19 19:00:00,wt_8718,wt,F,stressed,WT,16p,2024-05-14 00:00:00,2024-05-18 00:00:00,2024-05-17 19:00:00,explicit_and_usable,,outside_metadata_window,False
9314,2024-09-13 19:00:00,wt_9314,wt,M,stressed,WT,Sa-Cre,2024-09-13 00:00:00,2024-09-17 00:00:00,2024-09-16 18:50:00,explicit_and_usable,CSV/raw ID 9314 carries RFID 001040990567 assigned to stressed metadata mouse 9317; IDs 9314 and 9317 are swapped relative to recap,baseline,True
9315,2024-09-13 19:00:00,wt_9314,wt,M,control,WT,Sa-Cre,2024-09-13 00:00:00,2024-09-17 00:00:00,2024-09-16 18:50:00,explicit_and_usable,No subcutaneous chip,baseline,True
9316,2024-09-13 19:00:00,wt_9314,wt,M,stressed,WT,Sa-Cre,2024-09-13 00:00:00,2024-09-17 00:00:00,2024-09-16 18:50:00,explicit_and_usable,No subcutaneous chip,baseline,True
9317,2024-09-13 19:00:00,wt_9314,wt,M,control,WT,Sa-Cre,2024-09-13 00:00:00,2024-09-17 00:00:00,2024-09-16 18:50:00,explicit_and_usable,CSV/raw ID 9317 carries RFID 001040992979 assigned to control metadata mouse 9314; IDs 9314 and 9317 are swapped relative to recap,baseline,True
9314,2024-09-14 19:00:00,wt_9314,wt,M,stressed,WT,Sa-Cre,2024-09-13 00:00:00,2024-09-17 00:00:00,2024-09-16 18:50:00,explicit_and_usable,CSV/raw ID 9314 carries RFID 001040990567 assigned to stressed metadata mouse 9317; IDs 9314 and 9317 are swapped relative to recap,baseline,True
9315,2024-09-14 19:00:00,wt_9314,wt,M,control,WT,Sa-Cre,2024-09-13 00:00:00,2024-09-17 00:00:00,2024-09-16 18:50:00,explicit_and_usable,No subcutaneous chip,baseline,True
9316,2024-09-14 19:00:00,wt_9314,wt,M,stressed,WT,Sa-Cre,2024-09-13 00:00:00,2024-09-17 00:00:00,2024-09-16 18:50:00,explicit_and_usable,No subcutaneous chip,baseline,True
9317,2024-09-14 19:00:00,wt_9314,wt,M,control,WT,Sa-Cre,2024-09-13 00:00:00,2024-09-17 00:00:00,2024-09-16 18:50:00,explicit_and_usable,CSV/raw ID 9317 carries RFID 001040992979 assigned to control metadata mouse 9314; IDs 9314 and 9317 are swapped relative to recap,baseline,True
9314,2024-09-15 19:00:00,wt_9314,wt,M,stressed,WT,Sa-Cre,2024-09-13 00:00:00,2024-09-17 00:00:00,2024-09-16 18:50:00,explicit_and_usable,CSV/raw ID 9314 carries RFID 001040990567 assigned to stressed metadata mouse 9317; IDs 9314 and 9317 are swapped relative to recap,baseline,True
9315,2024-09-15 19:00:00,wt_9314,wt,M,control,WT,Sa-Cre,2024-09-13 00:00:00,2024-09-17 00:00:00,2024-09-16 18:50:00,explicit_and_usable,No subcutaneous chip,baseline,True
9316,2024-09-15 19:00:00,wt_9314,wt,M,stressed,WT,Sa-Cre,2024-09-13 00:00:00,2024-09-17 00:00:00,2024-09-16 18:50:00,explicit_and_usable,No subcutaneous chip,baseline,True
9317,2024-09-15 19:00:00,wt_9314,wt,M,control,WT,Sa-Cre,2024-09-13 00:00:00,2024-09-17 00:00:00,2024-09-16 18:50:00,explicit_and_usable,CSV/raw ID 9317 carries RFID 001040992979 assigned to control metadata mouse 9314; IDs 9314 and 9317 are swapped relative to recap,baseline,True
9314,2024-09-16 19:00:00,wt_9314,wt,M,stressed,WT,Sa-Cre,2024-09-13 00:00:00,2024-09-17 00:00:00,2024-09-16 18:50:00,explicit_and_usable,CSV/raw ID 9314 carries RFID 001040990567 assigned to stressed metadata mouse 9317; IDs 9314 and 9317 are swapped relative to recap,post_stress,True
9315,2024-09-16 19:00:00,wt_9314,wt,M,control,WT,Sa-Cre,2024-09-13 00:00:00,2024-09-17 00:00:00,2024-09-16 18:50:00,explicit_and_usable,No subcutaneous chip,post_stress,True
9316,2024-09-16 19:00:00,wt_9314,wt,M,stressed,WT,Sa-Cre,2024-09-13 00:00:00,2024-09-17 00:00:00,2024-09-16 18:50:00,explicit_and_usable,No subcutaneous chip,post_stress,True
9317,2024-09-16 19:00:00,wt_9314,wt,M,control,WT,Sa-Cre,2024-09-13 00:00:00,2024-09-17 00:00:00,2024-09-16 18:50:00,explicit_and_usable,CSV/raw ID 9317 carries RFID 001040992979 assigned to control metadata mouse 9314; IDs 9314 and 9317 are swapped relative to recap,post_stress,True
9314,2024-09-17 19:00:00,wt_9314,wt,M,stressed,WT,Sa-Cre,2024-09-13 00:00:00,2024-09-17 00:00:00,2024-09-16 18:50:00,explicit_and_usable,CSV/raw ID 9314 carries RFID 001040990567 assigned to stressed metadata mouse 9317; IDs 9314 and 9317 are swapped relative to recap,post_stress,True
9315,2024-09-17 19:00:00,wt_9314,wt,M,control,WT,Sa-Cre,2024-09-13 00:00:00,2024-09-17 00:00:00,2024-09-16 18:50:00,explicit_and_usable,No subcutaneous chip,post_stress,True
9316,2024-09-17 19:00:00,wt_9314,wt,M,stressed,WT,Sa-Cre,2024-09-13 00:00:00,2024-09-17 00:00:00,2024-09-16 18:50:00,explicit_and_usable,No subcutaneous chip,post_stress,True
9317,2024-09-17 19:00:00,wt_9314,wt,M,control,WT,Sa-Cre,2024-09-13 00:00:00,2024-09-17 00:00:00,2024-09-16 18:50:00,explicit_and_usable,CSV/raw ID 9317 carries RFID 001040992979 assigned to control metadata mouse 9314; IDs 9314 and 9317 are swapped relative to recap,post_stress,True
9314,2024-09-18 19:00:00,wt_9314,wt,M,stressed,WT,Sa-Cre,2024-09-13 00:00:00,2024-09-17 00:00:00,2024-09-16 18:50:00,explicit_and_usable,CSV/raw ID 9314 carries RFID 001040990567 assigned to stressed metadata mouse 9317; IDs 9314 and 9317 are swapped relative to recap,outside_metadata_window,False
9315,2024-09-18 19:00:00,wt_9314,wt,M,control,WT,Sa-Cre,2024-09-13 00:00:00,2024-09-17 00:00:00,2024-09-16 18:50:00,explicit_and_usable,No subcutaneous chip,outside_metadata_window,False
9316,2024-09-18 19:00:00,wt_9314,wt,M,stressed,WT,Sa-Cre,2024-09-13 00:00:00,2024-09-17 00:00:00,2024-09-16 18:50:00,explicit_and_usable,No subcutaneous chip,outside_metadata_window,False
9317,2024-09-18 19:00:00,wt_9314,wt,M,control,WT,Sa-Cre,2024-09-13 00:00:00,2024-09-17 00:00:00,2024-09-16 18:50:00,explicit_and_usable,CSV/raw ID 9317 carries RFID 001040992979 assigned to control metadata mouse 9314; IDs 9314 and 9317 are swapped relative to recap,outside_metadata_window,False
9314,2024-09-19 19:00:00,wt_9314,wt,M,stressed,WT,Sa-Cre,2024-09-13 00:00:00,2024-09-17 00:00:00,2024-09-16 18:50:00,explicit_and_usable,CSV/raw ID 9314 carries RFID 001040990567 assigned to stressed metadata mouse 9317; IDs 9314 and 9317 are swapped relative to recap,outside_metadata_window,False
9315,2024-09-19 19:00:00,wt_9314,wt,M,control,WT,Sa-Cre,2024-09-13 00:00:00,2024-09-17 00:00:00,2024-09-16 18:50:00,explicit_and_usable,No subcutaneous chip,outside_metadata_window,False
9316,2024-09-19 19:00:00,wt_9314,wt,M,stressed,WT,Sa-Cre,2024-09-13 00:00:00,2024-09-17 00:00:00,2024-09-16 18:50:00,explicit_and_usable,No subcutaneous chip,outside_metadata_window,False
9317,2024-09-19 19:00:00,wt_9314,wt,M,control,WT,Sa-Cre,2024-09-13 00:00:00,2024-09-17 00:00:00,2024-09-16 18:50:00,explicit_and_usable,CSV/raw ID 9317 carries RFID 001040992979 assigned to control metadata mouse 9314; IDs 9314 and 9317 are swapped relative to recap,outside_metadata_window,False
10132,2025-02-03 19:00:00,wt_feb2025,D raw,F,unknown,WT,,2025-02-03 00:00:00,2025-02-09 00:00:00,2025-02-06 00:00:00,phase_known_treatment_unknown,Project matched by filename date; local raw ID to global ID is ambiguous,baseline_treatment_unknown,False
10135,2025-02-03 19:00:00,wt_feb2025,D raw,F,unknown,WT,,2025-02-03 00:00:00,2025-02-09 00:00:00,2025-02-06 00:00:00,phase_known_treatment_unknown,Project matched by filename date; local raw ID to global ID is ambiguous,baseline_treatment_unknown,False
10136,2025-02-03 19:00:00,wt_feb2025,D raw,F,unknown,WT,,2025-02-03 00:00:00,2025-02-09 00:00:00,2025-02-06 00:00:00,phase_known_treatment_unknown,Project matched by filename date; local raw ID to global ID is ambiguous,baseline_treatment_unknown,False
10137,2025-02-03 19:00:00,wt_feb2025,D raw,F,unknown,WT,,2025-02-03 00:00:00,2025-02-09 00:00:00,2025-02-06 00:00:00,phase_known_treatment_unknown,Project matched by filename date; local raw ID to global ID is ambiguous,baseline_treatment_unknown,False
10132,2025-02-04 19:00:00,wt_feb2025,D raw,F,unknown,WT,,2025-02-03 00:00:00,2025-02-09 00:00:00,2025-02-06 00:00:00,phase_known_treatment_unknown,Project matched by filename date; local raw ID to global ID is ambiguous,baseline_treatment_unknown,False
10135,2025-02-04 19:00:00,wt_feb2025,D raw,F,unknown,WT,,2025-02-03 00:00:00,2025-02-09 00:00:00,2025-02-06 00:00:00,phase_known_treatment_unknown,Project matched by filename date; local raw ID to global ID is ambiguous,baseline_treatment_unknown,False
10136,2025-02-04 19:00:00,wt_feb2025,D raw,F,unknown,WT,,2025-02-03 00:00:00,2025-02-09 00:00:00,2025-02-06 00:00:00,phase_known_treatment_unknown,Project matched by filename date; local raw ID to global ID is ambiguous,baseline_treatment_unknown,False
10137,2025-02-04 19:00:00,wt_feb2025,D raw,F,unknown,WT,,2025-02-03 00:00:00,2025-02-09 00:00:00,2025-02-06 00:00:00,phase_known_treatment_unknown,Project matched by filename date; local raw ID to global ID is ambiguous,baseline_treatment_unknown,False
10132,2025-02-05 19:00:00,wt_feb2025,D raw,F,unknown,WT,,2025-02-03 00:00:00,2025-02-09 00:00:00,2025-02-06 00:00:00,phase_known_treatment_unknown,Project matched by filename date; local raw ID to global ID is ambiguous,baseline_treatment_unknown,False
10135,2025-02-05 19:00:00,wt_feb2025,D raw,F,unknown,WT,,2025-02-03 00:00:00,2025-02-09 00:00:00,2025-02-06 00:00:00,phase_known_treatment_unknown,Project matched by filename date; local raw ID to global ID is ambiguous,baseline_treatment_unknown,False
10136,2025-02-05 19:00:00,wt_feb2025,D raw,F,unknown,WT,,2025-02-03 00:00:00,2025-02-09 00:00:00,2025-02-06 00:00:00,phase_known_treatment_unknown,Project matched by filename date; local raw ID to global ID is ambiguous,baseline_treatment_unknown,False
10137,2025-02-05 19:00:00,wt_feb2025,D raw,F,unknown,WT,,2025-02-03 00:00:00,2025-02-09 00:00:00,2025-02-06 00:00:00,phase_known_treatment_unknown,Project matched by filename date; local raw ID to global ID is ambiguous,baseline_treatment_unknown,False
10132,2025-02-06 19:00:00,wt_feb2025,D raw,F,unknown,WT,,2025-02-03 00:00:00,2025-02-09 00:00:00,2025-02-06 00:00:00,phase_known_treatment_unknown,Project matched by filename date; local raw ID to global ID is ambiguous,post_stress_treatment_unknown,False
10135,2025-02-06 19:00:00,wt_feb2025,D raw,F,unknown,WT,,2025-02-03 00:00:00,2025-02-09 00:00:00,2025-02-06 00:00:00,phase_known_treatment_unknown,Project matched by filename date; local raw ID to global ID is ambiguous,post_stress_treatment_unknown,False
10136,2025-02-06 19:00:00,wt_feb2025,D raw,F,unknown,WT,,2025-02-03 00:00:00,2025-02-09 00:00:00,2025-02-06 00:00:00,phase_known_treatment_unknown,Project matched by filename date; local raw ID to global ID is ambiguous,post_stress_treatment_unknown,False
10137,2025-02-06 19:00:00,wt_feb2025,D raw,F,unknown,WT,,2025-02-03 00:00:00,2025-02-09 00:00:00,2025-02-06 00:00:00,phase_known_treatment_unknown,Project matched by filename date; local raw ID to global ID is ambiguous,post_stress_treatment_unknown,False
10132,2025-02-07 19:00:00,wt_feb2025,D raw,F,unknown,WT,,2025-02-03 00:00:00,2025-02-09 00:00:00,2025-02-06 00:00:00,phase_known_treatment_unknown,Project matched by filename date; local raw ID to global ID is ambiguous,post_stress_treatment_unknown,False
10135,2025-02-07 19:00:00,wt_feb2025,D raw,F,unknown,WT,,2025-02-03 00:00:00,2025-02-09 00:00:00,2025-02-06 00:00:00,phase_known_treatment_unknown,Project matched by filename date; local raw ID to global ID is ambiguous,post_stress_treatment_unknown,False
10136,2025-02-07 19:00:00,wt_feb2025,D raw,F,unknown,WT,,2025-02-03 00:00:00,2025-02-09 00:00:00,2025-02-06 00:00:00,phase_known_treatment_unknown,Project matched by filename date; local raw ID to global ID is ambiguous,post_stress_treatment_unknown,False
10137,2025-02-07 19:00:00,wt_feb2025,D raw,F,unknown,WT,,2025-02-03 00:00:00,2025-02-09 00:00:00,2025-02-06 00:00:00,phase_known_treatment_unknown,Project matched by filename date; local raw ID to global ID is ambiguous,post_stress_treatment_unknown,False
10132,2025-02-08 19:00:00,wt_feb2025,D raw,F,unknown,WT,,2025-02-03 00:00:00,2025-02-09 00:00:00,2025-02-06 00:00:00,phase_known_treatment_unknown,Project matched by filename date; local raw ID to global ID is ambiguous,post_stress_treatment_unknown,False
10135,2025-02-08 19:00:00,wt_feb2025,D raw,F,unknown,WT,,2025-02-03 00:00:00,2025-02-09 00:00:00,2025-02-06 00:00:00,phase_known_treatment_unknown,Project matched by filename date; local raw ID to global ID is ambiguous,post_stress_treatment_unknown,False
10136,2025-02-08 19:00:00,wt_feb2025,D raw,F,unknown,WT,,2025-02-03 00:00:00,2025-02-09 00:00:00,2025-02-06 00:00:00,phase_known_treatment_unknown,Project matched by filename date; local raw ID to global ID is ambiguous,post_stress_treatment_unknown,False
10137,2025-02-08 19:00:00,wt_feb2025,D raw,F,unknown,WT,,2025-02-03 00:00:00,2025-02-09 00:00:00,2025-02-06 00:00:00,phase_known_treatment_unknown,Project matched by filename date; local raw ID to global ID is ambiguous,post_stress_treatment_unknown,False
10132,2025-02-09 19:00:00,wt_feb2025,D raw,F,unknown,WT,,2025-02-03 00:00:00,2025-02-09 00:00:00,2025-02-06 00:00:00,phase_known_treatment_unknown,Project matched by filename date; local raw ID to global ID is ambiguous,post_stress_treatment_unknown,False
10135,2025-02-09 19:00:00,wt_feb2025,D raw,F,unknown,WT,,2025-02-03 00:00:00,2025-02-09 00:00:00,2025-02-06 00:00:00,phase_known_treatment_unknown,Project matched by filename date; local raw ID to global ID is ambiguous,post_stress_treatment_unknown,False
10136,2025-02-09 19:00:00,wt_feb2025,D raw,F,unknown,WT,,2025-02-03 00:00:00,2025-02-09 00:00:00,2025-02-06 00:00:00,phase_known_treatment_unknown,Project matched by filename date; local raw ID to global ID is ambiguous,post_stress_treatment_unknown,False
10137,2025-02-09 19:00:00,wt_feb2025,D raw,F,unknown,WT,,2025-02-03 00:00:00,2025-02-09 00:00:00,2025-02-06 00:00:00,phase_known_treatment_unknown,Project matched by filename date; local raw ID to global ID is ambiguous,post_stress_treatment_unknown,False
10205,2025-02-21 19:00:00,wt_feb21_2025,D raw,F,unknown,WT,,2025-02-21 00:00:00,2025-02-28 00:00:00,2025-02-25 00:00:00,probable_project_phase_known_treatment_unknown,Probable WT project based on exact dates and higher raw/CSV event volume,baseline_treatment_unknown,False
10206,2025-02-21 19:00:00,wt_feb21_2025,D raw,F,unknown,WT,,2025-02-21 00:00:00,2025-02-28 00:00:00,2025-02-25 00:00:00,probable_project_phase_known_treatment_unknown,Probable WT project based on exact dates and higher raw/CSV event volume,baseline_treatment_unknown,False
10207,2025-02-21 19:00:00,wt_feb21_2025,D raw,F,unknown,WT,,2025-02-21 00:00:00,2025-02-28 00:00:00,2025-02-25 00:00:00,probable_project_phase_known_treatment_unknown,Probable WT project based on exact dates and higher raw/CSV event volume,baseline_treatment_unknown,False
10208,2025-02-21 19:00:00,wt_feb21_2025,D raw,F,unknown,WT,,2025-02-21 00:00:00,2025-02-28 00:00:00,2025-02-25 00:00:00,probable_project_phase_known_treatment_unknown,Probable WT project based on exact dates and higher raw/CSV event volume,baseline_treatment_unknown,False
10205,2025-02-22 19:00:00,wt_feb21_2025,D raw,F,unknown,WT,,2025-02-21 00:00:00,2025-02-28 00:00:00,2025-02-25 00:00:00,probable_project_phase_known_treatment_unknown,Probable WT project based on exact dates and higher raw/CSV event volume,baseline_treatment_unknown,False
10206,2025-02-22 19:00:00,wt_feb21_2025,D raw,F,unknown,WT,,2025-02-21 00:00:00,2025-02-28 00:00:00,2025-02-25 00:00:00,probable_project_phase_known_treatment_unknown,Probable WT project based on exact dates and higher raw/CSV event volume,baseline_treatment_unknown,False
10207,2025-02-22 19:00:00,wt_feb21_2025,D raw,F,unknown,WT,,2025-02-21 00:00:00,2025-02-28 00:00:00,2025-02-25 00:00:00,probable_project_phase_known_treatment_unknown,Probable WT project based on exact dates and higher raw/CSV event volume,baseline_treatment_unknown,False
10208,2025-02-22 19:00:00,wt_feb21_2025,D raw,F,unknown,WT,,2025-02-21 00:00:00,2025-02-28 00:00:00,2025-02-25 00:00:00,probable_project_phase_known_treatment_unknown,Probable WT project based on exact dates and higher raw/CSV event volume,baseline_treatment_unknown,False
10205,2025-02-23 19:00:00,wt_feb21_2025,D raw,F,unknown,WT,,2025-02-21 00:00:00,2025-02-28 00:00:00,2025-02-25 00:00:00,probable_project_phase_known_treatment_unknown,Probable WT project based on exact dates and higher raw/CSV event volume,baseline_treatment_unknown,False
10206,2025-02-23 19:00:00,wt_feb21_2025,D raw,F,unknown,WT,,2025-02-21 00:00:00,2025-02-28 00:00:00,2025-02-25 00:00:00,probable_project_phase_known_treatment_unknown,Probable WT project based on exact dates and higher raw/CSV event volume,baseline_treatment_unknown,False
10207,2025-02-23 19:00:00,wt_feb21_2025,D raw,F,unknown,WT,,2025-02-21 00:00:00,2025-02-28 00:00:00,2025-02-25 00:00:00,probable_project_phase_known_treatment_unknown,Probable WT project based on exact dates and higher raw/CSV event volume,baseline_treatment_unknown,False
10208,2025-02-23 19:00:00,wt_feb21_2025,D raw,F,unknown,WT,,2025-02-21 00:00:00,2025-02-28 00:00:00,2025-02-25 00:00:00,probable_project_phase_known_treatment_unknown,Probable WT project based on exact dates and higher raw/CSV event volume,baseline_treatment_unknown,False
10205,2025-02-24 19:00:00,wt_feb21_2025,D raw,F,unknown,WT,,2025-02-21 00:00:00,2025-02-28 00:00:00,2025-02-25 00:00:00,probable_project_phase_known_treatment_unknown,Probable WT project based on exact dates and higher raw/CSV event volume,baseline_treatment_unknown,False
10206,2025-02-24 19:00:00,wt_feb21_2025,D raw,F,unknown,WT,,2025-02-21 00:00:00,2025-02-28 00:00:00,2025-02-25 00:00:00,probable_project_phase_known_treatment_unknown,Probable WT project based on exact dates and higher raw/CSV event volume,baseline_treatment_unknown,False
10207,2025-02-24 19:00:00,wt_feb21_2025,D raw,F,unknown,WT,,2025-02-21 00:00:00,2025-02-28 00:00:00,2025-02-25 00:00:00,probable_project_phase_known_treatment_unknown,Probable WT project based on exact dates and higher raw/CSV event volume,baseline_treatment_unknown,False
10208,2025-02-24 19:00:00,wt_feb21_2025,D raw,F,unknown,WT,,2025-02-21 00:00:00,2025-02-28 00:00:00,2025-02-25 00:00:00,probable_project_phase_known_treatment_unknown,Probable WT project based on exact dates and higher raw/CSV event volume,baseline_treatment_unknown,False
10205,2025-02-25 19:00:00,wt_feb21_2025,D raw,F,unknown,WT,,2025-02-21 00:00:00,2025-02-28 00:00:00,2025-02-25 00:00:00,probable_project_phase_known_treatment_unknown,Probable WT project based on exact dates and higher raw/CSV event volume,post_stress_treatment_unknown,False
10206,2025-02-25 19:00:00,wt_feb21_2025,D raw,F,unknown,WT,,2025-02-21 00:00:00,2025-02-28 00:00:00,2025-02-25 00:00:00,probable_project_phase_known_treatment_unknown,Probable WT project based on exact dates and higher raw/CSV event volume,post_stress_treatment_unknown,False
10207,2025-02-25 19:00:00,wt_feb21_2025,D raw,F,unknown,WT,,2025-02-21 00:00:00,2025-02-28 00:00:00,2025-02-25 00:00:00,probable_project_phase_known_treatment_unknown,Probable WT project based on exact dates and higher raw/CSV event volume,post_stress_treatment_unknown,False
10208,2025-02-25 19:00:00,wt_feb21_2025,D raw,F,unknown,WT,,2025-02-21 00:00:00,2025-02-28 00:00:00,2025-02-25 00:00:00,probable_project_phase_known_treatment_unknown,Probable WT project based on exact dates and higher raw/CSV event volume,post_stress_treatment_unknown,False
10205,2025-02-26 19:00:00,wt_feb21_2025,D raw,F,unknown,WT,,2025-02-21 00:00:00,2025-02-28 00:00:00,2025-02-25 00:00:00,probable_project_phase_known_treatment_unknown,Probable WT project based on exact dates and higher raw/CSV event volume,post_stress_treatment_unknown,False
10206,2025-02-26 19:00:00,wt_feb21_2025,D raw,F,unknown,WT,,2025-02-21 00:00:00,2025-02-28 00:00:00,2025-02-25 00:00:00,probable_project_phase_known_treatment_unknown,Probable WT project based on exact dates and higher raw/CSV event volume,post_stress_treatment_unknown,False
10207,2025-02-26 19:00:00,wt_feb21_2025,D raw,F,unknown,WT,,2025-02-21 00:00:00,2025-02-28 00:00:00,2025-02-25 00:00:00,probable_project_phase_known_treatment_unknown,Probable WT project based on exact dates and higher raw/CSV event volume,post_stress_treatment_unknown,False
10208,2025-02-26 19:00:00,wt_feb21_2025,D raw,F,unknown,WT,,2025-02-21 00:00:00,2025-02-28 00:00:00,2025-02-25 00:00:00,probable_project_phase_known_treatment_unknown,Probable WT project based on exact dates and higher raw/CSV event volume,post_stress_treatment_unknown,False
10205,2025-02-27 19:00:00,wt_feb21_2025,D raw,F,unknown,WT,,2025-02-21 00:00:00,2025-02-28 00:00:00,2025-02-25 00:00:00,probable_project_phase_known_treatment_unknown,Probable WT project based on exact dates and higher raw/CSV event volume,post_stress_treatment_unknown,False
10206,2025-02-27 19:00:00,wt_feb21_2025,D raw,F,unknown,WT,,2025-02-21 00:00:00,2025-02-28 00:00:00,2025-02-25 00:00:00,probable_project_phase_known_treatment_unknown,Probable WT project based on exact dates and higher raw/CSV event volume,post_stress_treatment_unknown,False
10207,2025-02-27 19:00:00,wt_feb21_2025,D raw,F,unknown,WT,,2025-02-21 00:00:00,2025-02-28 00:00:00,2025-02-25 00:00:00,probable_project_phase_known_treatment_unknown,Probable WT project based on exact dates and higher raw/CSV event volume,post_stress_treatment_unknown,False
10208,2025-02-27 19:00:00,wt_feb21_2025,D raw,F,unknown,WT,,2025-02-21 00:00:00,2025-02-28 00:00:00,2025-02-25 00:00:00,probable_project_phase_known_treatment_unknown,Probable WT project based on exact dates and higher raw/CSV event volume,post_stress_treatment_unknown,False
10205,2025-02-28 19:00:00,wt_feb21_2025,D raw,F,unknown,WT,,2025-02-21 00:00:00,2025-02-28 00:00:00,2025-02-25 00:00:00,probable_project_phase_known_treatment_unknown,Probable WT project based on exact dates and higher raw/CSV event volume,post_stress_treatment_unknown,False
10206,2025-02-28 19:00:00,wt_feb21_2025,D raw,F,unknown,WT,,2025-02-21 00:00:00,2025-02-28 00:00:00,2025-02-25 00:00:00,probable_project_phase_known_treatment_unknown,Probable WT project based on exact dates and higher raw/CSV event volume,post_stress_treatment_unknown,False
10207,2025-02-28 19:00:00,wt_feb21_2025,D raw,F,unknown,WT,,2025-02-21 00:00:00,2025-02-28 00:00:00,2025-02-25 00:00:00,probable_project_phase_known_treatment_unknown,Probable WT project based on exact dates and higher raw/CSV event volume,post_stress_treatment_unknown,False
10208,2025-02-28 19:00:00,wt_feb21_2025,D raw,F,unknown,WT,,2025-02-21 00:00:00,2025-02-28 00:00:00,2025-02-25 00:00:00,probable_project_phase_known_treatment_unknown,Probable WT project based on exact dates and higher raw/CSV event volume,post_stress_treatment_unknown,False
9905,2024-11-04 19:00:00,,,,,,,,,,,,unknown_metadata,False
9906,2024-11-04 19:00:00,,,,,,,,,,,,unknown_metadata,False
9907,2024-11-04 19:00:00,,,,,,,,,,,,unknown_metadata,False
9908,2024-11-04 19:00:00,,,,,,,,,,,,unknown_metadata,False
9905,2024-11-05 19:00:00,,,,,,,,,,,,unknown_metadata,False
9906,2024-11-05 19:00:00,,,,,,,,,,,,unknown_metadata,False
9907,2024-11-05 19:00:00,,,,,,,,,,,,unknown_metadata,False
9908,2024-11-05 19:00:00,,,,,,,,,,,,unknown_metadata,False
9905,2024-11-06 19:00:00,,,,,,,,,,,,unknown_metadata,False
9906,2024-11-06 19:00:00,,,,,,,,,,,,unknown_metadata,False
9907,2024-11-06 19:00:00,,,,,,,,,,,,unknown_metadata,False
9908,2024-11-06 19:00:00,,,,,,,,,,,,unknown_metadata,False
9905,2024-11-07 19:00:00,,,,,,,,,,,,unknown_metadata,False
9906,2024-11-07 19:00:00,,,,,,,,,,,,unknown_metadata,False
9907,2024-11-07 19:00:00,,,,,,,,,,,,unknown_metadata,False
9908,2024-11-07 19:00:00,,,,,,,,,,,,unknown_metadata,False
9905,2024-11-08 19:00:00,,,,,,,,,,,,unknown_metadata,False
9906,2024-11-08 19:00:00,,,,,,,,,,,,unknown_metadata,False
9907,2024-11-08 19:00:00,,,,,,,,,,,,unknown_metadata,False
9908,2024-11-08 19:00:00,,,,,,,,,,,,unknown_metadata,False
9905,2024-11-09 19:00:00,,,,,,,,,,,,unknown_metadata,False
9906,2024-11-09 19:00:00,,,,,,,,,,,,unknown_metadata,False
9907,2024-11-09 19:00:00,,,,,,,,,,,,unknown_metadata,False
9908,2024-11-09 19:00:00,,,,,,,,,,,,unknown_metadata,False
9905,2024-11-10 19:00:00,,,,,,,,,,,,unknown_metadata,False
9906,2024-11-10 19:00:00,,,,,,,,,,,,unknown_metadata,False
9907,2024-11-10 19:00:00,,,,,,,,,,,,unknown_metadata,False
9908,2024-11-10 19:00:00,,,,,,,,,,,,unknown_metadata,False
9621,2024-12-09 19:00:00,,,,,,,,,,,,unknown_metadata,False
9622,2024-12-09 19:00:00,,,,,,,,,,,,unknown_metadata,False
9623,2024-12-09 19:00:00,,,,,,,,,,,,unknown_metadata,False
9624,2024-12-09 19:00:00,,,,,,,,,,,,unknown_metadata,False
9621,2024-12-10 19:00:00,,,,,,,,,,,,unknown_metadata,False
9622,2024-12-10 19:00:00,,,,,,,,,,,,unknown_metadata,False
9623,2024-12-10 19:00:00,,,,,,,,,,,,unknown_metadata,False
9624,2024-12-10 19:00:00,,,,,,,,,,,,unknown_metadata,False
9621,2024-12-11 19:00:00,,,,,,,,,,,,unknown_metadata,False
9622,2024-12-11 19:00:00,,,,,,,,,,,,unknown_metadata,False
9623,2024-12-11 19:00:00,,,,,,,,,,,,unknown_metadata,False
9624,2024-12-11 19:00:00,,,,,,,,,,,,unknown_metadata,False
9621,2025-04-07 19:00:00,,,,,,,,,,,,unknown_metadata,False
9622,2025-04-07 19:00:00,,,,,,,,,,,,unknown_metadata,False
9623,2025-04-07 19:00:00,,,,,,,,,,,,unknown_metadata,False
9624,2025-04-07 19:00:00,,,,,,,,,,,,unknown_metadata,False
9621,2025-04-08 19:00:00,,,,,,,,,,,,unknown_metadata,False
9622,2025-04-08 19:00:00,,,,,,,,,,,,unknown_metadata,False
9623,2025-04-08 19:00:00,,,,,,,,,,,,unknown_metadata,False
9624,2025-04-08 19:00:00,,,,,,,,,,,,unknown_metadata,False
9621,2025-04-09 19:00:00,,,,,,,,,,,,unknown_metadata,False
9622,2025-04-09 19:00:00,,,,,,,,,,,,unknown_metadata,False
9623,2025-04-09 19:00:00,,,,,,,,,,,,unknown_metadata,False
9624,2025-04-09 19:00:00,,,,,,,,,,,,unknown_metadata,False
9621,2025-04-10 19:00:00,,,,,,,,,,,,unknown_metadata,False
9622,2025-04-10 19:00:00,,,,,,,,,,,,unknown_metadata,False
9623,2025-04-10 19:00:00,,,,,,,,,,,,unknown_metadata,False
9624,2025-04-10 19:00:00,,,,,,,,,,,,unknown_metadata,False
