analysis_scope,feature,interaction_estimate,interaction_std_error,interaction_ci_low,interaction_ci_high,interaction_p_value,backend,n_rows,interaction_q_value
primary,Approach_active_count,-0.004836014801832638,0.04867670611707434,-0.10068850788452506,0.09101647828085978,0.9209374929846132,numpy_ols,264,0.9988900572990637
primary,Approach_passive_count,-0.00592017968652778,0.04883896843981526,-0.10209219414625621,0.09025183477320066,0.9036120714118411,numpy_ols,264,0.9988900572990637
primary,Approach_mean_duration,0.0058994851380713455,0.030155524847982677,-0.053481735726467056,0.06528070600260974,0.845049024243192,numpy_ols,264,0.9988900572990637
primary,Approach_std_duration,-0.0008522002215560921,0.051134770563594306,-0.10154502914764324,0.09984062870453106,0.9867160874111813,numpy_ols,264,0.9988900572990637
primary,Approach_contact_active_count,-0.07755174055306598,0.23506661820221528,-0.540436828566371,0.385333347460239,0.7417317116030258,numpy_ols,264,0.9988900572990637
primary,Approach_contact_passive_count,0.03865872023266985,0.23380755908358333,-0.4217470719308069,0.49906451239614663,0.8688020657826715,numpy_ols,264,0.9988900572990637
primary,Approach_contact_mean_duration,-0.001347285630746116,0.019833720969503706,-0.04040316581830367,0.037708594556811435,0.9458945322631236,numpy_ols,264,0.9988900572990637
primary,Approach_contact_std_duration,-0.003164637870806724,0.017306919302785374,-0.03724482724851513,0.030915551506901687,0.8550556985928237,numpy_ols,264,0.9988900572990637
primary,Approach_rear_active_count,-0.017552607381502217,0.25156841001421265,-0.5129324554491792,0.4778272406861747,0.9444284160591379,numpy_ols,264,0.9988900572990637
primary,Approach_rear_passive_count,0.007662417573460818,0.25161412121198407,-0.48780744341040744,0.5031322785573291,0.9757291893317374,numpy_ols,264,0.9988900572990637
primary,Approach_rear_mean_duration,0.00520036251903013,0.0444881207257054,-0.08240411248111523,0.09280483751917548,0.9070352112814399,numpy_ols,264,0.9988900572990637
primary,Approach_rear_std_duration,0.01927413132366141,0.07709014764628645,-0.13252913215594098,0.17107739480326378,0.8027695501907847,numpy_ols,264,0.9988900572990637
primary,Break_contact_active_count,-0.024973607850838585,0.06897917787408128,-0.1608050290263555,0.11085781332467833,0.7176131699509507,numpy_ols,264,0.9988900572990637
primary,Break_contact_passive_count,0.0058799403252719346,0.06744448134586165,-0.12692940930741303,0.13868928995795687,0.9305942640110461,numpy_ols,264,0.9988900572990637
primary,Break_contact_mean_duration,-0.0008813612150612282,0.006628183888279354,-0.013933352629066456,0.012170630198944,0.8943189739020321,numpy_ols,264,0.9988900572990637
primary,Break_contact_std_duration,-0.011451095599398945,0.01688380603129887,-0.04469810489645827,0.021795913697660384,0.4982316753563244,numpy_ols,264,0.9988900572990637
primary,Center_Zone_count,-0.09228568253417277,0.2269177203204611,-0.5391242415164507,0.35455287644810507,0.6845698836756549,numpy_ols,264,0.9988900572990637
primary,Center_Zone_mean_duration,0.04067946654820409,0.1695174173274993,-0.29312839285583353,0.3744873259522417,0.8105416287931881,numpy_ols,264,0.9988900572990637
primary,Center_Zone_std_duration,0.02411807307767808,0.21585820361647506,-0.400942466541147,0.4491786126965032,0.9111231652884605,numpy_ols,264,0.9988900572990637
primary,Contact_active_count,-0.00324047536665251,0.08479818330030721,-0.1702221371633302,0.1637411864300252,0.9695465193200028,numpy_ols,264,0.9988900572990637
primary,Contact_passive_count,-0.003261988780294857,0.08479862149196915,-0.17024451344890032,0.16372053588831062,0.9693445977163466,numpy_ols,264,0.9988900572990637
primary,Contact_mean_duration,0.0012785389476532086,0.07980335416010903,-0.15586747734625414,0.15842455524156054,0.9872298785935036,numpy_ols,264,0.9988900572990637
primary,Contact_std_duration,-0.0290336894714716,0.07746942889446091,-0.18158382052115152,0.1235164415782083,0.7081336866793373,numpy_ols,264,0.9988900572990637
primary,Get_away_active_count,-0.032557624732320926,0.2907382825163243,-0.6050694365780814,0.5399541871134396,0.9109239516791365,numpy_ols,264,0.9988900572990637
primary,Get_away_passive_count,0.011498390707293395,0.29051273336469835,-0.5605692775178196,0.5835660589324064,0.9684587477139636,numpy_ols,264,0.9988900572990637
primary,Get_away_mean_duration,5.294603167322123e-05,0.03802362988789613,-0.07482187627126773,0.07492776833461416,0.9988900572990637,numpy_ols,264,0.9988900572990637
primary,Get_away_std_duration,-0.0005930777320389356,0.05348514371193129,-0.10591418050641946,0.10472802504234158,0.9911612596493766,numpy_ols,264,0.9988900572990637
primary,Group_3_break_count,0.007069890233173063,0.2408439069423315,-0.46719163577630235,0.48133141624264847,0.9766043423366035,numpy_ols,264,0.9988900572990637
primary,Group_3_break_mean_duration,-0.004660296951621838,0.028437312695181235,-0.0606580736263483,0.05133747972310462,0.8699536957978304,numpy_ols,264,0.9988900572990637
primary,Group_3_break_std_duration,-0.008300592593080462,0.048172971839790094,-0.10316114948738797,0.08655996430122703,0.8633298918555542,numpy_ols,264,0.9988900572990637
primary,Group_3_make_count,-0.05246511377227285,0.24245987147922854,-0.5299087414881015,0.42497851394355585,0.8288565939516049,numpy_ols,264,0.9988900572990637
primary,Group_3_make_mean_duration,0.002928193677398999,0.029829187604007965,-0.05581041512654767,0.06166680248134567,0.9218768961582058,numpy_ols,264,0.9988900572990637
primary,Group_3_make_std_duration,-0.005405563196293212,0.050015364055513406,-0.10389409538310472,0.09308296899051831,0.9140174551142666,numpy_ols,264,0.9988900572990637
primary,Group_4_break_count,0.03909645873725505,0.3410652122418324,-0.6325174096812141,0.7107103271557242,0.9088268577446674,numpy_ols,264,0.9988900572990637
primary,Group_4_break_mean_duration,0.05279931276129268,0.061713744432244644,-0.06872526712854964,0.17432389265113502,0.393036439399468,numpy_ols,264,0.9988900572990637
primary,Group_4_break_std_duration,0.06516667868225046,0.06916835107951597,-0.07103725585359424,0.20137061321809516,0.34699588903510004,numpy_ols,264,0.9988900572990637
primary,Group_4_make_count,0.04205409618497771,0.3387705809572908,-0.6250412633434311,0.7091494557133865,0.9013027795691191,numpy_ols,264,0.9988900572990637
primary,Group_4_make_mean_duration,0.027009579459499528,0.06178086608109397,-0.09464717406934282,0.14866633298834186,0.6623425206477322,numpy_ols,264,0.9988900572990637
primary,Group_4_make_std_duration,0.035773113356518574,0.06970883621695621,-0.10149512589569674,0.17304135260873388,0.6082635348219526,numpy_ols,264,0.9988900572990637
primary,Group2_active_count,-0.011099423032029054,0.2561326404577105,-0.5154669964803215,0.4932681504162634,0.9654681454596613,numpy_ols,264,0.9988900572990637
primary,Group2_passive_count,-0.011134833764291266,0.25613303572723245,-0.5155031855637118,0.49323351803512927,0.9653581006956449,numpy_ols,264,0.9988900572990637
primary,Group2_mean_duration,0.0105189850686115,0.08110310491726481,-0.14918645564813693,0.17022442578535996,0.8969053064987811,numpy_ols,264,0.9988900572990637
primary,Group2_std_duration,-0.013010731566035563,0.10832669479991075,-0.2263239278001003,0.20030246466802915,0.9044919617205693,numpy_ols,264,0.9988900572990637
primary,Huddling_count,0.053952000812342214,0.20908852560201796,-0.3577779220327815,0.4656819236574659,0.79658538899929,numpy_ols,264,0.9988900572990637
primary,Huddling_mean_duration,0.008828988081398714,0.05410564708255764,-0.09771398855802312,0.11537196472082055,0.8705035488709977,numpy_ols,264,0.9988900572990637
primary,Huddling_std_duration,-0.06824821493789744,0.13420124220001056,-0.33251267869858525,0.19601624882279034,0.6114996803926858,numpy_ols,264,0.9988900572990637
primary,Move_in_contact_active_count,-0.3166928809003193,0.3149552905278066,-0.9368919908003308,0.3035062289996923,0.31558647439489523,numpy_ols,264,0.9988900572990637
primary,Move_in_contact_passive_count,0.013894282374769164,0.26118036697323394,-0.5004131002658058,0.5282016650153442,0.9576151298802831,numpy_ols,264,0.9988900572990637
primary,Move_in_contact_mean_duration,0.002870173908208728,0.031057873852700486,-0.058287921536233696,0.06402826935265116,0.9264407730586618,numpy_ols,264,0.9988900572990637
primary,Move_in_contact_std_duration,-0.009569680649217831,0.03974377629228115,-0.08783175600356644,0.06869239470513078,0.809912725667835,numpy_ols,264,0.9988900572990637
primary,Move_isolated_count,-0.3464420279641781,0.30112368191918215,-0.9394044106030649,0.24652035467470867,0.25100015498068073,numpy_ols,264,0.9988900572990637
primary,Move_isolated_mean_duration,-0.01992596655761202,0.0538897808467517,-0.12604386684070418,0.08619193372548015,0.7118678802532953,numpy_ols,264,0.9988900572990637
primary,Move_isolated_std_duration,0.16076226829715004,0.12643497171849005,-0.08820912312996948,0.40973365972426956,0.2046908826175306,numpy_ols,264,0.9988900572990637
primary,Oral_genital_Contact_active_count,-0.010990596371222999,0.23868724878256217,-0.48100530541564274,0.4590241126731967,0.9633090580448793,numpy_ols,264,0.9988900572990637
primary,Oral_genital_Contact_passive_count,0.008426894325542913,0.23868851908946215,-0.4615903161634703,0.47844410481455607,0.9718637433960245,numpy_ols,264,0.9988900572990637
primary,Oral_genital_Contact_mean_duration,0.001490943080318767,0.03309760316310868,-0.06368371706647286,0.0666656032271104,0.964104669859372,numpy_ols,264,0.9988900572990637
primary,Oral_genital_Contact_std_duration,-0.004010753380430575,0.059689952174227526,-0.12155015126256205,0.11352864450170091,0.9464798126106826,numpy_ols,264,0.9988900572990637
primary,Oral_oral_Contact_active_count,-0.009939593592181162,0.24448494293272174,-0.4913709222633921,0.47149173507902975,0.9676020684290079,numpy_ols,264,0.9988900572990637
primary,Oral_oral_Contact_passive_count,-0.009939593592181162,0.24448494293272174,-0.4913709222633921,0.47149173507902975,0.9676020684290079,numpy_ols,264,0.9988900572990637
primary,Oral_oral_Contact_mean_duration,0.0018732958319487968,0.03326479553609792,-0.06363059377701896,0.06737718544091656,0.9551345547695187,numpy_ols,264,0.9988900572990637
primary,Oral_oral_Contact_std_duration,0.015351102653700942,0.060996222620630064,-0.10476055799877451,0.1354627633061764,0.8014934028798725,numpy_ols,264,0.9988900572990637
primary,Periphery_Zone_count,-0.04979603095822733,0.2189363035142911,-0.4809178588748602,0.38132579695840557,0.8202569431119584,numpy_ols,264,0.9988900572990637
primary,Periphery_Zone_mean_duration,0.04421119648354362,0.14339664194329838,-0.23816053172856758,0.3265829246956548,0.758091215225149,numpy_ols,264,0.9988900572990637
primary,Periphery_Zone_std_duration,0.09199903425273001,0.15721574886771597,-0.2175848033345695,0.4015828718400295,0.5589382047194856,numpy_ols,264,0.9988900572990637
primary,Rear_at_periphery_count,-0.12185104907585785,0.23507544839816427,-0.5847535252068815,0.3410514270551658,0.6046575467146224,numpy_ols,264,0.9988900572990637
primary,Rear_at_periphery_mean_duration,0.021219062830451905,0.04309399124569185,-0.06364014041654781,0.1060782660774516,0.622860584055299,numpy_ols,264,0.9988900572990637
primary,Rear_at_periphery_std_duration,0.04383712514504427,0.09832992162839452,-0.14979076968494925,0.23746501997503777,0.656102070874363,numpy_ols,264,0.9988900572990637
primary,Rear_in_centerWindow_count,-0.21548513647607398,0.2752973608131561,-0.7575912171455386,0.32662094419339055,0.4344972765068025,numpy_ols,264,0.9988900572990637
primary,Rear_in_centerWindow_mean_duration,-0.0004756605172026463,0.065868008921671,-0.13018067495162355,0.12922935391721824,0.9942437501232806,numpy_ols,264,0.9988900572990637
primary,Rear_in_centerWindow_std_duration,-0.04017053289685485,0.13359512191604636,-0.3032414454713505,0.22290037967764081,0.7638931762330246,numpy_ols,264,0.9988900572990637
primary,Rear_in_contact_count,-0.00305164959838803,0.2285898942007482,-0.4531829957899684,0.4470796965931923,0.9893589239268066,numpy_ols,264,0.9988900572990637
primary,Rear_in_contact_mean_duration,0.0031840972822366597,0.04185192609348062,-0.07922927404827641,0.08559746861274974,0.9394141334922166,numpy_ols,264,0.9988900572990637
primary,Rear_in_contact_std_duration,-0.015780962614541337,0.08604231090789266,-0.1852125176437901,0.1536505924147074,0.8546203550487188,numpy_ols,264,0.9988900572990637
primary,Rear_isolated_count,-0.12193144689505064,0.2325378511726481,-0.5798369739736788,0.33597408018357755,0.6004829147391789,numpy_ols,264,0.9988900572990637
primary,Rear_isolated_mean_duration,0.019178403455707267,0.04467056492439099,-0.06878533437644704,0.10714214128786159,0.6680401737207879,numpy_ols,264,0.9988900572990637
primary,Rear_isolated_std_duration,0.009562113642107947,0.10561182059140947,-0.19840504581073198,0.21752927309494785,0.9279279432882259,numpy_ols,264,0.9988900572990637
primary,Rearing_count,0.03984441395998914,0.07264876127808914,-0.10321302446088215,0.18290185238086043,0.5838534871917908,numpy_ols,264,0.9988900572990637
primary,Rearing_mean_duration,-0.04972031589022086,0.06451644855887022,-0.17676388421087605,0.07732325243043434,0.44161027060966507,numpy_ols,264,0.9988900572990637
primary,Rearing_std_duration,-0.03167529461094402,0.06049354849177043,-0.15079710668279694,0.0874465174609089,0.6009944785293,numpy_ols,264,0.9988900572990637
primary,SAP_count,0.02395919844226597,0.21387421332730044,-0.3971945358349682,0.44511293271950014,0.9108905784298524,numpy_ols,264,0.9988900572990637
primary,SAP_mean_duration,0.024289340574835484,0.06061104871380537,-0.09506384888711303,0.14364253003678398,0.6889410991039848,numpy_ols,264,0.9988900572990637
primary,SAP_std_duration,-0.0022195678921446693,0.14432026554705554,-0.28641006389181356,0.2819709281075242,0.9877412895388891,numpy_ols,264,0.9988900572990637
primary,Side_by_side_Contact_active_count,-0.006117464396905206,0.24352287540782322,-0.48565432283519555,0.47341939404138517,0.9799780351090391,numpy_ols,264,0.9988900572990637
primary,Side_by_side_Contact_passive_count,-0.006117464396905206,0.24352287540782322,-0.48565432283519555,0.47341939404138517,0.9799780351090391,numpy_ols,264,0.9988900572990637
primary,Side_by_side_Contact_mean_duration,0.001117875499439553,0.04111541707237442,-0.07984518763476442,0.08208093863364352,0.9783301509441068,numpy_ols,264,0.9988900572990637
primary,Side_by_side_Contact_std_duration,-0.013059217185294483,0.0602968539684703,-0.13179370517674058,0.1056752708061516,0.828704556880407,numpy_ols,264,0.9988900572990637
primary,Side_by_side_Contact_opposite_way_active_count,0.003132082356228777,0.2387112692157676,-0.4669299268979079,0.4731940916103654,0.9895415192466455,numpy_ols,264,0.9988900572990637
primary,Side_by_side_Contact_opposite_way_passive_count,0.003132082356228777,0.2387112692157676,-0.4669299268979079,0.4731940916103654,0.9895415192466455,numpy_ols,264,0.9988900572990637
primary,Side_by_side_Contact_opposite_way_mean_duration,0.006594783832535487,0.03992627342477549,-0.07202665858925503,0.08521622625432601,0.868935845276734,numpy_ols,264,0.9988900572990637
primary,Side_by_side_Contact_opposite_way_std_duration,0.029346726021967914,0.060990130011281965,-0.09075293727403091,0.14944638931796675,0.6308007047762563,numpy_ols,264,0.9988900572990637
primary,Social_approach_active_count,-0.00820884780352078,0.2865700458996864,-0.5725127116730487,0.5560950160660071,0.9771696457290004,numpy_ols,264,0.9988900572990637
primary,Social_approach_passive_count,0.007391993056446585,0.2865008181307092,-0.556775549874868,0.5715595359877611,0.9794359725400448,numpy_ols,264,0.9988900572990637
primary,Social_approach_mean_duration,-0.002313299274272578,0.06564543518948274,-0.13158002918151834,0.1269534306329732,0.9719160672324973,numpy_ols,264,0.9988900572990637
primary,Social_approach_std_duration,-0.025277951516493775,0.08493831837702824,-0.19253556247948808,0.1419796594465005,0.7662442772576588,numpy_ols,264,0.9988900572990637
primary,Social_escape_active_count,-0.021720940311313497,0.2799463098467112,-0.5729815712909174,0.5295396906682905,0.938214370225267,numpy_ols,264,0.9988900572990637
primary,Social_escape_passive_count,0.0032745451424569787,0.27985510009679165,-0.5478064787392015,0.5543555690241154,0.9906732858321461,numpy_ols,264,0.9988900572990637
primary,Social_escape_mean_duration,-0.0014213205181909036,0.044109407876758384,-0.08828004722043967,0.08543740618405787,0.9743193378270726,numpy_ols,264,0.9988900572990637
primary,Social_escape_std_duration,-0.007750624112309711,0.06005932536652986,-0.12601737896216486,0.11051613073754545,0.8974186613426754,numpy_ols,264,0.9988900572990637
primary,Stop_count,-0.0512147731705445,0.11098934403729271,-0.26977116657152406,0.16734162023043508,0.6448712206534678,numpy_ols,264,0.9988900572990637
primary,Stop_mean_duration,0.048594519605762845,0.10498663838229692,-0.158141552574445,0.2553305917859707,0.6438506166310612,numpy_ols,264,0.9988900572990637
primary,Stop_std_duration,0.007303007085844495,0.09706221205976603,-0.18382855772614062,0.19843457189782962,0.940081462173951,numpy_ols,264,0.9988900572990637
primary,Stop_in_contact_active_count,-0.2913883035274285,0.30536111573325764,-0.8926948948803385,0.3099182878254815,0.34085107180572616,numpy_ols,264,0.9988900572990637
primary,Stop_in_contact_passive_count,0.006485910875836406,0.2543621041579045,-0.4943951834745969,0.5073670052262697,0.9796767955815568,numpy_ols,264,0.9988900572990637
primary,Stop_in_contact_mean_duration,0.004974723506267285,0.09028027300312627,-0.17280208051006532,0.1827515275225999,0.9560988029796604,numpy_ols,264,0.9988900572990637
primary,Stop_in_contact_std_duration,-0.021617599769163102,0.10470546728554231,-0.22779999951019841,0.1845647999718722,0.8365930024730089,numpy_ols,264,0.9988900572990637
primary,Stop_isolated_count,-0.3128501768329634,0.29940860405131087,-0.9024352872079666,0.27673493354203976,0.2970463086840626,numpy_ols,264,0.9988900572990637
primary,Stop_isolated_mean_duration,-0.028478821537994095,0.10918597169043462,-0.24348407622825263,0.18652643315226441,0.7944319709760272,numpy_ols,264,0.9988900572990637
primary,Stop_isolated_std_duration,-0.13941238809313405,0.1612804346346395,-0.45700026489007706,0.17817548870380895,0.38816267205091515,numpy_ols,264,0.9988900572990637
primary,Train2_active_count,-0.08984853237168047,0.19135392070870563,-0.46665608210527965,0.28695901736191864,0.6390779579006094,numpy_ols,264,0.9988900572990637
primary,Train2_passive_count,-0.0903765834744115,0.18323342153962982,-0.45119352594383466,0.2704403589950116,0.6222666231265708,numpy_ols,264,0.9988900572990637
primary,Train2_mean_duration,0.024755494441293567,0.02687154894595044,-0.028159034189054008,0.07767002307164114,0.3577756746030599,numpy_ols,264,0.9988900572990637
primary,Train2_std_duration,0.014298211411895207,0.02824241344585618,-0.041315776374100374,0.06991219919789078,0.6130996535320541,numpy_ols,264,0.9988900572990637
primary,WallJump_count,0.07356116244344882,0.17988583160922747,-0.28066382123821587,0.42778614612511356,0.6829271338947305,numpy_ols,264,0.9988900572990637
primary,WallJump_mean_duration,-0.0031733299534056495,0.035551074215805466,-0.07317928079068863,0.06683262088387733,0.9289433483020071,numpy_ols,264,0.9988900572990637
primary,WallJump_std_duration,-0.031808300006544346,0.053633130935505674,-0.13742081412436857,0.07380421411127987,0.5536505774979124,numpy_ols,264,0.9988900572990637
primary,isolated_count,-0.008463323566859806,0.2522846997341593,-0.5052536646794288,0.4883270175457092,0.9732644498331502,numpy_ols,264,0.9988900572990637
primary,isolated_mean_duration,0.037880766556523636,0.10363150766781742,-0.16618682889636865,0.24194836200941594,0.7150117060381738,numpy_ols,264,0.9988900572990637
primary,isolated_std_duration,0.14272039512264817,0.13848069847763747,-0.12997102653988157,0.4154118167851779,0.3036824757703361,numpy_ols,264,0.9988900572990637
primary,seq_oral_geni___oral_oral_active_count,-0.003789451637566839,0.16245687940557166,-0.32369394295638665,0.316115039681253,0.9814082792425158,numpy_ols,264,0.9988900572990637
primary,seq_oral_geni___oral_oral_passive_count,0.01597473490849644,0.16256661623547755,-0.304145846396038,0.33609531621303085,0.9217972582701284,numpy_ols,264,0.9988900572990637
primary,seq_oral_geni___oral_oral_mean_duration,0.0137117309002243,0.044870303151190984,-0.07464532456843254,0.10206878636888114,0.7601654361531204,numpy_ols,264,0.9988900572990637
primary,seq_oral_geni___oral_oral_std_duration,0.06901033293681401,0.09241660034497044,-0.11297325329818349,0.2509939191718115,0.4559033079373418,numpy_ols,264,0.9988900572990637
primary,seq_oral_oral___oral_genital_active_count,-0.016440781938441066,0.1649081337084786,-0.341172198800419,0.30829063492353687,0.9206623150436686,numpy_ols,264,0.9988900572990637
primary,seq_oral_oral___oral_genital_passive_count,0.02929724544227937,0.16491558867370232,-0.295448851480441,0.3540433423649997,0.8591367551417134,numpy_ols,264,0.9988900572990637
primary,seq_oral_oral___oral_genital_mean_duration,0.009753549624560692,0.04455676453486567,-0.07798609640024026,0.09749319564936165,0.8268990534532961,numpy_ols,264,0.9988900572990637
primary,seq_oral_oral___oral_genital_std_duration,0.0759640208376538,0.08631281567199232,-0.0940002028558907,0.2459282445311983,0.3796203227456213,numpy_ols,264,0.9988900572990637
exclude_wt_10132,Approach_active_count,-0.005592528946843558,0.04970679628997565,-0.1035119057003066,0.09232684780661948,0.9105132059094285,numpy_ols,244,0.9997298604789648
exclude_wt_10132,Approach_passive_count,-0.004666457932174517,0.04989117094521471,-0.10294904158444516,0.09361612572009613,0.9255587016141135,numpy_ols,244,0.9997298604789648
exclude_wt_10132,Approach_mean_duration,0.004269754674769012,0.031843363485774205,-0.058459741872764766,0.0669992512223028,0.8934472767212417,numpy_ols,244,0.9997298604789648
exclude_wt_10132,Approach_std_duration,-0.002345904553007535,0.052165523851431264,-0.10510882561819378,0.1004170165121787,0.9641684519836392,numpy_ols,244,0.9997298604789648
exclude_wt_10132,Approach_contact_active_count,-0.07043451615429552,0.25231279793928696,-0.5674754394318222,0.4266064071232311,0.7803668687066792,numpy_ols,244,0.9997298604789648
exclude_wt_10132,Approach_contact_passive_count,0.03437795209238473,0.2510945419354096,-0.46026308067661015,0.5290189848613795,0.8912153134570187,numpy_ols,244,0.9997298604789648
exclude_wt_10132,Approach_contact_mean_duration,-0.0009045803987849498,0.021264785243956925,-0.04279491880919711,0.04098575801162721,0.9661046252606791,numpy_ols,244,0.9997298604789648
exclude_wt_10132,Approach_contact_std_duration,-0.0029706817436492856,0.018601020838990758,-0.039613565684642166,0.0336722021973436,0.8732481067357253,numpy_ols,244,0.9997298604789648
exclude_wt_10132,Approach_rear_active_count,-0.015723661317658608,0.27163667901609007,-0.5508314594036144,0.5193841367682973,0.9538886794046989,numpy_ols,244,0.9997298604789648
exclude_wt_10132,Approach_rear_passive_count,0.012166149936771398,0.2716539546416327,-0.5229756800847027,0.5473079799582456,0.9643157030346082,numpy_ols,244,0.9997298604789648
exclude_wt_10132,Approach_rear_mean_duration,0.003884218258603576,0.04600909088588283,-0.08675090290786841,0.09451933942507557,0.932790918309128,numpy_ols,244,0.9997298604789648
exclude_wt_10132,Approach_rear_std_duration,0.019913244423145387,0.0764266840577341,-0.13064269216567836,0.17046918101196912,0.7946611568945858,numpy_ols,244,0.9997298604789648
exclude_wt_10132,Break_contact_active_count,-0.018904341271094645,0.07033136277345223,-0.1574528642702929,0.11964418172810362,0.7883234490882802,numpy_ols,244,0.9997298604789648
exclude_wt_10132,Break_contact_passive_count,0.0010206213215312038,0.06863727261972531,-0.13419064672666609,0.13623188936972846,0.9881484725301222,numpy_ols,244,0.9997298604789648
exclude_wt_10132,Break_contact_mean_duration,-0.000830985589975797,0.00671370863570442,-0.014056584791288585,0.012394613611336992,0.9015978926433816,numpy_ols,244,0.9997298604789648
exclude_wt_10132,Break_contact_std_duration,-0.011673335309609532,0.017754166083226202,-0.04664796669613443,0.023301296076915362,0.5114932322394065,numpy_ols,244,0.9997298604789648
exclude_wt_10132,Center_Zone_count,-0.08804182187538928,0.24332210056840367,-0.5673716161153475,0.39128797236456886,0.7177969694993601,numpy_ols,244,0.9997298604789648
exclude_wt_10132,Center_Zone_mean_duration,0.012253137707050051,0.17829327469342726,-0.338973809921341,0.3634800853354411,0.9452662826344198,numpy_ols,244,0.9997298604789648
exclude_wt_10132,Center_Zone_std_duration,-0.025384279142869677,0.2245844385304308,-0.46780201455948844,0.4170334562737491,0.9101034161814441,numpy_ols,244,0.9997298604789648
exclude_wt_10132,Contact_active_count,-0.002485136959539714,0.08790904304797542,-0.17566062499611387,0.17069035107703442,0.9774708673685478,numpy_ols,244,0.9997298604789648
exclude_wt_10132,Contact_passive_count,-0.0024932299517533285,0.08790951247929979,-0.1756696427395917,0.17068318283608505,0.977397640328392,numpy_ols,244,0.9997298604789648
exclude_wt_10132,Contact_mean_duration,-0.005602455779702014,0.08498477420273745,-0.17301731138454934,0.16181239982514534,0.9474941967606418,numpy_ols,244,0.9997298604789648
exclude_wt_10132,Contact_std_duration,-0.03838151096670133,0.07918462033092989,-0.19437041489909862,0.11760739296569594,0.6283265967365613,numpy_ols,244,0.9997298604789648
exclude_wt_10132,Get_away_active_count,-0.030132399104347823,0.3127223916077115,-0.6461765614446786,0.5859117632359829,0.9233192932574299,numpy_ols,244,0.9997298604789648
exclude_wt_10132,Get_away_passive_count,0.011240506788569051,0.3124985935910497,-0.6043627870197739,0.6268438005969119,0.9713364767836504,numpy_ols,244,0.9997298604789648
exclude_wt_10132,Get_away_mean_duration,-2.1586072824786653e-05,0.041038011835491564,-0.08086398272800746,0.08082081058235788,0.9995807499864822,numpy_ols,244,0.9997298604789648
exclude_wt_10132,Get_away_std_duration,-0.0005341038364887682,0.05729229714933385,-0.11339645764641132,0.1123282499734338,0.9925696559284582,numpy_ols,244,0.9997298604789648
exclude_wt_10132,Group_3_break_count,0.01905476510067788,0.18574883140292175,-0.34685917748278794,0.3849687076841437,0.9183795577684072,numpy_ols,244,0.9997298604789648
exclude_wt_10132,Group_3_break_mean_duration,0.003691225137659587,0.025385187311145398,-0.04631605567312496,0.05369850594844413,0.8845108131076349,numpy_ols,244,0.9997298604789648
exclude_wt_10132,Group_3_break_std_duration,-0.008463771557457,0.047806436478866794,-0.1026395546335976,0.08571201151868359,0.8596249400852184,numpy_ols,244,0.9997298604789648
exclude_wt_10132,Group_3_make_count,-0.02253875721144071,0.18387120764838802,-0.38475389477136657,0.33967638034848513,0.9025434587968263,numpy_ols,244,0.9997298604789648
exclude_wt_10132,Group_3_make_mean_duration,0.009230188659387469,0.02593510567053094,-0.04186039799758734,0.06032077531636228,0.7222327258961221,numpy_ols,244,0.9997298604789648
exclude_wt_10132,Group_3_make_std_duration,0.001866969643476637,0.049572130611954354,-0.09578712388422785,0.09952106317118113,0.9699888688942505,numpy_ols,244,0.9997298604789648
exclude_wt_10132,Group_4_break_count,0.053401473461738826,0.3365162704217249,-0.6095151883739072,0.7163181352973849,0.8740478120484181,numpy_ols,244,0.9997298604789648
exclude_wt_10132,Group_4_break_mean_duration,0.05453833468438562,0.06608205699737313,-0.07563931341872787,0.18471598278749912,0.41001731618402615,numpy_ols,244,0.9997298604789648
exclude_wt_10132,Group_4_break_std_duration,0.07224886096234455,0.0743738586726416,-0.07426313400692074,0.21876085593160982,0.3323172060265497,numpy_ols,244,0.9997298604789648
exclude_wt_10132,Group_4_make_count,0.04675804390627437,0.3349706063896635,-0.6131137534443069,0.7066298412568556,0.8891026861275041,numpy_ols,244,0.9997298604789648
exclude_wt_10132,Group_4_make_mean_duration,0.03141129277283261,0.06599946039479827,-0.0986036450280739,0.16142623057373912,0.634557165018339,numpy_ols,244,0.9997298604789648
exclude_wt_10132,Group_4_make_std_duration,0.04266180315377638,0.07488255947966431,-0.10485230158106423,0.190175907888617,0.5694053380200168,numpy_ols,244,0.9997298604789648
exclude_wt_10132,Group2_active_count,-0.011207046241679328,0.2748604847653609,-0.5526655463101424,0.5302514538267837,0.9675104413932957,numpy_ols,244,0.9997298604789648
exclude_wt_10132,Group2_passive_count,-0.011222283794132565,0.2748609668042287,-0.5526817334499566,0.5302371658616915,0.9674663489288541,numpy_ols,244,0.9997298604789648
exclude_wt_10132,Group2_mean_duration,0.002517310901372607,0.08738788206828062,-0.16963152158447495,0.17466614338722017,0.9770432126160717,numpy_ols,244,0.9997298604789648
exclude_wt_10132,Group2_std_duration,-0.025221892928357935,0.11619920443589063,-0.25412728468270995,0.2036834988259941,0.8283488165559298,numpy_ols,244,0.9997298604789648
exclude_wt_10132,Huddling_count,0.05026757947752904,0.2256459800834438,-0.39424132847538734,0.4947764874304454,0.823903321060404,numpy_ols,244,0.9997298604789648
exclude_wt_10132,Huddling_mean_duration,0.009484407442639037,0.057105420511417086,-0.10300981071420619,0.12197862559948426,0.8682297325926986,numpy_ols,244,0.9997298604789648
exclude_wt_10132,Huddling_std_duration,-0.0666652423212638,0.1405427994544062,-0.3435260411842505,0.2101955565417229,0.6356896920737898,numpy_ols,244,0.9997298604789648
exclude_wt_10132,Move_in_contact_active_count,-0.015022332731096186,0.2815939644322875,-0.5697453797343723,0.5397007142721799,0.9574996021146006,numpy_ols,244,0.9997298604789648
exclude_wt_10132,Move_in_contact_passive_count,-0.0024393567927074276,0.28147085882160766,-0.556919893202416,0.552041179617001,0.9930924790697317,numpy_ols,244,0.9997298604789648
exclude_wt_10132,Move_in_contact_mean_duration,0.0024190899178487095,0.03355365577017568,-0.06367957879636166,0.06851775863205908,0.9425856737455396,numpy_ols,244,0.9997298604789648
exclude_wt_10132,Move_in_contact_std_duration,-0.012271909033805727,0.04281877010918108,-0.09662229158474034,0.0720784735171289,0.7746660215942227,numpy_ols,244,0.9997298604789648
exclude_wt_10132,Move_isolated_count,-0.06318649202154188,0.27166185411612453,-0.5983438835291036,0.47197089948601983,0.8162769580832421,numpy_ols,244,0.9997298604789648
exclude_wt_10132,Move_isolated_mean_duration,0.022145119059099935,0.052067062046384574,-0.08042383821634722,0.12471407633454709,0.6709867323455332,numpy_ols,244,0.9997298604789648
exclude_wt_10132,Move_isolated_std_duration,0.21222084769971988,0.13242965251214098,-0.04865754329571148,0.47309923869515125,0.11036197809091829,numpy_ols,244,0.9997298604789648
exclude_wt_10132,Oral_genital_Contact_active_count,-0.012451858108523506,0.2575468355391393,-0.5198035183060454,0.49489980208899836,0.9614793285609763,numpy_ols,244,0.9997298604789648
exclude_wt_10132,Oral_genital_Contact_passive_count,0.007310412176044837,0.2575339603048189,-0.5000158845900288,0.5146367089421185,0.9773778138003687,numpy_ols,244,0.9997298604789648
exclude_wt_10132,Oral_genital_Contact_mean_duration,0.00020331486086420936,0.03506167522223116,-0.06886606079683812,0.06927269051856653,0.9953781079596857,numpy_ols,244,0.9997298604789648
exclude_wt_10132,Oral_genital_Contact_std_duration,-0.011389190067465743,0.06293747438024982,-0.13537220095794952,0.11259382082301804,0.8565520258923667,numpy_ols,244,0.9997298604789648
exclude_wt_10132,Oral_oral_Contact_active_count,-0.006860291749561563,0.2626843828967994,-0.5243326089366978,0.5106120254375746,0.9791865277309231,numpy_ols,244,0.9997298604789648
exclude_wt_10132,Oral_oral_Contact_passive_count,-0.006860291749561563,0.2626843828967994,-0.5243326089366978,0.5106120254375746,0.9791865277309231,numpy_ols,244,0.9997298604789648
exclude_wt_10132,Oral_oral_Contact_mean_duration,-0.00047456080024649554,0.035873053066604835,-0.07114230164666772,0.07019318004617474,0.9894562140290548,numpy_ols,244,0.9997298604789648
exclude_wt_10132,Oral_oral_Contact_std_duration,0.0026614552979455156,0.06486848986665684,-0.12512553909264557,0.13044844968853658,0.9673074475912962,numpy_ols,244,0.9997298604789648
exclude_wt_10132,Periphery_Zone_count,-0.05834036987377605,0.23559817269802513,-0.5224544942334225,0.40577375448587044,0.8046359467442479,numpy_ols,244,0.9997298604789648
exclude_wt_10132,Periphery_Zone_mean_duration,0.0562040584725994,0.15313322872338567,-0.24545912314474827,0.3578672400899471,0.7139234946393942,numpy_ols,244,0.9997298604789648
exclude_wt_10132,Periphery_Zone_std_duration,0.11010357577089142,0.16826474382735718,-0.22136777372098315,0.441574925262766,0.5135172643188354,numpy_ols,244,0.9997298604789648
exclude_wt_10132,Rear_at_periphery_count,-0.10348556801468045,0.25271629055052364,-0.6013213472870782,0.39435021125771724,0.6825446146857121,numpy_ols,244,0.9997298604789648
exclude_wt_10132,Rear_at_periphery_mean_duration,0.02646922098425409,0.04575414851725558,-0.06366367916402152,0.11660212113252968,0.5634647584704215,numpy_ols,244,0.9997298604789648
exclude_wt_10132,Rear_at_periphery_std_duration,0.05427440293361359,0.10432571303245508,-0.15124093021930568,0.2597897360865329,0.6033779126326996,numpy_ols,244,0.9997298604789648
exclude_wt_10132,Rear_in_centerWindow_count,-0.2285734846471901,0.2895501825433772,-0.7989697992295645,0.3418228299351843,0.4306555057606871,numpy_ols,244,0.9997298604789648
exclude_wt_10132,Rear_in_centerWindow_mean_duration,-0.0005128495233630041,0.06818779051212975,-0.1348386650555536,0.1338129660088276,0.9940053337875534,numpy_ols,244,0.9997298604789648
exclude_wt_10132,Rear_in_centerWindow_std_duration,-0.05752125225321686,0.13982657722572947,-0.33297113672454026,0.21792863221810654,0.6811657364132933,numpy_ols,244,0.9997298604789648
exclude_wt_10132,Rear_in_contact_count,8.348008806153065e-05,0.24630914945558632,-0.4851306194621553,0.48529757963827835,0.9997298604789648,numpy_ols,244,0.9997298604789648
exclude_wt_10132,Rear_in_contact_mean_duration,0.004117807345403688,0.043225067792540366,-0.08103295702251277,0.08926857171332016,0.9241846945942304,numpy_ols,244,0.9997298604789648
exclude_wt_10132,Rear_in_contact_std_duration,-0.012538282213750432,0.08712420847425945,-0.18416769369643615,0.15909112926893532,0.8856906580587138,numpy_ols,244,0.9997298604789648
exclude_wt_10132,Rear_isolated_count,-0.10489329282196545,0.2504173262788623,-0.5982002517828245,0.3884136661388936,0.6756844522810039,numpy_ols,244,0.9997298604789648
exclude_wt_10132,Rear_isolated_mean_duration,0.022405544263918553,0.0476219920018915,-0.07140689436882484,0.11621798289666195,0.6384359510177627,numpy_ols,244,0.9997298604789648
exclude_wt_10132,Rear_isolated_std_duration,0.010980544918542317,0.11216349912605057,-0.2099747519152913,0.23193584175237592,0.9220956037232593,numpy_ols,244,0.9997298604789648
exclude_wt_10132,Rearing_count,0.02742713156494048,0.07748195965414806,-0.12520763400536064,0.1800618971352416,0.7236653019527457,numpy_ols,244,0.9997298604789648
exclude_wt_10132,Rearing_mean_duration,-0.03756571003627998,0.06876366613487671,-0.17302596565062625,0.09789454557806629,0.585368153728219,numpy_ols,244,0.9997298604789648
exclude_wt_10132,Rearing_std_duration,-0.017325627221811878,0.06429437746800386,-0.14398165497487145,0.10933040053124768,0.7877978818348967,numpy_ols,244,0.9997298604789648
exclude_wt_10132,SAP_count,0.020599792061512794,0.23057478765839884,-0.43361856815748484,0.47481815228051044,0.9288856976406135,numpy_ols,244,0.9997298604789648
exclude_wt_10132,SAP_mean_duration,0.028348379417114315,0.06404499499418924,-0.09781637997363302,0.15451313880786166,0.6584320910325738,numpy_ols,244,0.9997298604789648
exclude_wt_10132,SAP_std_duration,0.019003403775461142,0.1504203440682227,-0.2773155594559761,0.3153223670068984,0.8995727064855544,numpy_ols,244,0.9997298604789648
exclude_wt_10132,Side_by_side_Contact_active_count,-0.004574971188612362,0.2618858586095041,-0.5204742439156245,0.5113243015383997,0.9860767726754169,numpy_ols,244,0.9997298604789648
exclude_wt_10132,Side_by_side_Contact_passive_count,-0.004574971188612362,0.2618858586095041,-0.5204742439156245,0.5113243015383997,0.9860767726754169,numpy_ols,244,0.9997298604789648
exclude_wt_10132,Side_by_side_Contact_mean_duration,-0.005370731846908238,0.04400186848756847,-0.09205174651450353,0.08131028282068704,0.9029565175313221,numpy_ols,244,0.9997298604789648
exclude_wt_10132,Side_by_side_Contact_std_duration,-0.03327515297016716,0.06441177014307557,-0.16016243717981637,0.09361213123948207,0.6059127390721858,numpy_ols,244,0.9997298604789648
exclude_wt_10132,Side_by_side_Contact_opposite_way_active_count,0.0009998155776456893,0.25732745838409704,-0.5059196849174006,0.507919316072692,0.9969031622587544,numpy_ols,244,0.9997298604789648
exclude_wt_10132,Side_by_side_Contact_opposite_way_passive_count,0.0009998155776456893,0.25732745838409704,-0.5059196849174006,0.507919316072692,0.9969031622587544,numpy_ols,244,0.9997298604789648
exclude_wt_10132,Side_by_side_Contact_opposite_way_mean_duration,0.00504686224423824,0.0420735259025549,-0.07783543437703286,0.08792915886550934,0.9046208401802419,numpy_ols,244,0.9997298604789648
exclude_wt_10132,Side_by_side_Contact_opposite_way_std_duration,0.0330967937437774,0.0645294384035288,-0.09402228980896425,0.16021587729651904,0.6084988489307486,numpy_ols,244,0.9997298604789648
exclude_wt_10132,Social_approach_active_count,-0.008909069527956698,0.30977774224544397,-0.6191524510529511,0.6013343119970378,0.9770803594382649,numpy_ols,244,0.9997298604789648
exclude_wt_10132,Social_approach_passive_count,0.005616163000156117,0.30969497708664145,-0.6044641761770764,0.6156965021773886,0.9855466866113551,numpy_ols,244,0.9997298604789648
exclude_wt_10132,Social_approach_mean_duration,-0.006808416503446553,0.07038683712869488,-0.14546622062105508,0.13184938761416198,0.9230230311412264,numpy_ols,244,0.9997298604789648
exclude_wt_10132,Social_approach_std_duration,-0.03168282763332597,0.08948878829502127,-0.20797031808336428,0.14460466281671233,0.723619231471485,numpy_ols,244,0.9997298604789648
exclude_wt_10132,Social_escape_active_count,-0.020633696467514003,0.30233336106652936,-0.616212098155505,0.574944705220477,0.945645150387609,numpy_ols,244,0.9997298604789648
exclude_wt_10132,Social_escape_passive_count,0.001132479286579181,0.3022350718276098,-0.5942522985564866,0.5965172571296451,0.997013447403178,numpy_ols,244,0.9997298604789648
exclude_wt_10132,Social_escape_mean_duration,-0.002406171719692299,0.04752775412488417,-0.09603296744498908,0.09122062400560448,0.9596652990565167,numpy_ols,244,0.9997298604789648
exclude_wt_10132,Social_escape_std_duration,-0.009712046175417623,0.0639170138540611,-0.13562469047501247,0.11620059812417721,0.8793563367181381,numpy_ols,244,0.9997298604789648
exclude_wt_10132,Stop_count,-0.05060417690727925,0.11615254738184871,-0.27941765709231015,0.17820930327775164,0.6634694141558174,numpy_ols,244,0.9997298604789648
exclude_wt_10132,Stop_mean_duration,0.04799570754202247,0.11076741326027302,-0.17020938473077357,0.2662007998148185,0.665186415707953,numpy_ols,244,0.9997298604789648
exclude_wt_10132,Stop_std_duration,0.01754250732183729,0.10110371944461585,-0.18162569369678877,0.21671070834046335,0.8623974256174977,numpy_ols,244,0.9997298604789648
exclude_wt_10132,Stop_in_contact_active_count,-0.002396728008202731,0.27373542659725003,-0.5416389316573564,0.5368454756409511,0.9930214056934343,numpy_ols,244,0.9997298604789648
exclude_wt_10132,Stop_in_contact_passive_count,-0.006996734598170193,0.2737830475594797,-0.5463327486573678,0.5323392794610274,0.9796329955407372,numpy_ols,244,0.9997298604789648
exclude_wt_10132,Stop_in_contact_mean_duration,-0.002709582272145454,0.09633035744152488,-0.19247454938218042,0.1870553848378895,0.9775835185354828,numpy_ols,244,0.9997298604789648
exclude_wt_10132,Stop_in_contact_std_duration,-0.03221053206736448,0.11003018819648847,-0.24896333563598236,0.18454227150125338,0.7699728396697635,numpy_ols,244,0.9997298604789648
exclude_wt_10132,Stop_isolated_count,-0.029793621872892403,0.2710286093301179,-0.5637035595229087,0.504116315777124,0.9125587558685138,numpy_ols,244,0.9997298604789648
exclude_wt_10132,Stop_isolated_mean_duration,0.03852794840972183,0.1042667195445522,-0.16687117114668515,0.24392706796612879,0.712072283566725,numpy_ols,244,0.9997298604789648
exclude_wt_10132,Stop_isolated_std_duration,-0.018642068146522216,0.15508779094006003,-0.3241556188958113,0.2868714826027669,0.9044230697378626,numpy_ols,244,0.9997298604789648
exclude_wt_10132,Train2_active_count,-0.10431910762645302,0.20406317204785698,-0.506311191539746,0.29767297628684003,0.6096760394831235,numpy_ols,244,0.9997298604789648
exclude_wt_10132,Train2_passive_count,-0.08204866793258944,0.19723323117417163,-0.47058618217873327,0.30648884631355433,0.6777846183316661,numpy_ols,244,0.9997298604789648
exclude_wt_10132,Train2_mean_duration,0.024497303466132922,0.028668052258477652,-0.031977022368701834,0.08097162930096768,0.3936749853055467,numpy_ols,244,0.9997298604789648
exclude_wt_10132,Train2_std_duration,0.013868095729172086,0.029928028252316715,-0.045088306466434434,0.0728244979247786,0.6435126052177507,numpy_ols,244,0.9997298604789648
exclude_wt_10132,WallJump_count,0.07151644003075841,0.19056965684220112,-0.3038942365545862,0.446927116616103,0.7077871765140511,numpy_ols,244,0.9997298604789648
exclude_wt_10132,WallJump_mean_duration,-0.014108318502304037,0.037879339469956495,-0.08872832199424122,0.060511684989633135,0.7098847786096391,numpy_ols,244,0.9997298604789648
exclude_wt_10132,WallJump_std_duration,-0.04995286944871346,0.0567917533595464,-0.16182918232274718,0.06192344342532025,0.37997059697204527,numpy_ols,244,0.9997298604789648
exclude_wt_10132,isolated_count,-0.0070277973730215205,0.26964336854302007,-0.5382088946098517,0.5241532998638087,0.9792285939926398,numpy_ols,244,0.9997298604789648
exclude_wt_10132,isolated_mean_duration,0.04867135139469358,0.10880815159493684,-0.16567411411705607,0.26301681690644324,0.655053870873762,numpy_ols,244,0.9997298604789648
exclude_wt_10132,isolated_std_duration,0.14867145947116578,0.14173528504825977,-0.1305384637541402,0.42788138269647175,0.2952664134434359,numpy_ols,244,0.9997298604789648
exclude_wt_10132,seq_oral_geni___oral_oral_active_count,-0.001339799474945936,0.17440516475664025,-0.3449074061243267,0.3422278071744348,0.9938770325337971,numpy_ols,244,0.9997298604789648
exclude_wt_10132,seq_oral_geni___oral_oral_passive_count,0.014426114695040345,0.17447999595107408,-0.32928890487304735,0.35814113426312805,0.9341746969785731,numpy_ols,244,0.9997298604789648
exclude_wt_10132,seq_oral_geni___oral_oral_mean_duration,0.01118254322713061,0.04820498965879792,-0.08377836546350945,0.10614345191777066,0.8167528629594337,numpy_ols,244,0.9997298604789648
exclude_wt_10132,seq_oral_geni___oral_oral_std_duration,0.052976947990830775,0.0965171437430947,-0.13715597681515188,0.24310987279681343,0.5835958187229295,numpy_ols,244,0.9997298604789648
exclude_wt_10132,seq_oral_oral___oral_genital_active_count,-0.019660823198151677,0.17755397362474024,-0.3694313925185003,0.330109746122197,0.9119221716594391,numpy_ols,244,0.9997298604789648
exclude_wt_10132,seq_oral_oral___oral_genital_passive_count,0.030446755404383352,0.17751206558713473,-0.3192412576212616,0.3801347684300283,0.8639605440101491,numpy_ols,244,0.9997298604789648
exclude_wt_10132,seq_oral_oral___oral_genital_mean_duration,0.009173153467221693,0.047830773111014156,-0.08505057129959326,0.10339687823403665,0.8480746289813366,numpy_ols,244,0.9997298604789648
exclude_wt_10132,seq_oral_oral___oral_genital_std_duration,0.06639932234198835,0.08983548918563092,-0.11057114785452805,0.24336979253850477,0.46055862980402096,numpy_ols,244,0.9997298604789648
