source_sheet,phase,composite,n,mean,ci_low,ci_high
16p,baseline,Social proximity counts,8,-0.006787590116893239,-0.03384933451236571,0.02133958853922408
16p,post_stress,Social proximity counts,14,0.02126705548145627,-0.008308271448064149,0.05151115943824334
CD del,baseline,Social proximity counts,10,0.01534047831781401,-0.011444280703279016,0.04138971682642915
CD del,post_stress,Social proximity counts,12,-0.010177068515927193,-0.04121467984500694,0.02063331946930653
16p,baseline,Social bout duration,8,-0.043602273754912116,-0.0792102512575399,-0.007113898316045227
16p,post_stress,Social bout duration,14,-0.02235838382454446,-0.04212375916254582,-0.0013384997463612282
CD del,baseline,Social bout duration,10,0.03699738264991965,0.01083131102927521,0.06467918709561954
CD del,post_stress,Social bout duration,12,0.016332710444437796,-0.010470894691223797,0.043045538102333004
16p,baseline,Isolation counts,8,0.10587619907522686,-0.05431969026558813,0.2691759706016026
16p,post_stress,Isolation counts,14,0.02047828492238833,-0.1213057342765394,0.15445548738612142
CD del,baseline,Isolation counts,10,-0.17441841399439306,-0.2502340705338149,-0.09952663080758747
CD del,post_stress,Isolation counts,12,-0.11490614948443025,-0.1699983839837551,-0.06161367495993309
16p,baseline,Isolation duration,8,0.04139411326530561,-0.02913020488477771,0.10808783914455004
16p,post_stress,Isolation duration,14,-0.04688215770678713,-0.13458452078259542,0.03180768484014381
CD del,baseline,Isolation duration,10,0.008116424012177298,-0.03203072591129114,0.053388724954214054
CD del,post_stress,Isolation duration,12,0.0023303729959217915,-0.03445983187021852,0.040572475832591215
16p,baseline,Exploration / rearing,8,0.019949966195381905,-0.20015153260257273,0.22466195716760534
16p,post_stress,Exploration / rearing,14,-0.028229591940055313,-0.20177257090301048,0.13811367102739522
CD del,baseline,Exploration / rearing,10,-0.31634699854934,-0.4231210174235681,-0.20259509657776104
CD del,post_stress,Exploration / rearing,12,-0.18250108765374026,-0.31546900481302864,-0.0461897287354567
16p,baseline,Stop / fragmentation,8,0.22246944503736338,0.03391589947219113,0.43521305105735686
16p,post_stress,Stop / fragmentation,14,0.1614894845557012,0.08332637424470302,0.23551288347249663
CD del,baseline,Stop / fragmentation,10,-0.1691447145752859,-0.2907411858664161,-0.04643205647548635
CD del,post_stress,Stop / fragmentation,12,-0.12994191327623064,-0.23868178641426552,-0.023894950550961486
