source_sheet,phase,response,n,mean,ci_low,ci_high
16p,baseline,id_1,8,0.1599192244467632,-1.2494310795544095,1.6000616541127217
16p,baseline,id_2,8,1.8226510325713807,-0.7860612456537389,4.316087357607226
16p,baseline,identity_composite,8,0.9912851285090722,0.13988723298822017,1.7135198752516745
16p,baseline,pca_1,8,-0.6582446716229711,-1.3893837298905727,0.06409664283057741
16p,baseline,pca_2,8,0.8211729806220174,-0.09695616166374077,1.691343118791116
16p,baseline,pca_3,8,0.11482433304797812,-0.7760950195939617,1.2240868187299214
16p,post_stress,id_1,14,-0.23515646117756386,-1.2982593614753695,0.9724699697000624
16p,post_stress,id_2,14,2.091552156833531,0.8158977164460082,3.1748951559309364
16p,post_stress,identity_composite,14,0.9281978478279836,0.5082339549204518,1.3440544079390326
16p,post_stress,pca_1,14,-0.6223865035338376,-1.069563698134454,-0.19770078732772103
16p,post_stress,pca_2,14,0.5669184262070941,0.20034069283008632,0.9379840794532227
16p,post_stress,pca_3,14,-0.09646526854307322,-0.5825812493415561,0.37205137489971696
CD del,baseline,id_1,10,0.5381105011759019,0.3859143434152771,0.7325229740607366
CD del,baseline,id_2,10,-1.9224947218225303,-2.2777720478638095,-1.55918289604074
CD del,baseline,identity_composite,10,-0.6921921103233144,-0.7976807693966949,-0.5436610756284267
CD del,baseline,pca_1,10,0.21567254028884214,-0.1453685343886321,0.6044194301729376
CD del,baseline,pca_2,10,-0.8865911054605066,-1.8183125333401928,0.07074831013432105
CD del,baseline,pca_3,10,-0.04682931970121014,-0.9660666730530991,0.8305620815743713
CD del,post_stress,id_1,12,0.39580902920665384,-0.17329560254992546,1.0411791602517355
CD del,post_stress,id_2,12,0.2325282567592797,-0.7211691032055669,1.3412780475080535
CD del,post_stress,identity_composite,12,0.31416864298296693,-0.27418222400144254,0.9576876849292815
CD del,post_stress,pca_1,12,0.2564678410477885,-0.22362747605415353,0.7374868386111146
CD del,post_stress,pca_2,12,-0.7056803447574295,-1.2896290326862772,-0.111344702923056
CD del,post_stress,pca_3,12,0.3939318670629475,0.03083383042451551,0.7514252665940437
