source_sheet,phase,feature,n,mean,ci_low,ci_high
16p,baseline,Approach_active_count,8,0.03593467038709974,0.016832324729140202,0.05452542611872557
16p,baseline,Approach_passive_count,8,0.006247130182964744,-0.024067255307562874,0.03585069477402514
16p,baseline,Approach_mean_duration,8,-0.028239185261559246,-0.05585628664272595,-0.0017123233987152708
16p,baseline,Approach_std_duration,8,-0.025957285195856883,-0.05064771007262419,-0.0042234049449657585
16p,baseline,Approach_contact_active_count,8,0.14696208069969152,-0.015147163663394858,0.336771909671966
16p,baseline,Approach_contact_passive_count,8,-0.08051170701796184,-0.2189570460401885,0.04935710361988875
16p,baseline,Approach_contact_mean_duration,8,0.007182546428385048,-0.0004920757650469093,0.015631854570470102
16p,baseline,Approach_contact_std_duration,8,0.006029804270991271,-0.0006875017852651655,0.01350865537437023
16p,baseline,Approach_rear_active_count,8,-0.023758040915900724,-0.057589443827789716,0.010904118836175942
16p,baseline,Approach_rear_passive_count,8,-0.1374651559572846,-0.20038305686481594,-0.07084676022807213
16p,baseline,Approach_rear_mean_duration,8,-0.02565247059956069,-0.04456169344148976,-0.006784184932332394
16p,baseline,Approach_rear_std_duration,8,-0.06453274281843341,-0.12599745951116867,-0.007160639484210256
16p,baseline,Break_contact_active_count,8,0.056182134815446205,-0.01934872943920417,0.14343797530653252
16p,baseline,Break_contact_passive_count,8,-0.05596939112341237,-0.15239392794191087,0.03209509184023806
16p,baseline,Break_contact_mean_duration,8,-0.0016576156398335762,-0.008102612719010638,0.005206338614084945
16p,baseline,Break_contact_std_duration,8,-0.004903418544853613,-0.02341436504353532,0.0122734958154435
16p,baseline,Center_Zone_count,8,0.3324433817180329,0.013820376591319438,0.6902240974017861
16p,baseline,Center_Zone_mean_duration,8,-0.1414788655214578,-0.35484216817534986,0.052339799149263566
16p,baseline,Center_Zone_std_duration,8,-0.21457200830083506,-0.5321288170011189,0.08868965296550604
16p,baseline,Contact_active_count,8,0.03846269685814285,0.00513609463603392,0.07151247598189323
16p,baseline,Contact_passive_count,8,0.03847037675975051,0.00390944073245263,0.07192767911326337
16p,baseline,Contact_mean_duration,8,-0.12133132131356952,-0.18792877248640558,-0.05284346927368861
16p,baseline,Contact_std_duration,8,-0.13408388959765422,-0.19461625172200125,-0.06004618153577985
16p,baseline,Get_away_active_count,8,0.013118443811034775,-0.031080013666221002,0.06133153912498636
16p,baseline,Get_away_passive_count,8,0.0026052078112659416,-0.013463629237395596,0.01765778961272133
16p,baseline,Get_away_mean_duration,8,-0.009262250369130115,-0.02002309613434883,-0.0012270292858707554
16p,baseline,Get_away_std_duration,8,-0.03226388211335038,-0.05298656725724686,-0.012231244140853543
16p,baseline,Group_3_break_count,8,0.06996868112624977,-0.019059967429224556,0.17308508505797202
16p,baseline,Group_3_break_mean_duration,8,-0.007336089079258007,-0.11512502551161193,0.06888436469294394
16p,baseline,Group_3_break_std_duration,8,-0.12101712701545006,-0.46397725828638375,0.10743273764471614
16p,baseline,Group_3_make_count,8,0.11711509199771597,0.0045099798047930064,0.2289932841192247
16p,baseline,Group_3_make_mean_duration,8,-0.006133740501542237,-0.11372257092516147,0.07239846833201825
16p,baseline,Group_3_make_std_duration,8,-0.12135293583737305,-0.4649036499970709,0.11870498359322139
16p,baseline,Group_4_break_count,8,0.04346273622842417,-0.20319783314850293,0.27349764980469365
16p,baseline,Group_4_break_mean_duration,8,0.05894239329468385,-0.04090068991159543,0.15963004703078446
16p,baseline,Group_4_break_std_duration,8,0.047698267915897354,-0.1413568900776928,0.19323688704135408
16p,baseline,Group_4_make_count,8,0.14764964576740336,-0.10140239017881603,0.407603929992656
16p,baseline,Group_4_make_mean_duration,8,0.04566248515592957,-0.07412725069898896,0.13972188385691273
16p,baseline,Group_4_make_std_duration,8,0.08475280987397613,-0.11577886187398864,0.21968295301134433
16p,baseline,Group2_active_count,8,0.004055379258802616,-0.03595294308123387,0.05048146497350018
16p,baseline,Group2_passive_count,8,0.0034938397931187914,-0.03732864450940265,0.04982546479536277
16p,baseline,Group2_mean_duration,8,-0.08076966171383534,-0.15170608786004572,-0.016074377141848353
16p,baseline,Group2_std_duration,8,-0.07064913119046728,-0.12759550271519782,-0.0026148574140295
16p,baseline,Huddling_count,8,0.15734567459916826,-0.01694612590429931,0.2970683808764808
16p,baseline,Huddling_mean_duration,8,0.048853854095973925,-0.05358992849883337,0.14033802943261492
16p,baseline,Huddling_std_duration,8,0.12471720912613998,-0.142855758868605,0.3608309685564543
16p,baseline,Move_in_contact_active_count,8,-0.016803473840453442,-0.04084511444123429,0.007999767341766884
16p,baseline,Move_in_contact_passive_count,8,-0.07110327814708328,-0.12743039646341225,-0.012043157637785672
16p,baseline,Move_in_contact_mean_duration,8,-0.011634652414951277,-0.023516956600281233,-0.0019943994935750714
16p,baseline,Move_in_contact_std_duration,8,-0.023623660887852033,-0.04246600583452133,-0.00419256827546452
16p,baseline,Move_isolated_count,8,0.16593381294722065,-0.01899753810715943,0.33217991998301244
16p,baseline,Move_isolated_mean_duration,8,0.012365791565889211,-0.09029331752818817,0.11593345430761272
16p,baseline,Move_isolated_std_duration,8,-0.24924289056228238,-0.7483446417565027,0.09364157663414971
16p,baseline,Oral_genital_Contact_active_count,8,-0.05627458570281274,-0.09621702488318004,-0.01866635513566417
16p,baseline,Oral_genital_Contact_passive_count,8,-0.07829740946160135,-0.1309698210769427,-0.015414476475849592
16p,baseline,Oral_genital_Contact_mean_duration,8,-0.03396553888307584,-0.052474453447502775,-0.017311750697145585
16p,baseline,Oral_genital_Contact_std_duration,8,-0.02851360968515851,-0.08054955918798445,0.02244821837978799
16p,baseline,Oral_oral_Contact_active_count,8,-0.08179278901452725,-0.14648024952201577,-0.03012236057900164
16p,baseline,Oral_oral_Contact_passive_count,8,-0.08179278901452725,-0.14688433703489814,-0.027875311578828093
16p,baseline,Oral_oral_Contact_mean_duration,8,-0.02814881350407035,-0.04887926925599407,-0.009949723813899306
16p,baseline,Oral_oral_Contact_std_duration,8,-0.022365127106460048,-0.0702760295697303,0.03389542055681591
16p,baseline,Periphery_Zone_count,8,0.21485271931546324,0.07490918639304854,0.3723864692786993
16p,baseline,Periphery_Zone_mean_duration,8,-0.22832266145713453,-0.4007522752556344,-0.0873588141959013
16p,baseline,Periphery_Zone_std_duration,8,-0.21527511702092628,-0.3894973612890665,-0.0549411533562727
16p,baseline,Rear_at_periphery_count,8,0.010636573120643367,-0.29523471944974666,0.3045568846896265
16p,baseline,Rear_at_periphery_mean_duration,8,-0.1393742171380214,-0.2819246154909926,-0.027350678740048578
16p,baseline,Rear_at_periphery_std_duration,8,-0.301030957721213,-0.6898153472638632,-0.02039665574319011
16p,baseline,Rear_in_centerWindow_count,8,0.16576717018258125,-0.31369327028781024,0.7390991745095584
16p,baseline,Rear_in_centerWindow_mean_duration,8,0.0852263079975126,-0.08928346068663323,0.3632560142849886
16p,baseline,Rear_in_centerWindow_std_duration,8,0.12729877435518655,-0.20516135296182736,0.7133660184732145
16p,baseline,Rear_in_contact_count,8,-0.12703550843150346,-0.1754492918825128,-0.07312787578553247
16p,baseline,Rear_in_contact_mean_duration,8,-0.030155308368606845,-0.04958907344955871,-0.009792889016161543
16p,baseline,Rear_in_contact_std_duration,8,-0.1468026168432985,-0.2417176962614245,-0.04466010389969005
16p,baseline,Rear_isolated_count,8,0.02349243889354269,-0.27367917782158924,0.32700952765341107
16p,baseline,Rear_isolated_mean_duration,8,-0.08600280598254059,-0.24992987974230652,0.053093503881874185
16p,baseline,Rear_isolated_std_duration,8,-0.1010486941814985,-0.5850793427316323,0.4319288216358789
16p,baseline,Rearing_count,8,-0.007775888595547786,-0.10255393839419225,0.08496364232295328
16p,baseline,Rearing_mean_duration,8,0.007907023560122461,-0.07611274242870153,0.09624538067237191
16p,baseline,Rearing_std_duration,8,-0.03747745209963094,-0.15741202967692436,0.08565939541522316
16p,baseline,SAP_count,8,0.11970140875685975,0.03419038928815317,0.2000707436433351
16p,baseline,SAP_mean_duration,8,-0.03512001503651109,-0.10201682836181167,0.02917793360459541
16p,baseline,SAP_std_duration,8,-0.14841960139659768,-0.5108935033979836,0.19733518131372865
16p,baseline,Side_by_side_Contact_active_count,8,-0.0824244518018411,-0.15383794051637728,-0.017115183560971303
16p,baseline,Side_by_side_Contact_passive_count,8,-0.0824244518018411,-0.15295264453166652,-0.016905914316437176
16p,baseline,Side_by_side_Contact_mean_duration,8,-0.046252161210895565,-0.07987644428086794,-0.008017922074630283
16p,baseline,Side_by_side_Contact_std_duration,8,-0.009461808773188779,-0.09487513597468258,0.09518952653244331
16p,baseline,Side_by_side_Contact_opposite_way_active_count,8,-0.0774306812541109,-0.1472461442706631,-0.012361042393786378
16p,baseline,Side_by_side_Contact_opposite_way_passive_count,8,-0.0774306812541109,-0.1467337433954312,-0.011910938344746262
16p,baseline,Side_by_side_Contact_opposite_way_mean_duration,8,-0.04368907696208607,-0.08082772048636944,-0.009062759783156762
16p,baseline,Side_by_side_Contact_opposite_way_std_duration,8,-0.05992469752274493,-0.17403680886680314,0.04530807445263304
16p,baseline,Social_approach_active_count,8,0.022048766575995415,-0.011890587506622152,0.05681351966830157
16p,baseline,Social_approach_passive_count,8,-0.02455876947752378,-0.05966264824766636,0.012758309235360699
16p,baseline,Social_approach_mean_duration,8,-0.05843016216212807,-0.0941464938663839,-0.017182037595617993
16p,baseline,Social_approach_std_duration,8,-0.05921191311774404,-0.10361316511584474,-0.005674825021576069
16p,baseline,Social_escape_active_count,8,-0.012783354854918993,-0.05101556304886265,0.023731112894151453
16p,baseline,Social_escape_passive_count,8,-0.04770937536548403,-0.10100097672907005,0.004862202742900418
16p,baseline,Social_escape_mean_duration,8,-0.030823296514699006,-0.04606833289534116,-0.016917949098703505
16p,baseline,Social_escape_std_duration,8,-0.06604057249881243,-0.09161501995621056,-0.03781192958749109
16p,baseline,Stop_count,8,0.22288027035909763,-0.08389983816236579,0.5460403620600471
16p,baseline,Stop_mean_duration,8,-0.20824550362648553,-0.5366552830643437,0.09954093739588332
16p,baseline,Stop_std_duration,8,-0.12076429075672734,-0.3440757790348919,0.09603708710786703
16p,baseline,Stop_in_contact_active_count,8,0.02140201483174131,-0.007178575704730375,0.0531136425999503
16p,baseline,Stop_in_contact_passive_count,8,0.029523186590033723,-0.0019357568427929702,0.05972073871080828
16p,baseline,Stop_in_contact_mean_duration,8,-0.11524856370198047,-0.17558042030041235,-0.05203734863063708
16p,baseline,Stop_in_contact_std_duration,8,-0.1297869257420009,-0.18726907451792463,-0.06089427879729241
16p,baseline,Stop_isolated_count,8,0.12632429738672302,-0.005567470198246586,0.27175350037020585
16p,baseline,Stop_isolated_mean_duration,8,-0.017969835425796443,-0.14421951479272646,0.08768243811907153
16p,baseline,Stop_isolated_std_duration,8,0.12671661380304566,-0.1758882437672256,0.4265611873822587
16p,baseline,Train2_active_count,8,-0.023220292814227383,-0.42034550053541253,0.34519690350119137
16p,baseline,Train2_passive_count,8,-0.08738661379630316,-0.4526598448937625,0.2365543608654301
16p,baseline,Train2_mean_duration,8,0.032081405221571775,-0.06594101704403811,0.15340225962895557
16p,baseline,Train2_std_duration,8,0.014090422329752453,-0.07034606909502564,0.09939635027449026
16p,baseline,WallJump_count,8,-0.44571731956758726,-1.0429227080602241,0.034694035935450375
16p,baseline,WallJump_mean_duration,8,0.008215749157851955,-0.144115210402495,0.18385376284528662
16p,baseline,WallJump_std_duration,8,-0.004994463856647292,-0.1768196156012219,0.20257286092104512
16p,baseline,isolated_count,8,0.10775424707342107,-0.029012870908676113,0.2588661318403215
16p,baseline,isolated_mean_duration,8,0.25718330290367025,0.041880253444750055,0.4311930943630364
16p,baseline,isolated_std_duration,8,0.34613100795272345,-0.032274020793372715,0.6838498426033338
16p,baseline,seq_oral_geni___oral_oral_active_count,8,-0.1291020645094375,-0.20587907966146285,-0.05996587666173592
16p,baseline,seq_oral_geni___oral_oral_passive_count,8,-0.11844944268423307,-0.19040615253133075,-0.04751335876471977
16p,baseline,seq_oral_geni___oral_oral_mean_duration,8,-0.0015307502416480878,-0.052200807892415026,0.045220694101523705
16p,baseline,seq_oral_geni___oral_oral_std_duration,8,0.10169445301381402,-0.16676611216176548,0.32434411514373745
16p,baseline,seq_oral_oral___oral_genital_active_count,8,-0.016838750238137856,-0.09402589546571827,0.055840229075909686
16p,baseline,seq_oral_oral___oral_genital_passive_count,8,-0.08449802706983445,-0.1626645231572986,-0.005840380898451205
16p,baseline,seq_oral_oral___oral_genital_mean_duration,8,-0.014464219420443875,-0.059932526225294214,0.027710116829458654
16p,baseline,seq_oral_oral___oral_genital_std_duration,8,-0.047685775967508476,-0.3832231716461294,0.2624330128271404
16p,post_stress,Approach_active_count,14,0.01675711638239541,-0.0007868803622239311,0.033278262358021664
16p,post_stress,Approach_passive_count,14,-0.0020820909782506597,-0.022986829984213364,0.018765127087364622
16p,post_stress,Approach_mean_duration,14,-0.015629858961663117,-0.02859803454034966,-0.002775649337888512
16p,post_stress,Approach_std_duration,14,-0.0076874717621417,-0.03386360346230248,0.02133950459742798
16p,post_stress,Approach_contact_active_count,14,0.12042418625764206,0.03760747321697035,0.210705730691349
16p,post_stress,Approach_contact_passive_count,14,-0.08838881036302894,-0.16530397610287326,-0.006401476120493524
16p,post_stress,Approach_contact_mean_duration,14,0.007929416978707169,-0.0020885196576002686,0.017908785724270692
16p,post_stress,Approach_contact_std_duration,14,0.011243307424620184,0.0008501284362842046,0.021695853907969333
16p,post_stress,Approach_rear_active_count,14,-0.010616706509944887,-0.04907486531971181,0.03096893247796379
16p,post_stress,Approach_rear_passive_count,14,-0.07016726372787245,-0.11172906463599175,-0.02519695853591476
16p,post_stress,Approach_rear_mean_duration,14,-0.01897989220690036,-0.033476772162451235,-0.00610310485452963
16p,post_stress,Approach_rear_std_duration,14,-0.025001520871187215,-0.06932878440490828,0.017884749549882433
16p,post_stress,Break_contact_active_count,14,0.03317880587436323,-0.004563012414335563,0.07626991395793233
16p,post_stress,Break_contact_passive_count,14,-0.0410417286231759,-0.1007160316080432,0.022774973230614913
16p,post_stress,Break_contact_mean_duration,14,-0.00145730558857072,-0.009020564975871262,0.006856531578945405
16p,post_stress,Break_contact_std_duration,14,0.03209711165724964,0.000954435847694012,0.06855375868912628
16p,post_stress,Center_Zone_count,14,0.2108379117409285,0.05897284696802562,0.36509273273275206
16p,post_stress,Center_Zone_mean_duration,14,-0.09555051396710554,-0.24367500857421573,0.06112428184581471
16p,post_stress,Center_Zone_std_duration,14,-0.19664865432841422,-0.4989673417841421,0.057240034848783344
16p,post_stress,Contact_active_count,14,0.02709874371724132,-0.0007876941063814482,0.055693818020467516
16p,post_stress,Contact_passive_count,14,0.027155148157290414,-0.0013650575904651239,0.05542489280197191
16p,post_stress,Contact_mean_duration,14,-0.07571776349604982,-0.12526007905065795,-0.022957590621621497
16p,post_stress,Contact_std_duration,14,-0.08107004932372629,-0.13839967128776,-0.01978190367293958
16p,post_stress,Get_away_active_count,14,0.031151248658163894,-0.012092079613047578,0.06830213371753904
16p,post_stress,Get_away_passive_count,14,-0.014548029231009554,-0.02959135971406815,0.001265817031186849
16p,post_stress,Get_away_mean_duration,14,-0.0032838655943310735,-0.01292775188531707,0.005376013413618437
16p,post_stress,Get_away_std_duration,14,-0.007309053678415659,-0.02317530222755128,0.01100628304912195
16p,post_stress,Group_3_break_count,14,-0.0011161360914763638,-0.13157457400744577,0.11570684050499622
16p,post_stress,Group_3_break_mean_duration,14,0.014085158918532348,-0.03169851071247271,0.057821326540863346
16p,post_stress,Group_3_break_std_duration,14,-0.017083823525466862,-0.12996033049992778,0.101361337926902
16p,post_stress,Group_3_make_count,14,0.02263572539374557,-0.14495926241731275,0.17719479453056508
16p,post_stress,Group_3_make_mean_duration,14,0.01045481100777103,-0.028881284449335753,0.05562748260224491
16p,post_stress,Group_3_make_std_duration,14,-0.030534201017076067,-0.15327480304374885,0.0990576597485454
16p,post_stress,Group_4_break_count,14,0.12461083755996961,-0.24427848076968034,0.4899973932271674
16p,post_stress,Group_4_break_mean_duration,14,0.059627603032445554,-0.05104558747948928,0.16698067096737676
16p,post_stress,Group_4_break_std_duration,14,0.07686382542919223,-0.03269544234268408,0.18761884229785034
16p,post_stress,Group_4_make_count,14,0.07458866648391187,-0.1701521769948885,0.31540826657824644
16p,post_stress,Group_4_make_mean_duration,14,-0.006932432799616544,-0.09420462766320824,0.07491097564528375
16p,post_stress,Group_4_make_std_duration,14,0.04650591392309265,-0.08953783707705176,0.18724463628217614
16p,post_stress,Group2_active_count,14,0.016529834111725008,-0.029408644928804597,0.06540676314437811
16p,post_stress,Group2_passive_count,14,0.016682338099985334,-0.031064967723812707,0.06371163119716677
16p,post_stress,Group2_mean_duration,14,-0.07541499187696823,-0.1318578805253549,-0.012470941307259354
16p,post_stress,Group2_std_duration,14,-0.0893926363830521,-0.16571916687967114,-0.007390986495235938
16p,post_stress,Huddling_count,14,0.17678294859469837,0.051334673590929074,0.29364342140574057
16p,post_stress,Huddling_mean_duration,14,0.07801600386417058,0.007551096895077094,0.13771463893022617
16p,post_stress,Huddling_std_duration,14,0.08034619177879322,-0.21439705240516546,0.33025344729364275
16p,post_stress,Move_in_contact_active_count,14,0.01795689240987976,-0.015621451645796083,0.051043172214669946
16p,post_stress,Move_in_contact_passive_count,14,-0.04002222958858522,-0.08060258386544696,0.004717465742073454
16p,post_stress,Move_in_contact_mean_duration,14,-0.00262528885616289,-0.012838302281780066,0.008545940647503372
16p,post_stress,Move_in_contact_std_duration,14,-0.005193732313728645,-0.026458556390434207,0.014198887404093186
16p,post_stress,Move_isolated_count,14,0.1676764976490974,0.07660804497064777,0.2644651875551708
16p,post_stress,Move_isolated_mean_duration,14,-0.02145769389109669,-0.09308511404457803,0.045409960631197795
16p,post_stress,Move_isolated_std_duration,14,-0.09992636603635326,-0.5890257108087494,0.2818318874627074
16p,post_stress,Oral_genital_Contact_active_count,14,0.00937580734667552,-0.03576211030690048,0.056733917198301495
16p,post_stress,Oral_genital_Contact_passive_count,14,-0.019850299301000796,-0.07065764039267967,0.029866010398426672
16p,post_stress,Oral_genital_Contact_mean_duration,14,-0.017250598698243674,-0.031029358749251893,-0.003862596385250702
16p,post_stress,Oral_genital_Contact_std_duration,14,0.009482167923834812,-0.04169047036839818,0.058727457687026696
16p,post_stress,Oral_oral_Contact_active_count,14,-0.030255754443837483,-0.07179338253837979,0.011738990604043263
16p,post_stress,Oral_oral_Contact_passive_count,14,-0.030255754443837483,-0.07114276482074999,0.01310593669756399
16p,post_stress,Oral_oral_Contact_mean_duration,14,-0.012285145762483891,-0.030080011150829516,0.005790107323652437
16p,post_stress,Oral_oral_Contact_std_duration,14,0.06192673306703541,-0.044371614965051764,0.1798572778131942
16p,post_stress,Periphery_Zone_count,14,0.1842523642385546,0.08804154496544347,0.27333533532978044
16p,post_stress,Periphery_Zone_mean_duration,14,-0.2217436179279811,-0.3296506443496579,-0.11828682805001411
16p,post_stress,Periphery_Zone_std_duration,14,-0.2873787612185481,-0.40229619107762116,-0.17755497843960757
16p,post_stress,Rear_at_periphery_count,14,-0.18905483301201148,-0.5377850789971411,0.12057347492729746
16p,post_stress,Rear_at_periphery_mean_duration,14,-0.18758915538097853,-0.32810624228149654,-0.07325095231446911
16p,post_stress,Rear_at_periphery_std_duration,14,-0.25943680294577315,-0.46458179696218316,-0.06435000129654897
16p,post_stress,Rear_in_centerWindow_count,14,0.030395313933408646,-0.3499722776676694,0.4023392314099839
16p,post_stress,Rear_in_centerWindow_mean_duration,14,0.02032316308191003,-0.1688251910366736,0.19171045699234282
16p,post_stress,Rear_in_centerWindow_std_duration,14,-0.03605179088975962,-0.32877355847737466,0.2493126498803876
16p,post_stress,Rear_in_contact_count,14,-0.05708464233871486,-0.10932925375921969,0.004427926311965973
16p,post_stress,Rear_in_contact_mean_duration,14,-0.0482603053600559,-0.08193830467807625,-0.01340299321885662
16p,post_stress,Rear_in_contact_std_duration,14,-0.1084088364907725,-0.24785360913415638,0.039494998947709394
16p,post_stress,Rear_isolated_count,14,-0.16482004342917658,-0.5040712042004916,0.14752215754525647
16p,post_stress,Rear_isolated_mean_duration,14,-0.17173336341839704,-0.29856831676632056,-0.0585504524853413
16p,post_stress,Rear_isolated_std_duration,14,-0.2916364068701535,-0.48956713441644656,-0.08826614699364764
16p,post_stress,Rearing_count,14,-0.06148513837697684,-0.13207367961409516,0.011629917435911373
16p,post_stress,Rearing_mean_duration,14,0.046601873969652,-0.01377195723637631,0.10329528050345968
16p,post_stress,Rearing_std_duration,14,0.04040493887649145,-0.019166555155268248,0.10002804784334295
16p,post_stress,SAP_count,14,0.07575283629975438,0.020939394164996072,0.1355439150337679
16p,post_stress,SAP_mean_duration,14,0.029508227969203178,-0.06543739648862369,0.13850967710351936
16p,post_stress,SAP_std_duration,14,0.04150799844673419,-0.22939649957528663,0.3195828614569616
16p,post_stress,Side_by_side_Contact_active_count,14,-0.02598278312533602,-0.07865204354428762,0.02850529882131988
16p,post_stress,Side_by_side_Contact_passive_count,14,-0.02598278312533602,-0.0782000683043084,0.026259111760437652
16p,post_stress,Side_by_side_Contact_mean_duration,14,-0.0314978069776917,-0.05159111195246541,-0.012843025651732376
16p,post_stress,Side_by_side_Contact_std_duration,14,-0.02799440922590977,-0.10808554242400104,0.054931908915249184
16p,post_stress,Side_by_side_Contact_opposite_way_active_count,14,-0.00907485528024792,-0.05791863707756524,0.04166406300472347
16p,post_stress,Side_by_side_Contact_opposite_way_passive_count,14,-0.00907485528024792,-0.05903558900016556,0.04195300179448251
16p,post_stress,Side_by_side_Contact_opposite_way_mean_duration,14,-0.020658951897685122,-0.044912916161276864,0.004770836072484514
16p,post_stress,Side_by_side_Contact_opposite_way_std_duration,14,0.00026420555352307015,-0.07537427247225383,0.0720774125771435
16p,post_stress,Social_approach_active_count,14,0.019926618137543452,-0.01597556560800516,0.05253982980034366
16p,post_stress,Social_approach_passive_count,14,-0.01285687478297375,-0.05654937961838035,0.03405563858589797
16p,post_stress,Social_approach_mean_duration,14,-0.042262447178520755,-0.06833172411603068,-0.014800416455104857
16p,post_stress,Social_approach_std_duration,14,-0.051797331970744036,-0.09313114989506914,-0.01156719389845026
16p,post_stress,Social_escape_active_count,14,0.007476994592675368,-0.028326775988975785,0.040284103267706005
16p,post_stress,Social_escape_passive_count,14,-0.041649857264853755,-0.08666219299435682,0.002338752072980571
16p,post_stress,Social_escape_mean_duration,14,-0.00794070945949034,-0.020551575739333243,0.005710727861047468
16p,post_stress,Social_escape_std_duration,14,-0.0035717223085273303,-0.04473438354426046,0.029827428497633163
16p,post_stress,Stop_count,14,0.1751148259435674,0.055419012248199465,0.2992278916216887
16p,post_stress,Stop_mean_duration,14,-0.2029827696956618,-0.3051999435367947,-0.10118007295992916
16p,post_stress,Stop_std_duration,14,-0.2102267879592097,-0.2977923640496513,-0.12853544194818825
16p,post_stress,Stop_in_contact_active_count,14,0.020481630726883675,-0.00816116607324561,0.05007165308615952
16p,post_stress,Stop_in_contact_passive_count,14,0.02912036666223372,0.00038617769690948436,0.05718241314515109
16p,post_stress,Stop_in_contact_mean_duration,14,-0.0767034034986469,-0.12443087975476642,-0.024697295912816282
16p,post_stress,Stop_in_contact_std_duration,14,-0.08598602137267984,-0.14137675052849002,-0.0235690006347988
16p,post_stress,Stop_isolated_count,14,0.0876460939375908,0.035304618224638366,0.14427294202928628
16p,post_stress,Stop_isolated_mean_duration,14,-0.11136856378338367,-0.1908989840696067,-0.03523968407411206
16p,post_stress,Stop_isolated_std_duration,14,-0.12556536117217396,-0.30804604084600173,0.050442516531714415
16p,post_stress,Train2_active_count,14,0.3595032895278462,-0.08504040037558609,0.8199448605334643
16p,post_stress,Train2_passive_count,14,-0.045925531145434975,-0.4378644634668501,0.32511877773166314
16p,post_stress,Train2_mean_duration,14,-0.05593637273895478,-0.10713921195210194,-0.0034857207440947735
16p,post_stress,Train2_std_duration,14,-0.0571604787526281,-0.1193548182926184,-0.0005419689854265626
16p,post_stress,WallJump_count,14,-0.7143601124267571,-1.367770504694316,-0.06118868721132303
16p,post_stress,WallJump_mean_duration,14,-0.045394457442082925,-0.13845607549987904,0.06514832987714639
16p,post_stress,WallJump_std_duration,14,0.05446915925270324,-0.07417286647064679,0.18717805510621172
16p,post_stress,isolated_count,14,-0.008589408467958304,-0.1667254648936964,0.13935889881549576
16p,post_stress,isolated_mean_duration,14,0.11703099026572886,-0.050357561583906967,0.2816579672438038
16p,post_stress,isolated_std_duration,14,0.21258385502113666,-0.04898151947981377,0.4829977716673479
16p,post_stress,seq_oral_geni___oral_oral_active_count,14,-0.05737152141549424,-0.11432860448507984,-0.0037877973396473127
16p,post_stress,seq_oral_geni___oral_oral_passive_count,14,0.03760043016655982,-0.033430716369672764,0.11428404563860707
16p,post_stress,seq_oral_geni___oral_oral_mean_duration,14,-0.00466319250609223,-0.04454402152788906,0.03514762626180043
16p,post_stress,seq_oral_geni___oral_oral_std_duration,14,0.08976070294847702,-0.0870205333987465,0.3077023416557868
16p,post_stress,seq_oral_oral___oral_genital_active_count,14,-0.04518844290481664,-0.09739865331232886,0.0074085410931443545
16p,post_stress,seq_oral_oral___oral_genital_passive_count,14,0.04379241748678136,-0.036780260568173205,0.12132793543757718
16p,post_stress,seq_oral_oral___oral_genital_mean_duration,14,-0.01294690759219135,-0.05713541880231953,0.024951743417194378
16p,post_stress,seq_oral_oral___oral_genital_std_duration,14,-0.0027945776064211636,-0.16869542011281552,0.1554336699631824
CD del,baseline,Approach_active_count,10,-0.0024669738272812937,-0.016814664378562147,0.013106098817215653
CD del,baseline,Approach_passive_count,10,-0.03959389765521557,-0.04818779490997424,-0.030973629674671755
CD del,baseline,Approach_mean_duration,10,0.02316872874110156,0.001570293211506879,0.04324636609937199
CD del,baseline,Approach_std_duration,10,0.047599729948319736,0.015252997207376657,0.08124909935604599
CD del,baseline,Approach_contact_active_count,10,-0.17890768868540707,-0.3244554581031502,-0.04942186459728291
CD del,baseline,Approach_contact_passive_count,10,0.07924683836463205,0.01880009831214533,0.14849777629865996
CD del,baseline,Approach_contact_mean_duration,10,0.004490927566317559,-0.003999706154743295,0.012950512801773053
CD del,baseline,Approach_contact_std_duration,10,0.006404029754745267,-0.0012634862312333138,0.014187387917792112
CD del,baseline,Approach_rear_active_count,10,-0.026585156230319297,-0.06749579827481136,0.01652688869072451
CD del,baseline,Approach_rear_passive_count,10,-0.021331205787138253,-0.06524535627436091,0.028820115180544493
CD del,baseline,Approach_rear_mean_duration,10,0.021619046014202493,0.005419397942683426,0.03682472728795056
CD del,baseline,Approach_rear_std_duration,10,0.0822965848423183,-0.0025888752258199947,0.17739407171006383
CD del,baseline,Break_contact_active_count,10,-0.08501212910224468,-0.15572180863021554,-0.012116779140542723
CD del,baseline,Break_contact_passive_count,10,0.037910356824940636,-0.010093053935090645,0.085712786209916
CD del,baseline,Break_contact_mean_duration,10,-0.0011671473401839605,-0.005427219443526056,0.00274358724423554
CD del,baseline,Break_contact_std_duration,10,0.0028066230086904453,-0.012077127272885605,0.01677268182764885
CD del,baseline,Center_Zone_count,10,-0.2976242939720531,-0.43649577167105585,-0.17095226373703687
CD del,baseline,Center_Zone_mean_duration,10,0.08875068815352918,-0.01849844421379938,0.18726120053389567
CD del,baseline,Center_Zone_std_duration,10,0.10503331892650128,-0.22958805648766994,0.39632003509781344
CD del,baseline,Contact_active_count,10,-0.025243225135833568,-0.06821524739319067,0.02150675692065407
CD del,baseline,Contact_passive_count,10,-0.025243225135833568,-0.069155473703592,0.019466905882074424
CD del,baseline,Contact_mean_duration,10,0.06435563389980728,-0.0016100389858494707,0.12866920656140132
CD del,baseline,Contact_std_duration,10,0.13917478094616142,0.01838882822532529,0.26413043519314616
CD del,baseline,Get_away_active_count,10,-0.10772380002318424,-0.15287060352411644,-0.060287177162748874
CD del,baseline,Get_away_passive_count,10,0.03564072922844978,0.008334933230636304,0.06127380416302246
CD del,baseline,Get_away_mean_duration,10,0.004517670213323899,-0.0010728460081725092,0.010049646259570683
CD del,baseline,Get_away_std_duration,10,0.007470219379287357,-0.008547258110183349,0.024300248694121503
CD del,baseline,Group_3_break_count,10,-0.09418790776474673,-0.1859398485370895,0.0023497247171480736
CD del,baseline,Group_3_break_mean_duration,10,0.025610662568401305,-0.011787499875854075,0.06533478480909667
CD del,baseline,Group_3_break_std_duration,10,0.05680176426821073,-0.012011091676488318,0.12838528859197695
CD del,baseline,Group_3_make_count,10,-0.07361581761828742,-0.20172476383465154,0.04445504669246235
CD del,baseline,Group_3_make_mean_duration,10,0.022042854095743653,-0.01869468951187726,0.06830008654290806
CD del,baseline,Group_3_make_std_duration,10,0.05238631245917671,-0.02002196395070085,0.12821519516137397
CD del,baseline,Group_4_break_count,10,-0.18570235398468196,-0.37623283342486036,-0.002363355020528266
CD del,baseline,Group_4_break_mean_duration,10,-0.005877424914652457,-0.14099698996049365,0.13548083894918372
CD del,baseline,Group_4_break_std_duration,10,-0.06758016853428384,-0.2999247873544163,0.1535043544260172
CD del,baseline,Group_4_make_count,10,-0.22691356301812182,-0.4116033128700708,-0.05439274014392374
CD del,baseline,Group_4_make_mean_duration,10,0.03569891537934628,-0.05916427504143599,0.14816042294311133
CD del,baseline,Group_4_make_std_duration,10,-0.035634289814076264,-0.27973005777135046,0.20371752762528123
CD del,baseline,Group2_active_count,10,-0.011609990299158745,-0.047654721636917106,0.028552272974999068
CD del,baseline,Group2_passive_count,10,-0.011853349314904804,-0.04539035517952544,0.028119620436785148
CD del,baseline,Group2_mean_duration,10,0.07358175709199903,0.008839702787008985,0.14307368475012353
CD del,baseline,Group2_std_duration,10,0.1847061702040885,0.030499791746721988,0.3567190015245833
CD del,baseline,Huddling_count,10,0.15070484688211572,0.09197560653609849,0.20819087272346326
CD del,baseline,Huddling_mean_duration,10,0.05030960567503793,-0.011188552825086512,0.11309606029031911
CD del,baseline,Huddling_std_duration,10,0.06014376650074742,-0.15855082735865692,0.2938222227197002
CD del,baseline,Move_in_contact_active_count,10,-0.01012988390077183,-0.0484962512403065,0.03371586376663727
CD del,baseline,Move_in_contact_passive_count,10,0.0005052898755421254,-0.040423142646215916,0.040280345891219635
CD del,baseline,Move_in_contact_mean_duration,10,-0.004637308712168819,-0.009875077748385044,0.0009047859442950762
CD del,baseline,Move_in_contact_std_duration,10,-0.010293580943788128,-0.020373308748448542,-0.002111852879977383
CD del,baseline,Move_isolated_count,10,-0.15852152743674103,-0.25911860500234346,-0.055123171004050404
CD del,baseline,Move_isolated_mean_duration,10,-0.06507375507647781,-0.097493362982766,-0.03591896674794203
CD del,baseline,Move_isolated_std_duration,10,0.01538595922691922,-0.08726633157219063,0.1842970661738472
CD del,baseline,Oral_genital_Contact_active_count,10,0.011547743276436418,-0.03456244637181331,0.056857965712126486
CD del,baseline,Oral_genital_Contact_passive_count,10,0.066602999658586,0.007473480114832133,0.12053369875219058
CD del,baseline,Oral_genital_Contact_mean_duration,10,0.020995458104544305,0.004700724457067972,0.03741729780120215
CD del,baseline,Oral_genital_Contact_std_duration,10,0.08599686824951677,-0.004216246369216276,0.18168194609482408
CD del,baseline,Oral_oral_Contact_active_count,10,-0.010317686349087918,-0.05461864714730785,0.03449723445016433
CD del,baseline,Oral_oral_Contact_passive_count,10,-0.010317686349087918,-0.05533815762890327,0.03424978083539812
CD del,baseline,Oral_oral_Contact_mean_duration,10,0.004398965937799715,-0.009357870698923909,0.020778836876456222
CD del,baseline,Oral_oral_Contact_std_duration,10,0.00443364793319907,-0.0734224700418212,0.08112142603170504
CD del,baseline,Periphery_Zone_count,10,-0.11537844443480125,-0.24887295416561525,0.026854581527351255
CD del,baseline,Periphery_Zone_mean_duration,10,0.10342576042201564,-0.05552503571095713,0.2576241936889567
CD del,baseline,Periphery_Zone_std_duration,10,0.10806332277205,-0.08239370602462055,0.2688301104969137
CD del,baseline,Rear_at_periphery_count,10,-0.3199364506578455,-0.4367095590354096,-0.20865568923148337
CD del,baseline,Rear_at_periphery_mean_duration,10,0.02518803595861805,0.0031295155061043935,0.04988444400361786
CD del,baseline,Rear_at_periphery_std_duration,10,-0.015494985707175668,-0.13622477594886362,0.10275668642318056
CD del,baseline,Rear_in_centerWindow_count,10,-0.6541763399639204,-0.9238759187939407,-0.359671029281355
CD del,baseline,Rear_in_centerWindow_mean_duration,10,-0.0495880369271834,-0.15620704137921856,0.048794273944318345
CD del,baseline,Rear_in_centerWindow_std_duration,10,-0.21939411538385828,-0.3702942817621166,-0.07717161732067483
CD del,baseline,Rear_in_contact_count,10,-0.07361852072620101,-0.12581816915938507,-0.029206103812807586
CD del,baseline,Rear_in_contact_mean_duration,10,0.04311166016705301,0.01456728082296006,0.06908378618906708
CD del,baseline,Rear_in_contact_std_duration,10,0.1394573384928614,0.016324039981704574,0.26818698407188407
CD del,baseline,Rear_isolated_count,10,-0.3386079861783264,-0.4454147427214899,-0.23443765108651868
CD del,baseline,Rear_isolated_mean_duration,10,0.0133092605126513,-0.006381835672432331,0.03548234135900883
CD del,baseline,Rear_isolated_std_duration,10,-0.018578397434593254,-0.13388785723758692,0.09530150580929424
CD del,baseline,Rearing_count,10,0.018712370209886763,-0.1141185303380573,0.1590256552641346
CD del,baseline,Rearing_mean_duration,10,-0.04520439155712728,-0.20130670237551254,0.1029863591105936
CD del,baseline,Rearing_std_duration,10,-0.0558225116964433,-0.20218391031302166,0.09288441603465203
CD del,baseline,SAP_count,10,-0.02570221399268835,-0.12164693613878455,0.07044495541709948
CD del,baseline,SAP_mean_duration,10,0.06088867558562423,5.5078017259218e-05,0.12598401758894945
CD del,baseline,SAP_std_duration,10,-0.022632789054173708,-0.2548289619682958,0.2255060016674119
CD del,baseline,Side_by_side_Contact_active_count,10,0.030039595468296286,-0.016128933472931893,0.07506988760485764
CD del,baseline,Side_by_side_Contact_passive_count,10,0.030039595468296286,-0.01671533355228373,0.07518266904436285
CD del,baseline,Side_by_side_Contact_mean_duration,10,0.008342875190329635,-0.02071458016982267,0.04219294577397938
CD del,baseline,Side_by_side_Contact_std_duration,10,0.005135497413295864,-0.07125686433051275,0.08713036841264059
CD del,baseline,Side_by_side_Contact_opposite_way_active_count,10,0.049767030505422485,-0.00335479730747108,0.0958943623552675
CD del,baseline,Side_by_side_Contact_opposite_way_passive_count,10,0.049767030505422485,-0.0015020181950509102,0.09580684767358547
CD del,baseline,Side_by_side_Contact_opposite_way_mean_duration,10,0.03256222303215931,-0.003030467548581108,0.07353660902034322
CD del,baseline,Side_by_side_Contact_opposite_way_std_duration,10,0.1066956399670637,-0.014216595150879401,0.24020393309908517
CD del,baseline,Social_approach_active_count,10,-0.020708007588568833,-0.05761850941526135,0.024441340565245186
CD del,baseline,Social_approach_passive_count,10,0.0016841900230183172,-0.030643144462975027,0.033551072192986364
CD del,baseline,Social_approach_mean_duration,10,0.04098230526147813,0.0032543638547626987,0.07609921758371133
CD del,baseline,Social_approach_std_duration,10,0.0920083469859958,0.014477415776427784,0.17842001780430192
CD del,baseline,Social_escape_active_count,10,-0.03272586224775527,-0.07291914350094836,0.01175943681202581
CD del,baseline,Social_escape_passive_count,10,0.01212122358831369,-0.018573715183019337,0.045444454977779436
CD del,baseline,Social_escape_mean_duration,10,0.01240107189679287,-0.0042938434226847955,0.029653587567077516
CD del,baseline,Social_escape_std_duration,10,0.014929904087859724,-0.017468280495654857,0.04710945923672207
CD del,baseline,Stop_count,10,-0.23787390590160093,-0.4112323673307854,-0.07198498449136741
CD del,baseline,Stop_mean_duration,10,0.22968640057926604,0.04471390589325604,0.4290633059112601
CD del,baseline,Stop_std_duration,10,0.17193203205031432,-0.05080994518922256,0.3725410494875597
CD del,baseline,Stop_in_contact_active_count,10,-0.017434268067144033,-0.055073900019035914,0.022808001781168256
CD del,baseline,Stop_in_contact_passive_count,10,-0.024846450525904906,-0.06605629734579183,0.022239747222913723
CD del,baseline,Stop_in_contact_mean_duration,10,0.06630237348806307,0.00019155363835545963,0.1289152739205763
CD del,baseline,Stop_in_contact_std_duration,10,0.1356494750571112,0.014457319598318325,0.2628233606388515
CD del,baseline,Stop_isolated_count,10,-0.13994892196864414,-0.22055444763948615,-0.061677082055310965
CD del,baseline,Stop_isolated_mean_duration,10,0.08789664734876043,-0.023113770854296133,0.18952936171147206
CD del,baseline,Stop_isolated_std_duration,10,0.020529389020298616,-0.19331520368986857,0.18895376548484422
CD del,baseline,Train2_active_count,10,-0.6180922040767386,-0.9901614955277693,-0.27880929087757467
CD del,baseline,Train2_passive_count,10,-0.5047185778693658,-0.6693019067685319,-0.3461714221226381
CD del,baseline,Train2_mean_duration,10,-0.07080334168049991,-0.13425408430543487,-0.005833891082224496
CD del,baseline,Train2_std_duration,10,-0.07608536141778968,-0.1396991971485472,-0.004200254705547829
CD del,baseline,WallJump_count,10,-0.03956204762988284,-0.22468700071186118,0.17022312863921332
CD del,baseline,WallJump_mean_duration,10,-0.00972507601126255,-0.06931229668310006,0.060308332352393634
CD del,baseline,WallJump_std_duration,10,0.003908386185736396,-0.12386708957079456,0.1504737681337027
CD del,baseline,isolated_count,10,-0.06059522039386067,-0.18750314066454982,0.04665194334267891
CD del,baseline,isolated_mean_duration,10,-0.0036664567362247437,-0.10865492898243916,0.1541480408886157
CD del,baseline,isolated_std_duration,10,0.03626602437271165,-0.21940864047672143,0.318263285406074
CD del,baseline,seq_oral_geni___oral_oral_active_count,10,-0.015108489392158652,-0.09130466823296118,0.0598979738922194
CD del,baseline,seq_oral_geni___oral_oral_passive_count,10,0.1473544085522403,0.08379540951341506,0.21205837311966622
CD del,baseline,seq_oral_geni___oral_oral_mean_duration,10,0.01767176354264812,-0.009443886144980715,0.045508261856036035
CD del,baseline,seq_oral_geni___oral_oral_std_duration,10,0.006400547562078885,-0.14154993010133812,0.1518296925246107
CD del,baseline,seq_oral_oral___oral_genital_active_count,10,-0.019697734206889538,-0.10608492904904641,0.05271802169201585
CD del,baseline,seq_oral_oral___oral_genital_passive_count,10,0.06881890394920394,-0.008357851983989627,0.13933567890249668
CD del,baseline,seq_oral_oral___oral_genital_mean_duration,10,0.01567939005031387,-0.014894499059521227,0.04738483889496847
CD del,baseline,seq_oral_oral___oral_genital_std_duration,10,0.10274760290016767,-0.05781233739530539,0.26874805052789885
CD del,post_stress,Approach_active_count,12,-0.011895259093060032,-0.02426191460467357,0.0011651227040843874
CD del,post_stress,Approach_passive_count,12,-0.02733202371046713,-0.04239350925819167,-0.012576549984483092
CD del,post_stress,Approach_mean_duration,12,0.014777589023272863,0.006233013007671646,0.024552316070749078
CD del,post_stress,Approach_std_duration,12,0.009195365429592687,-0.013289014281905842,0.032491403502342524
CD del,post_stress,Approach_contact_active_count,12,-0.14773686148901755,-0.2741524690447723,-0.028193809294578792
CD del,post_stress,Approach_contact_passive_count,12,0.031645211568398134,-0.02916964953326944,0.09461718406649904
CD del,post_stress,Approach_contact_mean_duration,12,0.0044608552771726595,-0.0074846230940499945,0.01635646743776786
CD del,post_stress,Approach_contact_std_duration,12,-0.0007599623637159306,-0.037085863446961805,0.026373081376751182
CD del,post_stress,Approach_rear_active_count,12,-0.031238998610183755,-0.07040352562773333,0.009546476411329304
CD del,post_stress,Approach_rear_passive_count,12,-0.04914545062663748,-0.09718777140183829,-0.01128742742058832
CD del,post_stress,Approach_rear_mean_duration,12,-0.008082835273257835,-0.0229228559822917,0.007520459010470092
CD del,post_stress,Approach_rear_std_duration,12,-0.05158591943168441,-0.1287677411989336,0.02417321057126725
CD del,post_stress,Break_contact_active_count,12,-0.09322425778147377,-0.1552034394161701,-0.031966330537217084
CD del,post_stress,Break_contact_passive_count,12,0.0038366747465948445,-0.031928570614086556,0.0416217195304368
CD del,post_stress,Break_contact_mean_duration,12,-0.0016070753169591112,-0.008447528201494041,0.005231795757734235
CD del,post_stress,Break_contact_std_duration,12,0.01569263438142564,-0.022383920414849223,0.05896410641453386
CD del,post_stress,Center_Zone_count,12,-0.2932266153767518,-0.48184568458495625,-0.12700942497679427
CD del,post_stress,Center_Zone_mean_duration,12,0.2039529689305529,0.05056590304422171,0.3709650919198078
CD del,post_stress,Center_Zone_std_duration,12,0.3535655231695792,0.14613455612502366,0.5713112252544756
CD del,post_stress,Contact_active_count,12,-0.03514633228626285,-0.07945239119926606,0.009861624939461565
CD del,post_stress,Contact_passive_count,12,-0.03514633228626285,-0.07986872694659623,0.011068946472126051
CD del,post_stress,Contact_mean_duration,12,0.016001288498884863,-0.02342302889311179,0.05765004119223591
CD del,post_stress,Contact_std_duration,12,-0.011266569169222085,-0.06677633462634736,0.036505924972742056
CD del,post_stress,Get_away_active_count,12,-0.0700119460265382,-0.12165954972442951,-0.018011552100087473
CD del,post_stress,Get_away_passive_count,12,0.019112932892664247,-0.00827988121602186,0.042940449316576326
CD del,post_stress,Get_away_mean_duration,12,-0.0002857979552937466,-0.003609817455045857,0.0030077539854018033
CD del,post_stress,Get_away_std_duration,12,-0.005215044674999762,-0.018763362830554048,0.007449352677118704
CD del,post_stress,Group_3_break_count,12,-0.12231075614674451,-0.21927403162133927,-0.019796356036575494
CD del,post_stress,Group_3_break_mean_duration,12,0.022184684947419472,-0.01661015555151736,0.07736266514255498
CD del,post_stress,Group_3_break_std_duration,12,0.052476927830109266,-0.09089269103596627,0.2184271434446331
CD del,post_stress,Group_3_make_count,12,-0.06582825848676199,-0.14802260360906083,0.017879915619069042
CD del,post_stress,Group_3_make_mean_duration,12,0.01831084002608943,-0.03785401312662583,0.08811443982887282
CD del,post_stress,Group_3_make_std_duration,12,0.05952276323875285,-0.10585711765836463,0.25994410696752873
CD del,post_stress,Group_4_break_count,12,-0.011837962657017123,-0.21554974269492183,0.17545704345700971
CD del,post_stress,Group_4_break_mean_duration,12,0.15367052276297086,0.047823801873724106,0.27961222934583946
CD del,post_stress,Group_4_break_std_duration,12,0.12593569973819904,-0.017025638440561847,0.29003166711274575
CD del,post_stress,Group_4_make_count,12,0.09345131480714058,-0.1925796829817894,0.3539573257225552
CD del,post_stress,Group_4_make_mean_duration,12,0.06678299011691692,0.0007205295775173445,0.1385468317685751
CD del,post_stress,Group_4_make_std_duration,12,0.16702212565066302,0.06828814320328178,0.2856138698748336
CD del,post_stress,Group2_active_count,12,-0.029171195211465717,-0.07934775777866877,0.02213032610928282
CD del,post_stress,Group2_passive_count,12,-0.029171195211465717,-0.08115436690950467,0.023052191315388236
CD del,post_stress,Group2_mean_duration,12,0.0015467551872876961,-0.047521474146427885,0.05186173704513892
CD del,post_stress,Group2_std_duration,12,-0.023580884355180614,-0.1068053154358724,0.05640693340420948
CD del,post_stress,Huddling_count,12,0.10262304588542626,0.01881745563824539,0.18269965206300556
CD del,post_stress,Huddling_mean_duration,12,0.07950820669296393,0.0029439945515625262,0.1594019041551143
CD del,post_stress,Huddling_std_duration,12,0.24238938037993019,0.010149830608371293,0.49533743484303383
CD del,post_stress,Move_in_contact_active_count,12,-0.03038515960597595,-0.07461120397467608,0.01975108997974302
CD del,post_stress,Move_in_contact_passive_count,12,-0.026119070511636238,-0.052552292810142426,0.00033780709234141416
CD del,post_stress,Move_in_contact_mean_duration,12,-0.0020908982712767588,-0.009053215427760313,0.004224708898952808
CD del,post_stress,Move_in_contact_std_duration,12,-0.023480652219594462,-0.07110061149022563,0.014872766325709037
CD del,post_stress,Move_isolated_count,12,-0.08960547330144857,-0.16425650185459625,-0.0032497729572748203
CD del,post_stress,Move_isolated_mean_duration,12,-0.0437399532937937,-0.07655527446433502,-0.012886154529466759
CD del,post_stress,Move_isolated_std_duration,12,-0.03754279067540256,-0.2799052325297037,0.28338190102587846
CD del,post_stress,Oral_genital_Contact_active_count,12,-0.0169195364138377,-0.05549352652069094,0.02427182761798935
CD del,post_stress,Oral_genital_Contact_passive_count,12,0.02408421741064415,-0.0017652080107155943,0.04993645072548224
CD del,post_stress,Oral_genital_Contact_mean_duration,12,0.005535481598349147,-0.012282939030312476,0.020438989853809247
CD del,post_stress,Oral_genital_Contact_std_duration,12,-0.018391154024490524,-0.078993874489646,0.03242966836479109
CD del,post_stress,Oral_oral_Contact_active_count,12,-0.033275522373258,-0.06344228148408029,-0.0025292513378619716
CD del,post_stress,Oral_oral_Contact_passive_count,12,-0.033275522373258,-0.06265598829438046,-0.001926941541044263
CD del,post_stress,Oral_oral_Contact_mean_duration,12,0.0016393207557595657,-0.013144305968554282,0.016660380564460692
CD del,post_stress,Oral_oral_Contact_std_duration,12,0.02394858593841324,-0.015225559703002782,0.06047190764869558
CD del,post_stress,Periphery_Zone_count,12,-0.09639154842628998,-0.21505513509979898,0.006229708457054714
CD del,post_stress,Periphery_Zone_mean_duration,12,0.08710897138417288,-0.032895571361000756,0.22425658866721598
CD del,post_stress,Periphery_Zone_std_duration,12,0.11937695008357063,-0.008667776823167793,0.24225613027083745
CD del,post_stress,Rear_at_periphery_count,12,-0.34520414859672693,-0.4932933493609224,-0.21038131482527966
CD del,post_stress,Rear_at_periphery_mean_duration,12,-0.01064603240790705,-0.08564334339805514,0.06204935112066027
CD del,post_stress,Rear_at_periphery_std_duration,12,0.1782528856912633,-0.0631226309119356,0.4265078900350511
CD del,post_stress,Rear_in_centerWindow_count,12,-0.6678916419880849,-1.0276154715092118,-0.24684672907032612
CD del,post_stress,Rear_in_centerWindow_mean_duration,12,0.04750603545130508,-0.027531535973614997,0.12312397257042866
CD del,post_stress,Rear_in_centerWindow_std_duration,12,0.10524026798093926,-0.044147401528261986,0.3185576720632092
CD del,post_stress,Rear_in_contact_count,12,-0.08738340966874618,-0.13582490634783578,-0.041282114247556484
CD del,post_stress,Rear_in_contact_mean_duration,12,-0.009991575767646125,-0.043351810328146036,0.023374545653246773
CD del,post_stress,Rear_in_contact_std_duration,12,-0.039883486022487445,-0.20173059705556723,0.10616807638069123
CD del,post_stress,Rear_isolated_count,12,-0.35659824086873226,-0.49742928544248466,-0.22948831854877383
CD del,post_stress,Rear_isolated_mean_duration,12,-0.01677070019805078,-0.08511403856340663,0.05028763839575531
CD del,post_stress,Rear_isolated_std_duration,12,0.17565314239694982,-0.05325463849992729,0.43036766631585477
CD del,post_stress,Rearing_count,12,0.005725262629581988,-0.08446505508505504,0.08071528518930839
CD del,post_stress,Rearing_mean_duration,12,-0.022078814560991405,-0.11436460528654434,0.07574507703542954
CD del,post_stress,Rearing_std_duration,12,-0.038615933790654866,-0.13038273916740561,0.059009534156472906
CD del,post_stress,SAP_count,12,0.05030003705529099,-0.02592640329758443,0.11584372993973581
CD del,post_stress,SAP_mean_duration,12,-0.039137563860844736,-0.12736908450410903,0.03922468768158155
CD del,post_stress,SAP_std_duration,12,0.020115904114885546,-0.21585397930113526,0.24373896743393686
CD del,post_stress,Side_by_side_Contact_active_count,12,-0.007693274373109071,-0.0391405463371677,0.020957229988287307
CD del,post_stress,Side_by_side_Contact_passive_count,12,-0.007693274373109071,-0.03824135459700828,0.021404190275862513
CD del,post_stress,Side_by_side_Contact_mean_duration,12,-0.006234790066618423,-0.021076689892575245,0.009667533395653223
CD del,post_stress,Side_by_side_Contact_std_duration,12,0.01841103351287467,-0.04750861974128755,0.08476514849534567
CD del,post_stress,Side_by_side_Contact_opposite_way_active_count,12,0.006242450871706939,-0.028976101910358265,0.03983636086047439
CD del,post_stress,Side_by_side_Contact_opposite_way_passive_count,12,0.006242450871706939,-0.028242222997007446,0.039088854858124744
CD del,post_stress,Side_by_side_Contact_opposite_way_mean_duration,12,0.011743134883167713,-0.015093587400784043,0.0369675703176568
CD del,post_stress,Side_by_side_Contact_opposite_way_std_duration,12,-0.014141908504224698,-0.09991984706747428,0.06386148902337406
CD del,post_stress,Social_approach_active_count,12,-0.02562874420239399,-0.05805968800594162,0.009484488206059478
CD del,post_stress,Social_approach_passive_count,12,-0.023678701369616178,-0.04967767752065561,0.004682439085551143
CD del,post_stress,Social_approach_mean_duration,12,0.014922009885730614,-0.0029896979662570105,0.03340204355326092
CD del,post_stress,Social_approach_std_duration,12,-0.007185986351019043,-0.040471610562976934,0.022758569141411812
CD del,post_stress,Social_escape_active_count,12,-0.043871841677941927,-0.08159105733906173,-0.00527266585646587
CD del,post_stress,Social_escape_passive_count,12,-0.01563574824078569,-0.039884135658065034,0.00960499600410487
CD del,post_stress,Social_escape_mean_duration,12,0.004601127706436965,-0.004415971481665206,0.013360932688432295
CD del,post_stress,Social_escape_std_duration,12,-0.014585237915098656,-0.04273368277260928,0.010648521924165804
CD del,post_stress,Stop_count,12,-0.1804495263571717,-0.332218361473476,-0.04118431141670645
CD del,post_stress,Stop_mean_duration,12,0.18237047409415655,0.022269774849964438,0.35216650551944234
CD del,post_stress,Stop_std_duration,12,0.1347473149145916,-0.041630889504252845,0.294653114695375
CD del,post_stress,Stop_in_contact_active_count,12,-0.02717595692736167,-0.0691764203029683,0.014249546178620719
CD del,post_stress,Stop_in_contact_passive_count,12,-0.040399847154246014,-0.08627932738277141,0.005574928939573116
CD del,post_stress,Stop_in_contact_mean_duration,12,0.01677130072469483,-0.021203436244033917,0.059484722484533556
CD del,post_stress,Stop_in_contact_std_duration,12,-0.011929579005997374,-0.07202313262877669,0.035641712367765976
CD del,post_stress,Stop_isolated_count,12,-0.11598343060146481,-0.1786991645646666,-0.05268662186756129
CD del,post_stress,Stop_isolated_mean_duration,12,0.1261584533298961,0.011802986899273706,0.23445424245293564
CD del,post_stress,Stop_isolated_std_duration,12,0.10718711852053926,-0.12594957335389156,0.33696811849887304
CD del,post_stress,Train2_active_count,12,-0.10856241857459599,-0.3956324166995207,0.19581918732312162
CD del,post_stress,Train2_passive_count,12,-0.2929348623385767,-0.5891825828807065,0.02107491283161535
CD del,post_stress,Train2_mean_duration,12,0.009743545086921832,-0.027223600879701007,0.041932431671629675
CD del,post_stress,Train2_std_duration,12,0.02374218281512566,-0.004908099510379357,0.06317540866965007
CD del,post_stress,WallJump_count,12,0.3384772714415225,-0.17175915183378967,0.9381183311584875
CD del,post_stress,WallJump_mean_duration,12,0.06823503814289357,-0.0342912571844921,0.17955718622084196
CD del,post_stress,WallJump_std_duration,12,0.08875165216206199,-0.07022186942793063,0.25810155515477123
CD del,post_stress,isolated_count,12,0.10256254683392463,-0.04469736680717264,0.23310888187647721
CD del,post_stress,isolated_mean_duration,12,-0.05632630785436445,-0.1843757366189139,0.04223524116732113
CD del,post_stress,isolated_std_duration,12,0.09690983597631601,-0.09957202377215915,0.26412377130974846
CD del,post_stress,seq_oral_geni___oral_oral_active_count,12,-0.00737444859309444,-0.0661890718650518,0.05011422781032136
CD del,post_stress,seq_oral_geni___oral_oral_passive_count,12,0.027335818533609817,-0.0424815827105138,0.10952879625949126
CD del,post_stress,seq_oral_geni___oral_oral_mean_duration,12,0.0006806361518207904,-0.034915051477439354,0.03587157615728511
CD del,post_stress,seq_oral_geni___oral_oral_std_duration,12,-0.030496594909659596,-0.15887953125824036,0.09306414029808138
CD del,post_stress,seq_oral_oral___oral_genital_active_count,12,-0.05061591111919358,-0.09486776331048982,-0.004717685085336115
CD del,post_stress,seq_oral_oral___oral_genital_passive_count,12,0.009720440004515071,-0.03697460787297569,0.06308953587515051
CD del,post_stress,seq_oral_oral___oral_genital_mean_duration,12,0.009229157291401372,-0.027910682625890755,0.04828629126265841
CD del,post_stress,seq_oral_oral___oral_genital_std_duration,12,0.016514888453767862,-0.10624657873835103,0.14265392105556918
