source_sheet,cage_id,interval_start,phase,treatment,response,tg_minus_wt
16p,16p_8445,2024-06-16 19:00:00,baseline,control,id_1,-1.670820825896627
16p,16p_8445,2024-06-16 19:00:00,baseline,control,id_2,7.204821058896149
16p,16p_8445,2024-06-16 19:00:00,baseline,control,identity_composite,2.7670001164997613
16p,16p_8445,2024-06-16 19:00:00,baseline,control,pca_1,-1.028139740788352
16p,16p_8445,2024-06-16 19:00:00,baseline,control,pca_2,0.8858147373596805
16p,16p_8445,2024-06-16 19:00:00,baseline,control,pca_3,3.3177375906099824
16p,16p_8445,2024-06-17 19:00:00,post_stress,control,id_1,-1.3588014991500186
16p,16p_8445,2024-06-17 19:00:00,post_stress,control,id_2,3.203052018990415
16p,16p_8445,2024-06-17 19:00:00,post_stress,control,identity_composite,0.9221252599201983
16p,16p_8445,2024-06-17 19:00:00,post_stress,control,pca_1,-0.6136849547561503
16p,16p_8445,2024-06-17 19:00:00,post_stress,control,pca_2,1.1055914678662844
16p,16p_8445,2024-06-17 19:00:00,post_stress,control,pca_3,-0.6865681164946619
16p,16p_8445,2024-06-18 19:00:00,post_stress,control,id_1,-1.3958391576552938
16p,16p_8445,2024-06-18 19:00:00,post_stress,control,id_2,3.882178168875453
16p,16p_8445,2024-06-18 19:00:00,post_stress,control,identity_composite,1.2431695056100796
16p,16p_8445,2024-06-18 19:00:00,post_stress,control,pca_1,-0.6105084238438727
16p,16p_8445,2024-06-18 19:00:00,post_stress,control,pca_2,1.386433418765221
16p,16p_8445,2024-06-18 19:00:00,post_stress,control,pca_3,-0.4457714326289274
16p,16p_8445,2024-06-19 19:00:00,post_stress,control,id_1,-2.1276626448120437
16p,16p_8445,2024-06-19 19:00:00,post_stress,control,id_2,6.208951344999541
16p,16p_8445,2024-06-19 19:00:00,post_stress,control,identity_composite,2.040644350093748
16p,16p_8445,2024-06-19 19:00:00,post_stress,control,pca_1,-0.26005406107770934
16p,16p_8445,2024-06-19 19:00:00,post_stress,control,pca_2,0.7146884069867081
16p,16p_8445,2024-06-19 19:00:00,post_stress,control,pca_3,0.12937271847609544
16p,16p_8445,2024-06-16 19:00:00,baseline,stressed,id_1,2.6361314995341596
16p,16p_8445,2024-06-16 19:00:00,baseline,stressed,id_2,0.4771097636604318
16p,16p_8445,2024-06-16 19:00:00,baseline,stressed,identity_composite,1.556620631597296
16p,16p_8445,2024-06-16 19:00:00,baseline,stressed,pca_1,-2.5871865508126266
16p,16p_8445,2024-06-16 19:00:00,baseline,stressed,pca_2,0.7404208690659938
16p,16p_8445,2024-06-16 19:00:00,baseline,stressed,pca_3,-0.022356521279541505
16p,16p_8445,2024-06-17 19:00:00,post_stress,stressed,id_1,2.7762048252785276
16p,16p_8445,2024-06-17 19:00:00,post_stress,stressed,id_2,0.4686408597468775
16p,16p_8445,2024-06-17 19:00:00,post_stress,stressed,identity_composite,1.6224228425127027
16p,16p_8445,2024-06-17 19:00:00,post_stress,stressed,pca_1,-1.838307667433233
16p,16p_8445,2024-06-17 19:00:00,post_stress,stressed,pca_2,0.7444429912704176
16p,16p_8445,2024-06-17 19:00:00,post_stress,stressed,pca_3,-0.47332860819782085
16p,16p_8445,2024-06-18 19:00:00,post_stress,stressed,id_1,3.1453245171803736
16p,16p_8445,2024-06-18 19:00:00,post_stress,stressed,id_2,1.835290946288636
16p,16p_8445,2024-06-18 19:00:00,post_stress,stressed,identity_composite,2.490307731734505
16p,16p_8445,2024-06-18 19:00:00,post_stress,stressed,pca_1,-1.350994035140594
16p,16p_8445,2024-06-18 19:00:00,post_stress,stressed,pca_2,0.10567783568658662
16p,16p_8445,2024-06-18 19:00:00,post_stress,stressed,pca_3,0.2168009136975244
16p,16p_8445,2024-06-19 19:00:00,post_stress,stressed,id_1,4.0922679448444725
16p,16p_8445,2024-06-19 19:00:00,post_stress,stressed,id_2,-4.288706951315004
16p,16p_8445,2024-06-19 19:00:00,post_stress,stressed,identity_composite,-0.09821950323526574
16p,16p_8445,2024-06-19 19:00:00,post_stress,stressed,pca_1,-2.3256360942855316
16p,16p_8445,2024-06-19 19:00:00,post_stress,stressed,pca_2,0.7043903399433651
16p,16p_8445,2024-06-19 19:00:00,post_stress,stressed,pca_3,-0.9474046671324521
16p,16p_9333,2024-09-07 19:00:00,baseline,stressed,id_1,3.3085579000495926
16p,16p_9333,2024-09-07 19:00:00,baseline,stressed,id_2,-2.126468616185214
16p,16p_9333,2024-09-07 19:00:00,baseline,stressed,identity_composite,0.5910446419321902
16p,16p_9333,2024-09-07 19:00:00,baseline,stressed,pca_1,1.0992591588646388
16p,16p_9333,2024-09-07 19:00:00,baseline,stressed,pca_2,-0.8780439880104352
16p,16p_9333,2024-09-07 19:00:00,baseline,stressed,pca_3,0.4307765059164681
16p,16p_9333,2024-09-08 19:00:00,post_stress,stressed,id_1,-0.7561061973387071
16p,16p_9333,2024-09-08 19:00:00,post_stress,stressed,id_2,2.723582374780799
16p,16p_9333,2024-09-08 19:00:00,post_stress,stressed,identity_composite,0.9837380887210458
16p,16p_9333,2024-09-08 19:00:00,post_stress,stressed,pca_1,0.6751555713731685
16p,16p_9333,2024-09-08 19:00:00,post_stress,stressed,pca_2,-0.19297715584341457
16p,16p_9333,2024-09-08 19:00:00,post_stress,stressed,pca_3,0.25336642662895836
16p,16p_9333,2024-09-07 19:00:00,baseline,control,id_1,1.6140811752236086
16p,16p_9333,2024-09-07 19:00:00,baseline,control,id_2,-4.707391324414917
16p,16p_9333,2024-09-07 19:00:00,baseline,control,identity_composite,-1.546655074595654
16p,16p_9333,2024-09-07 19:00:00,baseline,control,pca_1,0.4968949157468936
16p,16p_9333,2024-09-07 19:00:00,baseline,control,pca_2,-1.2402608669090416
16p,16p_9333,2024-09-07 19:00:00,baseline,control,pca_3,-0.7182646175463401
16p,16p_9333,2024-09-08 19:00:00,post_stress,control,id_1,-0.9130225166147854
16p,16p_9333,2024-09-08 19:00:00,post_stress,control,id_2,1.4355392345597053
16p,16p_9333,2024-09-08 19:00:00,post_stress,control,identity_composite,0.26125835897245997
16p,16p_9333,2024-09-08 19:00:00,post_stress,control,pca_1,0.08145938596816027
16p,16p_9333,2024-09-08 19:00:00,post_stress,control,pca_2,0.06577057498561345
16p,16p_9333,2024-09-08 19:00:00,post_stress,control,pca_3,-0.35847519762087776
CD del,cddel_9621,2024-12-10 19:00:00,baseline,stressed,id_1,0.3016956924076497
CD del,cddel_9621,2024-12-10 19:00:00,baseline,stressed,id_2,-0.9172798534132156
CD del,cddel_9621,2024-12-10 19:00:00,baseline,stressed,identity_composite,-0.30779208050278273
CD del,cddel_9621,2024-12-10 19:00:00,baseline,stressed,pca_1,-0.028596535983290927
CD del,cddel_9621,2024-12-10 19:00:00,baseline,stressed,pca_2,0.35368821054655863
CD del,cddel_9621,2024-12-10 19:00:00,baseline,stressed,pca_3,-2.8901032698979714
CD del,cddel_9621,2024-12-11 19:00:00,baseline,stressed,id_1,0.31160747809993705
CD del,cddel_9621,2024-12-11 19:00:00,baseline,stressed,id_2,-0.8318118046712593
CD del,cddel_9621,2024-12-11 19:00:00,baseline,stressed,identity_composite,-0.26010216328566105
CD del,cddel_9621,2024-12-11 19:00:00,baseline,stressed,pca_1,-0.344188221643174
CD del,cddel_9621,2024-12-11 19:00:00,baseline,stressed,pca_2,1.0301024258479465
CD del,cddel_9621,2024-12-11 19:00:00,baseline,stressed,pca_3,-1.1164371818561727
CD del,cddel_9621,2024-12-12 19:00:00,post_stress,stressed,id_1,-0.5134402695351126
CD del,cddel_9621,2024-12-12 19:00:00,post_stress,stressed,id_2,1.672143266606763
CD del,cddel_9621,2024-12-12 19:00:00,post_stress,stressed,identity_composite,0.579351498535825
CD del,cddel_9621,2024-12-12 19:00:00,post_stress,stressed,pca_1,0.34020596008083226
CD del,cddel_9621,2024-12-12 19:00:00,post_stress,stressed,pca_2,-0.35067944737586654
CD del,cddel_9621,2024-12-12 19:00:00,post_stress,stressed,pca_3,0.7944268028293888
CD del,cddel_9621,2024-12-13 19:00:00,post_stress,stressed,id_1,-0.4419826081049827
CD del,cddel_9621,2024-12-13 19:00:00,post_stress,stressed,id_2,4.116017018300372
CD del,cddel_9621,2024-12-13 19:00:00,post_stress,stressed,identity_composite,1.8370172050976956
CD del,cddel_9621,2024-12-13 19:00:00,post_stress,stressed,pca_1,0.9585426133319515
CD del,cddel_9621,2024-12-13 19:00:00,post_stress,stressed,pca_2,0.14305079174820978
CD del,cddel_9621,2024-12-13 19:00:00,post_stress,stressed,pca_3,-0.4838601757678418
CD del,cddel_9621,2024-12-14 19:00:00,post_stress,stressed,id_1,2.0336291394782453
CD del,cddel_9621,2024-12-14 19:00:00,post_stress,stressed,id_2,0.10790923890959325
CD del,cddel_9621,2024-12-14 19:00:00,post_stress,stressed,identity_composite,1.07076918919392
CD del,cddel_9621,2024-12-14 19:00:00,post_stress,stressed,pca_1,-0.7853673111628092
CD del,cddel_9621,2024-12-14 19:00:00,post_stress,stressed,pca_2,0.053115153983346985
CD del,cddel_9621,2024-12-14 19:00:00,post_stress,stressed,pca_3,0.3558553782480458
CD del,cddel_9621,2024-12-10 19:00:00,baseline,control,id_1,1.0633708366942152
CD del,cddel_9621,2024-12-10 19:00:00,baseline,control,id_2,-2.653854257108417
CD del,cddel_9621,2024-12-10 19:00:00,baseline,control,identity_composite,-0.7952417102071017
CD del,cddel_9621,2024-12-10 19:00:00,baseline,control,pca_1,0.8392986576519901
CD del,cddel_9621,2024-12-10 19:00:00,baseline,control,pca_2,-2.6744514779866977
CD del,cddel_9621,2024-12-10 19:00:00,baseline,control,pca_3,1.4695521957165707
CD del,cddel_9621,2024-12-11 19:00:00,baseline,control,id_1,1.1189795294872198
CD del,cddel_9621,2024-12-11 19:00:00,baseline,control,id_2,-2.641702702992973
CD del,cddel_9621,2024-12-11 19:00:00,baseline,control,identity_composite,-0.7613615867528762
CD del,cddel_9621,2024-12-11 19:00:00,baseline,control,pca_1,-0.32839233690884306
CD del,cddel_9621,2024-12-11 19:00:00,baseline,control,pca_2,-1.5711704515257447
CD del,cddel_9621,2024-12-11 19:00:00,baseline,control,pca_3,1.2069119719633994
CD del,cddel_9621,2024-12-12 19:00:00,post_stress,control,id_1,-0.4677768179407398
CD del,cddel_9621,2024-12-12 19:00:00,post_stress,control,id_2,-0.5178055786781459
CD del,cddel_9621,2024-12-12 19:00:00,post_stress,control,identity_composite,-0.49279119830944285
CD del,cddel_9621,2024-12-12 19:00:00,post_stress,control,pca_1,1.729553242763151
CD del,cddel_9621,2024-12-12 19:00:00,post_stress,control,pca_2,-1.1916575161919205
CD del,cddel_9621,2024-12-12 19:00:00,post_stress,control,pca_3,1.5684045636163004
CD del,cddel_9621,2024-12-13 19:00:00,post_stress,control,id_1,-0.20187533811825364
CD del,cddel_9621,2024-12-13 19:00:00,post_stress,control,id_2,-0.6994534415211229
CD del,cddel_9621,2024-12-13 19:00:00,post_stress,control,identity_composite,-0.45066438981968826
CD del,cddel_9621,2024-12-13 19:00:00,post_stress,control,pca_1,0.7712807561753534
CD del,cddel_9621,2024-12-13 19:00:00,post_stress,control,pca_2,-2.1913654007438685
CD del,cddel_9621,2024-12-13 19:00:00,post_stress,control,pca_3,0.4629112575001204
CD del,cddel_9621,2024-12-14 19:00:00,post_stress,control,id_1,-0.678892587204678
CD del,cddel_9621,2024-12-14 19:00:00,post_stress,control,id_2,-1.8025367473036584
CD del,cddel_9621,2024-12-14 19:00:00,post_stress,control,identity_composite,-1.2407146672541682
CD del,cddel_9621,2024-12-14 19:00:00,post_stress,control,pca_1,1.3699453776538402
CD del,cddel_9621,2024-12-14 19:00:00,post_stress,control,pca_2,-1.7504571214964004
CD del,cddel_9621,2024-12-14 19:00:00,post_stress,control,pca_3,0.8795040841650232
16p,16p_9755,2024-10-15 19:00:00,baseline,stressed,id_1,-2.3299528711914785
16p,16p_9755,2024-10-15 19:00:00,baseline,stressed,id_2,4.986067005093812
16p,16p_9755,2024-10-15 19:00:00,baseline,stressed,identity_composite,1.3280570669511667
16p,16p_9755,2024-10-15 19:00:00,baseline,stressed,pca_1,-0.9217782672740169
16p,16p_9755,2024-10-15 19:00:00,baseline,stressed,pca_2,2.824732040520996
16p,16p_9755,2024-10-15 19:00:00,baseline,stressed,pca_3,-1.9480750437011771
16p,16p_9755,2024-10-16 19:00:00,baseline,stressed,id_1,-2.351684863187802
16p,16p_9755,2024-10-16 19:00:00,baseline,stressed,id_2,5.032132956120717
16p,16p_9755,2024-10-16 19:00:00,baseline,stressed,identity_composite,1.3402240464664574
16p,16p_9755,2024-10-16 19:00:00,baseline,stressed,pca_1,-0.3784333430059772
16p,16p_9755,2024-10-16 19:00:00,baseline,stressed,pca_2,2.2298112561473986
16p,16p_9755,2024-10-16 19:00:00,baseline,stressed,pca_3,-0.3852824131461794
16p,16p_9755,2024-10-17 19:00:00,post_stress,stressed,id_1,1.0636243311858706
16p,16p_9755,2024-10-17 19:00:00,post_stress,stressed,id_2,1.6859656549465047
16p,16p_9755,2024-10-17 19:00:00,post_stress,stressed,identity_composite,1.3747949930661876
16p,16p_9755,2024-10-17 19:00:00,post_stress,stressed,pca_1,0.15301560207891018
16p,16p_9755,2024-10-17 19:00:00,post_stress,stressed,pca_2,1.5384194052534692
16p,16p_9755,2024-10-17 19:00:00,post_stress,stressed,pca_3,0.6632904546278013
16p,16p_9755,2024-10-18 19:00:00,post_stress,stressed,id_1,-0.5735374474310397
16p,16p_9755,2024-10-18 19:00:00,post_stress,stressed,id_2,2.428197985754588
16p,16p_9755,2024-10-18 19:00:00,post_stress,stressed,identity_composite,0.9273302691617742
16p,16p_9755,2024-10-18 19:00:00,post_stress,stressed,pca_1,-0.9963896202688192
16p,16p_9755,2024-10-18 19:00:00,post_stress,stressed,pca_2,1.762796732351628
16p,16p_9755,2024-10-18 19:00:00,post_stress,stressed,pca_3,-1.863311033975883
16p,16p_9755,2024-10-19 19:00:00,post_stress,stressed,id_1,-3.4935152606367925
16p,16p_9755,2024-10-19 19:00:00,post_stress,stressed,id_2,3.669016757954615
16p,16p_9755,2024-10-19 19:00:00,post_stress,stressed,identity_composite,0.08775074865891153
16p,16p_9755,2024-10-19 19:00:00,post_stress,stressed,pca_1,-1.201492650227471
16p,16p_9755,2024-10-19 19:00:00,post_stress,stressed,pca_2,0.8426848473871305
16p,16p_9755,2024-10-19 19:00:00,post_stress,stressed,pca_3,0.7851062849899728
16p,16p_9755,2024-10-15 19:00:00,baseline,control,id_1,0.03463694647485438
16p,16p_9755,2024-10-15 19:00:00,baseline,control,id_2,1.891169707801086
16p,16p_9755,2024-10-15 19:00:00,baseline,control,identity_composite,0.9629033271379701
16p,16p_9755,2024-10-15 19:00:00,baseline,control,pca_1,-0.4393449461567007
16p,16p_9755,2024-10-15 19:00:00,baseline,control,pca_2,0.7136297506614873
16p,16p_9755,2024-10-15 19:00:00,baseline,control,pca_3,0.663781314830736
16p,16p_9755,2024-10-16 19:00:00,baseline,control,id_1,0.03840483456779831
16p,16p_9755,2024-10-16 19:00:00,baseline,control,id_2,1.8237677095989822
16p,16p_9755,2024-10-16 19:00:00,baseline,control,identity_composite,0.9310862720833903
16p,16p_9755,2024-10-16 19:00:00,baseline,control,pca_1,-1.5072285995576276
16p,16p_9755,2024-10-16 19:00:00,baseline,control,pca_2,1.293280046140059
16p,16p_9755,2024-10-16 19:00:00,baseline,control,pca_3,-0.419722151300123
16p,16p_9755,2024-10-17 19:00:00,post_stress,control,id_1,-2.796919960332416
16p,16p_9755,2024-10-17 19:00:00,post_stress,control,id_2,1.6698246370521121
16p,16p_9755,2024-10-17 19:00:00,post_stress,control,identity_composite,-0.563547661640152
16p,16p_9755,2024-10-17 19:00:00,post_stress,control,pca_1,-0.8153450887572182
16p,16p_9755,2024-10-17 19:00:00,post_stress,control,pca_2,-0.11159772770693799
16p,16p_9755,2024-10-17 19:00:00,post_stress,control,pca_3,1.5290116039416708
16p,16p_9755,2024-10-18 19:00:00,post_stress,control,id_1,-0.11381010147812454
16p,16p_9755,2024-10-18 19:00:00,post_stress,control,id_2,2.2145581403714534
16p,16p_9755,2024-10-18 19:00:00,post_stress,control,identity_composite,1.0503740194466646
16p,16p_9755,2024-10-18 19:00:00,post_stress,control,pca_1,0.1301777522908063
16p,16p_9755,2024-10-18 19:00:00,post_stress,control,pca_2,-0.0058318887037103195
16p,16p_9755,2024-10-18 19:00:00,post_stress,control,pca_3,-1.2339208725850965
16p,16p_9755,2024-10-19 19:00:00,post_stress,control,id_1,-0.8403972895259164
16p,16p_9755,2024-10-19 19:00:00,post_stress,control,id_2,2.1456390226637403
16p,16p_9755,2024-10-19 19:00:00,post_stress,control,identity_composite,0.6526208665689119
16p,16p_9755,2024-10-19 19:00:00,post_stress,control,pca_1,0.259193234605827
16p,16p_9755,2024-10-19 19:00:00,post_stress,control,pca_2,-0.723631281343045
16p,16p_9755,2024-10-19 19:00:00,post_stress,control,pca_3,1.0813177666706715
CD del,cddel_10276,2025-02-22 19:00:00,baseline,stressed,id_1,0.4169947401855437
CD del,cddel_10276,2025-02-22 19:00:00,baseline,stressed,id_2,-2.012559173123625
CD del,cddel_10276,2025-02-22 19:00:00,baseline,stressed,identity_composite,-0.7977822164690407
CD del,cddel_10276,2025-02-22 19:00:00,baseline,stressed,pca_1,-0.4765054917483297
CD del,cddel_10276,2025-02-22 19:00:00,baseline,stressed,pca_2,1.7678756632503878
CD del,cddel_10276,2025-02-22 19:00:00,baseline,stressed,pca_3,-0.6776941047643358
CD del,cddel_10276,2025-02-23 19:00:00,baseline,stressed,id_1,0.44170154095250225
CD del,cddel_10276,2025-02-23 19:00:00,baseline,stressed,id_2,-2.061376781176019
CD del,cddel_10276,2025-02-23 19:00:00,baseline,stressed,identity_composite,-0.8098376201117583
CD del,cddel_10276,2025-02-23 19:00:00,baseline,stressed,pca_1,-0.2892866754681271
CD del,cddel_10276,2025-02-23 19:00:00,baseline,stressed,pca_2,-0.3088157377372338
CD del,cddel_10276,2025-02-23 19:00:00,baseline,stressed,pca_3,-0.16505191603609703
CD del,cddel_10276,2025-02-24 19:00:00,baseline,stressed,id_1,0.46479355115037035
CD del,cddel_10276,2025-02-24 19:00:00,baseline,stressed,id_2,-2.0628851983205347
CD del,cddel_10276,2025-02-24 19:00:00,baseline,stressed,identity_composite,-0.7990458235850824
CD del,cddel_10276,2025-02-24 19:00:00,baseline,stressed,pca_1,0.006057904475804454
CD del,cddel_10276,2025-02-24 19:00:00,baseline,stressed,pca_2,-0.5138766458347962
CD del,cddel_10276,2025-02-24 19:00:00,baseline,stressed,pca_3,-0.3215512101107606
CD del,cddel_10276,2025-02-25 19:00:00,post_stress,stressed,id_1,-0.39528561806700546
CD del,cddel_10276,2025-02-25 19:00:00,post_stress,stressed,id_2,-0.48438525138365507
CD del,cddel_10276,2025-02-25 19:00:00,post_stress,stressed,identity_composite,-0.43983543472532993
CD del,cddel_10276,2025-02-25 19:00:00,post_stress,stressed,pca_1,0.12477698571879081
CD del,cddel_10276,2025-02-25 19:00:00,post_stress,stressed,pca_2,0.5056695033173662
CD del,cddel_10276,2025-02-25 19:00:00,post_stress,stressed,pca_3,-0.5764991078574027
CD del,cddel_10276,2025-02-26 19:00:00,post_stress,stressed,id_1,0.20282439737359592
CD del,cddel_10276,2025-02-26 19:00:00,post_stress,stressed,id_2,-1.1424452952195807
CD del,cddel_10276,2025-02-26 19:00:00,post_stress,stressed,identity_composite,-0.4698104489229924
CD del,cddel_10276,2025-02-26 19:00:00,post_stress,stressed,pca_1,-1.019242793069473
CD del,cddel_10276,2025-02-26 19:00:00,post_stress,stressed,pca_2,1.1571674350203007
CD del,cddel_10276,2025-02-26 19:00:00,post_stress,stressed,pca_3,-0.13028610370339166
CD del,cddel_10276,2025-02-27 19:00:00,post_stress,stressed,id_1,2.3436938190993826
CD del,cddel_10276,2025-02-27 19:00:00,post_stress,stressed,id_2,-0.9544672465638526
CD del,cddel_10276,2025-02-27 19:00:00,post_stress,stressed,identity_composite,0.6946132862677654
CD del,cddel_10276,2025-02-27 19:00:00,post_stress,stressed,pca_1,-0.5507406284413827
CD del,cddel_10276,2025-02-27 19:00:00,post_stress,stressed,pca_2,-0.138693715794727
CD del,cddel_10276,2025-02-27 19:00:00,post_stress,stressed,pca_3,-0.345845875776299
CD del,cddel_10276,2025-02-22 19:00:00,baseline,control,id_1,0.42720290183775056
CD del,cddel_10276,2025-02-22 19:00:00,baseline,control,id_2,-2.027774980307189
CD del,cddel_10276,2025-02-22 19:00:00,baseline,control,identity_composite,-0.8002860392347202
CD del,cddel_10276,2025-02-22 19:00:00,baseline,control,pca_1,1.1006391065496393
CD del,cddel_10276,2025-02-22 19:00:00,baseline,control,pca_2,-2.939751737129941
CD del,cddel_10276,2025-02-22 19:00:00,baseline,control,pca_3,-1.2957871288682843
CD del,cddel_10276,2025-02-23 19:00:00,baseline,control,id_1,0.4341531605884956
CD del,cddel_10276,2025-02-23 19:00:00,baseline,control,id_2,-2.0252424464710455
CD del,cddel_10276,2025-02-23 19:00:00,baseline,control,identity_composite,-0.7955446429412749
CD del,cddel_10276,2025-02-23 19:00:00,baseline,control,pca_1,1.299069620842535
CD del,cddel_10276,2025-02-23 19:00:00,baseline,control,pca_2,-2.216269154302272
CD del,cddel_10276,2025-02-23 19:00:00,baseline,control,pca_3,1.7629100953914643
CD del,cddel_10276,2025-02-24 19:00:00,baseline,control,id_1,0.40060558035533456
CD del,cddel_10276,2025-02-24 19:00:00,baseline,control,id_2,-1.9904600206410255
CD del,cddel_10276,2025-02-24 19:00:00,baseline,control,identity_composite,-0.7949272201428457
CD del,cddel_10276,2025-02-24 19:00:00,baseline,control,pca_1,0.37862937512021744
CD del,cddel_10276,2025-02-24 19:00:00,baseline,control,pca_2,-1.7932421497332742
CD del,cddel_10276,2025-02-24 19:00:00,baseline,control,pca_3,1.5589573514500867
CD del,cddel_10276,2025-02-25 19:00:00,post_stress,control,id_1,-0.07473958102596368
CD del,cddel_10276,2025-02-25 19:00:00,post_stress,control,id_2,-1.4755210580676659
CD del,cddel_10276,2025-02-25 19:00:00,post_stress,control,identity_composite,-0.7751303195468147
CD del,cddel_10276,2025-02-25 19:00:00,post_stress,control,pca_1,0.5687189718518189
CD del,cddel_10276,2025-02-25 19:00:00,post_stress,control,pca_2,-1.7418953530795633
CD del,cddel_10276,2025-02-25 19:00:00,post_stress,control,pca_3,1.0545135968692054
CD del,cddel_10276,2025-02-26 19:00:00,post_stress,control,id_1,1.7568568151000288
CD del,cddel_10276,2025-02-26 19:00:00,post_stress,control,id_2,0.2792333050685336
CD del,cddel_10276,2025-02-26 19:00:00,post_stress,control,identity_composite,1.0180450600842814
CD del,cddel_10276,2025-02-26 19:00:00,post_stress,control,pca_1,0.186114623357172
CD del,cddel_10276,2025-02-26 19:00:00,post_stress,control,pca_2,-1.517671237795269
CD del,cddel_10276,2025-02-26 19:00:00,post_stress,control,pca_3,0.6487298192017235
CD del,cddel_10276,2025-02-27 19:00:00,post_stress,control,id_1,1.18669699942533
CD del,cddel_10276,2025-02-27 19:00:00,post_stress,control,id_2,3.691650870963776
CD del,cddel_10276,2025-02-27 19:00:00,post_stress,control,identity_composite,2.4391739351945523
CD del,cddel_10276,2025-02-27 19:00:00,post_stress,control,pca_1,-0.6161737056857826
CD del,cddel_10276,2025-02-27 19:00:00,post_stress,control,pca_2,-1.4447472286807619
CD del,cddel_10276,2025-02-27 19:00:00,post_stress,control,pca_3,0.4993281654304982
