cage_id,night_date,relative_night,stress_aligned_night,phase,mouse_count,projection_rows,effect_rows,mean_id_1,mean_id_2,mean_identity_composite,dispersion,pairwise_distance,baseline_centroid_distance,stressed_control_separation,active_passive_imbalance,control_response,synchronization_similarity,source_sheet,source_label,mean_identity_composite_baseline_mean,mean_identity_composite_delta,mean_id_1_baseline_mean,mean_id_1_delta,mean_id_2_baseline_mean,mean_id_2_delta,dispersion_baseline_mean,dispersion_delta,pairwise_distance_baseline_mean,pairwise_distance_delta,stressed_control_separation_baseline_mean,stressed_control_separation_delta,active_passive_imbalance_baseline_mean,active_passive_imbalance_delta
16p_8445,2024-06-16,2,-1,baseline,4,4,4,0.4967925999995263,2.503954854158278,1.5003737270789024,2.611218427545434,4.393870509595408,,1.561653297637222,-4.033599365743705e-05,,,16p,16p,1.5003737270789024,0.0,0.4967925999995263,0.0,2.503954854158278,0.0,2.611218427545434,0.0,4.393870509595408,0.0,1.561653297637222,0.0,-4.033599365743705e-05,0.0
16p_8445,2024-06-17,3,1,post_stress,4,4,4,2.049001440181716,0.8221392745289717,1.4355703573553438,1.7334487524963724,2.8704259603390105,2.2886362593089355,2.058134255837619,-3.5365453310578186e-05,1.4427059244711062,0.2773100916841793,16p,16p,1.5003737270789024,-0.0648033697235586,0.4967925999995263,1.5522088401821899,2.503954854158278,-1.6818155796293064,2.611218427545434,-0.8777696750490618,4.393870509595408,-1.5234445492563977,1.561653297637222,0.49648095820039706,-4.033599365743705e-05,4.970540346858866e-06
16p_8445,2024-06-18,4,2,post_stress,4,4,4,7.503701297581468,-2.716997499379274,2.3933518991010967,2.036161116668717,3.311629609883124,8.738141276848227,1.7378523141836286,0.0001485997494182,7.376294318626333,0.9911975731089484,16p,16p,1.5003737270789024,0.8929781720221943,0.4967925999995263,7.006908697581942,2.503954854158278,-5.220952353537552,2.611218427545434,-0.5750573108767174,4.393870509595408,-1.0822408997122843,1.561653297637222,0.17619901654640668,-4.033599365743705e-05,0.00018893574307563704
16p_8445,2024-06-19,5,3,post_stress,4,4,4,4.3094111104561295,-2.269244975841132,1.0200830673074983,3.1305334179757764,4.660099634103813,6.108968531870395,0.8789041389182594,7.190618710170961e-05,2.769566921093156,0.5850493122877465,16p,16p,1.5003737270789024,-0.48029065977140406,0.4967925999995263,3.8126185104566033,2.503954854158278,-4.77319982999941,2.611218427545434,0.5193149904303422,4.393870509595408,0.2662291245084045,1.561653297637222,-0.6827491587189626,-4.033599365743705e-05,0.00011224218075914666
16p_9333,2024-09-07,2,-1,baseline,4,4,4,8.071334733823925,-9.02762565553221,-0.4781454608541434,2.2375621403186536,3.42367857411441,,0.4914240393551855,-1.917499343269749e-05,,,16p,16p,-0.4781454608541434,0.0,8.071334733823925,0.0,-9.02762565553221,0.0,2.2375621403186536,0.0,3.42367857411441,0.0,0.4914240393551855,0.0,-1.917499343269749e-05,0.0
16p_9333,2024-09-08,3,1,post_stress,4,4,4,6.898467024119061,-7.464343004436138,-0.2829379901585389,1.1427760323409395,1.8582570122273605,1.954346773652592,0.8911911582375767,-4.789071914348855e-05,1.613966442302482,-0.329330618631972,16p,16p,-0.4781454608541434,0.1952074706956045,8.071334733823925,-1.1728677097048639,-9.02762565553221,1.5632826510960722,2.2375621403186536,-1.0947861079777141,3.42367857411441,-1.5654215618870495,0.4914240393551855,0.39976711888239114,-1.917499343269749e-05,-2.871572571079106e-05
16p_9755,2024-10-15,2,-2,baseline,4,4,4,1.958801384371839,2.221172421866875,2.0899869031193568,1.9583209176600973,3.2453427369603527,,1.1705961662924311,-7.820640188637741e-06,,,16p,16p,2.090579101634941,-0.0005921985155841192,1.9558005169784876,0.0030008673933514807,2.225357686291394,-0.004185264424519275,1.957047150766727,0.0012737668933702206,3.24912815967991,-0.0037854227195572854,1.1678259819504944,0.0027701843419367655,0.00016940025903073113,-0.00017722089921936888
16p_9755,2024-10-16,3,-1,baseline,4,4,4,1.952799649585136,2.229542950715913,2.091171300150525,1.9557733838733569,3.2529135823994677,0.0102998336715942,1.1650557976085576,0.0003466211582501,0.009213401408946,-0.2207774641909746,16p,16p,2.090579101634941,0.0005921985155841192,1.9558005169784876,-0.0030008673933514807,2.225357686291394,0.004185264424518831,1.957047150766727,-0.0012737668933702206,3.24912815967991,0.0037854227195577295,1.1678259819504944,-0.0027701843419367655,0.00016940025903073113,0.00017722089921936888
16p_9755,2024-10-17,4,1,post_stress,4,4,4,6.477752135917146,-3.6496132309548233,1.4140694524811612,1.520381320654397,2.401600766805989,7.413725765262081,1.861231121933065,-5.6558952537554864e-05,8.094225979664959,0.9692801992667892,16p,16p,2.090579101634941,-0.6765096491537796,1.9558005169784876,4.521951618938658,2.225357686291394,-5.874970917246218,1.957047150766727,-0.43666583011233007,3.24912815967991,-0.8475273928739209,1.1678259819504944,0.6934051399825707,0.00016940025903073113,-0.000225959211568286
16p_9755,2024-10-18,5,2,post_stress,4,4,4,5.215359178038514,-2.000172061251595,1.6075935583934595,1.331676131204049,2.203783307942865,5.336649165184287,1.6020175399647725,-0.0001133217435853,1.6879100609059636,0.0614016844984736,16p,16p,2.090579101634941,-0.48298554324148135,1.9558005169784876,3.2595586610600265,2.225357686291394,-4.225529747542989,1.957047150766727,-0.625371019562678,3.24912815967991,-1.045344851737045,1.1678259819504944,0.4341915580142781,0.00016940025903073113,-0.00028272200261603115
16p_9755,2024-10-19,6,3,post_stress,4,4,4,5.730225990385556,-2.8345789518303324,1.4478235192776112,2.113796982021289,3.509654800105135,6.312625954078918,2.215930669952541,5.71739774265969e-05,3.6805219069843207,-0.161637438048623,16p,16p,2.090579101634941,-0.6427555823573297,1.9558005169784876,3.774425473407068,2.225357686291394,-5.059936638121727,1.957047150766727,0.15674983125456188,3.24912815967991,0.2605266404252249,1.1678259819504944,1.0481046880020468,0.00016940025903073113,-0.00011222628160413424
cddel_10276,2025-02-22,2,-3,baseline,4,4,4,-1.2428324908489363,8.581363097625244,3.6692653033881535,1.0441460704658323,2.0103908603199154,,1.87908640243649,5.611343368179273e-05,,,CD del,CD del,3.667746932901988,0.0015183704861656544,-1.2411884069935069,-0.0016440838554294679,8.576682272797482,0.004680824827762109,1.0500810169127934,-0.005934946446961131,2.0231438581238383,-0.012752997803922916,1.893953879223978,-0.01486747678748812,-5.965203033626411e-05,0.00011576546401805685
cddel_10276,2025-02-23,3,-2,baseline,4,4,4,-1.2402941204920053,8.579603325333068,3.6696546024205303,1.0567691152317478,2.034736089805027,0.0030887088871014,1.901081972694236,-4.808804163338506e-05,0.0097974013283222,-0.0489616897114472,CD del,CD del,3.667746932901988,0.0019076695185424875,-1.2411884069935069,0.0008942865015015844,8.576682272797482,0.002921052535585389,1.0500810169127934,0.006688098318954339,2.0231438581238383,0.011592231681188725,1.893953879223978,0.007128093470258001,-5.965203033626411e-05,1.1563988702879053e-05
cddel_10276,2025-02-24,4,-1,baseline,4,4,4,-1.2404386096395794,8.569080395434137,3.664320892897279,1.0493278650408004,2.0243046242465725,0.0114581479706991,1.901693262541208,-0.0001869814830572,0.0059273422546796,-0.0496438891741505,CD del,CD del,3.667746932901988,-0.00342604000470903,-1.2411884069935069,0.0007497973539274394,8.576682272797482,-0.0076018773633457215,1.0500810169127934,-0.0007531518719929853,2.0231438581238383,0.0011607661227341914,1.893953879223978,0.007739383317229898,-5.965203033626411e-05,-0.00012732945272093588
cddel_10276,2025-02-25,5,1,post_stress,4,4,4,1.232984351665627,3.672395807398303,2.452690079531965,1.5810516446163267,2.441237809151068,5.493046201734383,3.11222741047955,-1.1641449836150702e-06,4.850443537739758,0.9994300759522702,CD del,CD del,3.667746932901988,-1.2150568533700228,-1.2411884069935069,2.474172758659134,8.576682272797482,-4.90428646539918,1.0500810169127934,0.5309706277035333,2.0231438581238383,0.4180939510272297,1.893953879223978,1.2182735312555721,-5.965203033626411e-05,5.848788535264904e-05
cddel_10276,2025-02-26,6,2,post_stress,4,4,4,0.8905745190404832,4.394134939695348,2.6423547293679155,0.7410119181449999,1.2042530948996482,4.69447711321003,0.2454336977249762,-0.0001094292154794,4.449767318408439,-0.2481795799859864,CD del,CD del,3.667746932901988,-1.0253922035340723,-1.2411884069935069,2.13176292603399,8.576682272797482,-4.182547333102134,1.0500810169127934,-0.30906909876779354,2.0231438581238383,-0.8188907632241902,1.893953879223978,-1.6485201814990018,-5.965203033626411e-05,-4.977718514313589e-05
cddel_10276,2025-02-27,7,3,post_stress,4,4,4,1.707665466063104,3.959358298242027,2.8335118821525658,1.6540832402847392,2.7691429605264557,5.478633027557656,1.269491128265109,-0.0003134079581097,3.681776962133799,-0.0220403446408049,CD del,CD del,3.667746932901988,-0.8342350507494221,-1.2411884069935069,2.9488538730566107,8.576682272797482,-4.617323974555456,1.0500810169127934,0.6040022233719458,2.0231438581238383,0.7459991024026174,1.893953879223978,-0.6244627509588692,-5.965203033626411e-05,-0.0002537559277734359
cddel_9621,2024-12-10,2,-2,baseline,4,4,4,1.2003347955526982,2.258515341702796,1.729425068627747,1.0621421373377324,1.7590774781202585,,0.9840712176471286,-0.0001534015080423,,,CD del,CD del,1.7310408830369568,-0.0016158144092097704,1.1956718960858301,0.004662899466868042,2.2664098699880837,-0.007894528285287805,1.0601606437338553,0.001981493603877116,1.7561674472634135,0.0029100308568450473,0.990093993021512,-0.006022775374383449,-0.00014993044517665,-3.4710628656500037e-06
cddel_9621,2024-12-11,3,-1,baseline,4,4,4,1.191008996618962,2.274304398273371,1.7326566974461666,1.0581791501299782,1.7532574164065682,0.0183375252730922,0.9961167683958956,-0.000146459382311,0.0228627345586189,-0.1263023069791732,CD del,CD del,1.7310408830369568,0.0016158144092097704,1.1956718960858301,-0.004662899466868042,2.2664098699880837,0.007894528285287361,1.0601606437338553,-0.001981493603877116,1.7561674472634135,-0.0029100308568452693,0.990093993021512,0.00602277537438356,-0.00014993044517665,3.4710628656499766e-06
cddel_9621,2024-12-12,4,1,post_stress,4,4,4,4.382623693732329,0.0276725175115137,2.2051481056219213,1.696596652261806,2.6415842931908933,3.894689550387303,3.3185747171270155,-0.0003617408386871,5.028524349415323,0.6311927048163883,CD del,CD del,1.7310408830369568,0.4741072225849645,1.1956718960858301,3.1869517976464987,2.2664098699880837,-2.23873735247657,1.0601606437338553,0.6364360085279506,1.7561674472634135,0.8854168459274798,0.990093993021512,2.3284807241055034,-0.00014993044517665,-0.00021181039351045002
cddel_9621,2024-12-13,5,2,post_stress,4,4,4,4.490627273639302,1.1152765084276994,2.802951891033501,1.58288053383683,2.363138345305145,3.490249125229581,2.172186705317228,-7.111365507345862e-05,2.5064012306149754,-0.0055068541091957,CD del,CD del,1.7310408830369568,1.0719110079965442,1.1956718960858301,3.294955377553472,2.2664098699880837,-1.1511333615603843,1.0601606437338553,0.5227198901029746,1.7561674472634135,0.6069708980417317,0.990093993021512,1.182092712295716,-0.00014993044517665,7.881679010319137e-05
cddel_9621,2024-12-14,6,3,post_stress,4,4,4,1.624269278038319,1.47927857674522,1.5517739273917697,1.6988128150554993,2.845791348528022,0.8962540870861959,3.119041406995628,-0.0001764918382727,1.9579709581225035,0.6597720396920552,CD del,CD del,1.7310408830369568,-0.17926695564518713,1.1956718960858301,0.42859738195248887,2.2664098699880837,-0.7871312932428638,1.0601606437338553,0.638652171321644,1.7561674472634135,1.0896239012646087,0.990093993021512,2.128947413974116,-0.00014993044517665,-2.656139309605002e-05
wt_10132,2025-02-04,2,-2,baseline,4,4,4,-33.48281941854482,7.3203774565002835,-13.08122098102227,34.380370085033086,47.07534150850287,,45.0590847626995,0.0001992490385721,,,wt,WT,-13.078105786301212,-0.0031151947210581454,-33.48163618724994,-0.0011832312948811818,7.325424614647518,-0.005047158147234221,34.38069663839262,-0.00032655335953535314,47.08220482371557,-0.006863315212697785,45.06381445022126,-0.004729687521759729,-0.00010680591981875001,0.00030605495839085
wt_10132,2025-02-05,3,-1,baseline,4,4,4,-33.48045295595506,7.330471772794752,-13.074990591580152,34.38102319175215,47.08906813892827,0.010367997233869,45.06854413774302,-0.0004128608782096,0.019824259514919,0.0763961363520449,wt,WT,-13.078105786301212,0.003115194721059922,-33.48163618724994,0.0011832312948811818,7.325424614647518,0.005047158147234221,34.38069663839262,0.0003265533595282477,47.08220482371557,0.006863315212697785,45.06381445022126,0.004729687521759729,-0.00010680591981875001,-0.00030605495839085
wt_10132,2025-02-06,4,1,post_stress,4,4,4,2.3935422188623123,3.0866458729395108,2.7400940459009115,2.2474828211391573,3.338332052474497,36.12472381751228,4.323771441652522,-0.0003105724341231,55.32691514757085,0.7507288215875798,wt,WT,-13.078105786301212,15.818199832202122,-33.48163618724994,35.875178406112255,7.325424614647518,-4.238778741708007,34.38069663839262,-32.13321381725346,47.08220482371557,-43.74387277124107,45.06381445022126,-40.74004300856873,-0.00010680591981875001,-0.00020376651430435
wt_10132,2025-02-07,5,2,post_stress,4,4,4,-0.780507238266794,6.006256490093202,2.612874625913204,2.239068517798753,3.467079464393285,32.72772584642666,0.8648501090003898,6.839769662758857e-05,35.03454498263576,0.7432140218878805,wt,WT,-13.078105786301212,15.690980412214415,-33.48163618724994,32.70112894898315,7.325424614647518,-1.3191681245543156,34.38069663839262,-32.141628120593865,47.08220482371557,-43.615125359322285,45.06381445022126,-44.198964341220865,-0.00010680591981875001,0.00017520361644633858
wt_10132,2025-02-08,6,3,post_stress,4,4,4,-0.1313409686297443,6.573616220382304,3.2211376258762794,1.2945055176203826,1.932131224448908,33.358768068242696,0.5588132317562874,-9.2542553994025e-05,26.99769786747607,0.1320888011602894,wt,WT,-13.078105786301212,16.29924341217749,-33.48163618724994,33.3502952186202,7.325424614647518,-0.7518083942652138,34.38069663839262,-33.08619112077224,47.08220482371557,-45.15007359926666,45.06381445022126,-44.50500121846497,-0.00010680591981875001,1.4263365824725014e-05
wt_10205,2025-02-22,2,-3,baseline,4,4,4,0.3456625516029699,4.025348731700642,2.185505641651805,0.5937529115582053,1.0219924418355464,,0.5388943929369221,-0.0002967700430429,,,wt,WT,2.184798402122768,0.0007072395290368405,0.3471917859662483,-0.0015292343632783978,4.022405018279287,0.0029437134213541327,0.5982748932866295,-0.004521981728424218,1.0176022853106337,0.004390156524912703,0.5550513494239052,-0.01615695648698312,-0.00022460197495293333,-7.216806808996667e-05
wt_10205,2025-02-23,3,-2,baseline,4,4,4,0.3545416448886054,4.018264852103776,2.186403248496191,0.6164826964909578,1.0418811207697372,0.0113586816012203,0.5851605716181495,-0.0001827609438853,0.0264512022535404,-0.2925217729648326,wt,WT,2.184798402122768,0.0016048463734228413,0.3471917859662483,0.007349858922357122,4.022405018279287,-0.004140166175511162,0.5982748932866295,0.018207803204328243,1.0176022853106337,0.024278835459103476,0.5550513494239052,0.03010922219424428,-0.00022460197495293333,4.184103106763334e-05
wt_10205,2025-02-24,4,-1,baseline,4,4,4,0.3413711614071696,4.023601471033446,2.182486316220308,0.5845890718107256,0.9889332933266176,0.0089134803115302,0.5410990837166441,-0.0001942749379306,0.018250395840951,-0.2904002853250619,wt,WT,2.184798402122768,-0.002312085902460126,0.3471917859662483,-0.005820624559078669,4.022405018279287,0.0011964527541588055,0.5982748932866295,-0.013685821475903914,1.0176022853106337,-0.028668991984016068,0.5550513494239052,-0.013952265707261158,-0.00022460197495293333,3.032703702233333e-05
wt_10205,2025-02-25,5,1,post_stress,4,4,4,3.574852376211623,0.004042369300879,1.7894473727562512,1.0445792699162295,1.530404786917137,5.1541275949017695,0.3771623402311143,-0.0004636130103359,5.435118024581836,0.9977051427161856,wt,WT,2.184798402122768,-0.395351029366517,0.3471917859662483,3.227660590245375,4.022405018279287,-4.018362648978409,0.5982748932866295,0.4463043766296,1.0176022853106337,0.5128025016065034,0.5550513494239052,-0.17788900919279094,-0.00022460197495293333,-0.00023901103538296665
wt_10205,2025-02-26,6,2,post_stress,4,4,4,1.090707020778838,1.853441933450941,1.47207447711489,1.3493164287212265,2.179175102007918,2.292861916415055,1.8068371320565615,-0.0006419263095423,0.5610486562604425,0.7934956838914856,wt,WT,2.184798402122768,-0.7127239250078783,0.3471917859662483,0.7435152348125897,4.022405018279287,-2.1689630848283463,0.5982748932866295,0.751041535434597,1.0176022853106337,1.1615728166972843,0.5550513494239052,1.2517857826326564,-0.00022460197495293333,-0.0004173243345893667
wt_10205,2025-02-27,7,3,post_stress,4,4,4,5.6521336173110015,-1.9199840686663407,1.86607477432233,2.4677987842335285,4.122422225097016,7.96582675524656,0.1861131231904153,-3.162822215770116e-05,6.9075041598255,0.979100177478052,wt,WT,2.184798402122768,-0.31872362780043817,0.3471917859662483,5.304941831344753,4.022405018279287,-5.942389086945628,0.5982748932866295,1.869523890946899,1.0176022853106337,3.104819939786382,0.5550513494239052,-0.36893822623348993,-0.00022460197495293333,0.00019297375279523217
wt_10565,2025-03-18,2,-3,baseline,4,4,4,3.447438731311258,-8.298083121986341,-2.4253221953375417,0.6154194545160205,1.0211341120367348,,0.5157271030345763,-1.912744091523517e-05,,,wt,WT,-2.4254131011937368,9.090585619508929e-05,3.4530258119545025,-0.005587080643244313,-8.303852014341976,0.005768892355634492,0.5990989212502335,0.016320533265787085,0.9877662512363048,0.03336786080042997,0.5083973283842433,0.00732977465033291,-3.7539820793014204e-05,1.8412379877779033e-05
wt_10565,2025-03-19,3,-2,baseline,4,4,4,3.4580740705133275,-8.309786978670807,-2.4258564540787404,0.5822988121424387,0.956230848595084,0.015814256265585,0.5081948964172454,-0.0001078202340117,0.0147334996867217,-0.0324869228558793,wt,WT,-2.4254131011937368,-0.0004433528850036339,3.4530258119545025,0.0050482585588249584,-8.303852014341976,-0.005934964328831782,0.5990989212502335,-0.016800109107794725,0.9877662512363048,-0.03153540264122079,0.5083973283842433,-0.0002024319669979846,-3.7539820793014204e-05,-7.028041321868579e-05
wt_10565,2025-03-20,4,-1,baseline,4,4,4,3.453564634038922,-8.30368594236878,-2.425060654164928,0.5995784970922409,0.9859337930770956,0.0008457514780445,0.5012699857009083,1.4328212547892565e-05,0.0185649312283425,-0.3258418197607372,wt,WT,-2.4254131011937368,0.0003524470288085446,3.4530258119545025,0.0005388220844193548,-8.303852014341976,0.00016607197319551403,0.5990989212502335,0.0004795758420074181,0.9877662512363048,-0.0018324581592091826,0.5083973283842433,-0.007127342683335036,-3.7539820793014204e-05,5.186803334090677e-05
wt_10565,2025-03-21,5,1,post_stress,4,4,4,5.828437221382695,-12.577078371629142,-3.374320575123224,1.0661674391920015,1.7425315376081147,4.889073824831792,0.9731170338783988,-8.275593217382414e-06,5.263287194054469,0.9954338286595128,wt,WT,-2.4254131011937368,-0.9489074739294874,3.4530258119545025,2.375411409428193,-8.303852014341976,-4.273226357287166,0.5990989212502335,0.46706851794176807,0.9877662512363048,0.75476528637181,0.5083973283842433,0.4647197054941554,-3.7539820793014204e-05,2.926422757563179e-05
wt_10565,2025-03-22,6,2,post_stress,4,4,4,5.472875896115803,-11.902309391462714,-3.214716747673455,0.5964339791198936,1.0428325977729378,4.1265833152186655,0.7709317770636124,-9.705245206142328e-06,3.0571612210772097,0.3846244233438034,wt,WT,-2.4254131011937368,-0.7893036464797181,3.4530258119545025,2.0198500841613005,-8.303852014341976,-3.598457377120738,0.5990989212502335,-0.0026649421303398535,0.9877662512363048,0.055066346536633004,0.5083973283842433,0.26253444867936904,-3.7539820793014204e-05,2.7834575586871878e-05
wt_10565,2025-03-23,7,3,post_stress,4,4,4,4.961447848597008,-10.600596773719545,-2.819574462561268,0.5976390688492531,0.9801021290869756,2.7477943027739617,1.0994092518783851,-6.721364136854724e-05,1.3826127383750073,0.550501351945056,wt,WT,-2.4254131011937368,-0.39416136136753144,3.4530258119545025,1.5084220366425058,-8.303852014341976,-2.296744759377569,0.5990989212502335,-0.0014598524009803437,0.9877662512363048,-0.007664122149329211,0.5083973283842433,0.5910119234941418,-3.7539820793014204e-05,-2.9673820575533038e-05
wt_10572,2025-03-18,2,-3,baseline,4,4,4,6.244976176971593,-15.100465810998667,-4.427744817013538,0.4684669344367873,0.7797624690239654,,0.7729937525705254,-0.0001073167639874,,,wt,WT,-4.427104262439541,-0.000640554573997143,6.241268086235153,0.003708090736440184,-15.095476611114234,-0.0049891998844326935,0.4681091082582967,0.0003578261784905612,0.7802319472060834,-0.000469478182117955,0.7743206318427727,-0.0013268792722472833,-4.2546358548813865e-05,-6.477040543858612e-05
wt_10572,2025-03-19,3,-2,baseline,4,4,4,6.240710021868709,-15.095989149185598,-4.427639563658445,0.4767430171707935,0.7926731519413028,0.0061838968580072,0.7877588058551861,-1.8049229494747875e-05,0.0073422819226173,-0.2283890844870097,wt,WT,-4.427104262439541,-0.0005353012189042161,6.241268086235153,-0.0005580643664444551,-15.095476611114234,-0.0005125380713639771,0.4681091082582967,0.008633908912496768,0.7802319472060834,0.01244120473521948,0.7743206318427727,0.013438174012413429,-4.2546358548813865e-05,2.449712905406599e-05
wt_10572,2025-03-20,4,-1,baseline,4,4,4,6.238118059865157,-15.089974873158434,-4.425928406646639,0.4591173731673094,0.7682602206529818,0.0095095488851176,0.7622093371026066,-2.2730821642937167e-06,0.0195001496122121,-0.2788142854541384,wt,WT,-4.427104262439541,0.0011758557929022473,6.241268086235153,-0.0031500263699957287,-15.095476611114234,0.005501737955800223,0.4681091082582967,-0.00899173509098733,0.7802319472060834,-0.011971726553101525,0.7743206318427727,-0.012111294740166034,-4.2546358548813865e-05,4.027327638452015e-05
wt_10572,2025-03-21,5,1,post_stress,4,4,4,10.050972417261988,-16.859399974406035,-3.404213778572024,1.222949938417737,1.833381044466402,4.1982463864584325,0.6193474843692203,-8.114893567336633e-05,3.9734904787181935,0.9695909989067556,wt,WT,-4.427104262439541,1.022890483867517,6.241268086235153,3.8097043310268353,-15.095476611114234,-1.7639233632918003,0.4681091082582967,0.7548408301594403,0.7802319472060834,1.0531490972603188,0.7743206318427727,-0.1549731474735524,-4.2546358548813865e-05,-3.860257712455247e-05
wt_10572,2025-03-22,6,2,post_stress,4,4,4,7.516704938677554,-16.54062207690865,-4.511958569115549,2.088958731663685,3.452912506375562,1.927481408956864,2.516569127953083,-0.0002104967232341,0.3820757002919153,0.697287412870273,wt,WT,-4.427104262439541,-0.08485430667600813,6.241268086235153,1.2754368524424011,-15.095476611114234,-1.4451454657944165,0.4681091082582967,1.6208496234053884,0.7802319472060834,2.6726805591694784,0.7743206318427727,1.7422484961103102,-4.2546358548813865e-05,-0.00016795036468528614
wt_10572,2025-03-23,7,3,post_stress,4,4,4,9.75933113069118,-15.228132223869393,-2.734400546589107,2.487401728078723,4.28968647604454,3.5205631788625324,3.0446967226348685,-0.0001797043966267,3.083097084855411,0.719440457438305,wt,WT,-4.427104262439541,1.6927037158504343,6.241268086235153,3.518063044456027,-15.095476611114234,-0.13265561275515836,0.4681091082582967,2.019292619820426,0.7802319472060834,3.509454528838457,0.7743206318427727,2.270376090792096,-4.2546358548813865e-05,-0.00013715803807788613
wt_8718,2024-05-15,2,-2,baseline,4,4,4,-1.0649079708369875,11.74584743759262,5.340469733377817,2.126454070568744,3.3908995786801417,,1.0812510660474812,-0.0021170732572706,,,wt,WT,5.339549004014231,0.0009207293635862257,-1.064333778009365,-0.0005741928276226105,11.743431786037824,0.002415651554795062,2.116992126318026,0.009461944250718002,3.3765300604088413,0.014369518271300397,1.0721590780640033,0.009091987983477878,-0.00199395186375265,-0.0001231213935179499
wt_8718,2024-05-16,3,-1,baseline,4,4,4,-1.0637595851817423,11.74101613448303,5.338628274650644,2.1075301820673085,3.362160542137541,0.0049659117340046,1.0630670900805257,-0.0018708304702347,0.0080602123168211,-0.3120965191933461,wt,WT,5.339549004014231,-0.0009207293635862257,-1.064333778009365,0.0005741928276226105,11.743431786037824,-0.002415651554795062,2.116992126318026,-0.009461944250717558,3.3765300604088413,-0.014369518271300397,1.0721590780640033,-0.009091987983477656,-0.00199395186375265,0.00012312139351795012
wt_8718,2024-05-17,4,1,post_stress,4,4,4,-0.0007653740937981,7.598072504874349,3.798653565390276,3.199763918710477,4.626742892028207,4.279623969431856,1.180732911412839,-0.0017733444925181,3.604646852733792,0.90424373684557,wt,WT,5.339549004014231,-1.5408954386239544,-1.064333778009365,1.0635684039155668,11.743431786037824,-4.145359281163476,2.116992126318026,1.082771792392451,3.3765300604088413,1.2502128316193657,1.0721590780640033,0.10857383334883575,-0.00199395186375265,0.0002206073712345501
wt_8718,2024-05-18,5,2,post_stress,4,4,4,-0.7965531919965876,9.172652813681305,4.188049810842358,3.2107419434948223,4.949986538131607,2.584687789067724,0.479534001722929,-0.0010230014471493,0.9443778953717512,0.6635513218656574,wt,WT,5.339549004014231,-1.1514991931718725,-1.064333778009365,0.2677805860127773,11.743431786037824,-2.5707789723565195,2.116992126318026,1.0937498171767963,3.3765300604088413,1.5734564777227655,1.0721590780640033,-0.5926250763410743,-0.00199395186375265,0.0009709504166033501
wt_8718,2024-05-19,6,3,post_stress,4,4,4,-0.0095246146573864,9.004542579013357,4.497508982177985,2.611439978483752,4.29676127254788,2.934984916391636,1.0626805421481138,-0.000655408802613,1.4566073104035644,0.1399218785326843,wt,WT,5.339549004014231,-0.8420400218362456,-1.064333778009365,1.0548091633519785,11.743431786037824,-2.7388892070244673,2.116992126318026,0.49444785216572607,3.3765300604088413,0.920231212139039,1.0721590780640033,-0.009478535915889541,-0.00199395186375265,0.00133854306113965
wt_9314,2024-09-14,2,-2,baseline,4,4,4,11.478926088022629,-13.018698990059184,-0.7698864510182781,1.0747949157904968,1.838252513431183,,2.051283571641458,-6.147796081478244e-05,,,wt,WT,-0.7686317424612772,-0.0012547085570009386,11.479773508482982,-0.0008474204603530211,-13.017036993405537,-0.0016619966536470798,1.0666285584218729,0.008166357368623922,1.824206836466837,0.014045676964345999,2.032703980586694,0.0185795910547637,-1.6575707272430086e-05,-4.4902253542352354e-05
wt_9314,2024-09-15,3,-1,baseline,4,4,4,11.480620928943337,-13.015374996751891,-0.7673770339042763,1.0584622010532492,1.8101611595024911,0.0037311415482988,2.014124389531931,2.8326546269922268e-05,0.0219957306661641,-0.3051395397498416,wt,WT,-0.7686317424612772,0.0012547085570009386,11.479773508482982,0.0008474204603547975,-13.017036993405537,0.0016619966536453035,1.0666285584218729,-0.0081663573686237,1.824206836466837,-0.014045676964345777,2.032703980586694,-0.018579591054763256,-1.6575707272430086e-05,4.4902253542352354e-05
wt_9314,2024-09-16,4,1,post_stress,4,4,4,11.770706536015172,-14.691002335066829,-1.4601478995258277,0.850614038561802,1.4152465201316478,1.6990591489386824,0.5678018329107221,-0.0001366492874343,2.4084889905626614,0.5734014808384141,wt,WT,-0.7686317424612772,-0.6915161570645505,11.479773508482982,0.29093302753219064,-13.017036993405537,-1.673965341661292,1.0666285584218729,-0.21601451986007092,1.824206836466837,-0.40896031633518914,2.032703980586694,-1.4649021476759723,-1.6575707272430086e-05,-0.00012007358016186991
wt_9314,2024-09-17,5,2,post_stress,4,4,4,11.102134005101345,-15.138283401629383,-2.0180746982640194,2.025191522733099,3.614780296916633,2.154599247868822,2.830211978639226,-3.087840106524541e-05,3.2377695310797976,0.1568936891235164,wt,WT,-0.7686317424612772,-1.2494429558027422,11.479773508482982,-0.3776395033816371,-13.017036993405537,-2.121246408223847,1.0666285584218729,0.9585629643112261,1.824206836466837,1.7905734604497963,2.032703980586694,0.7975079980525317,-1.6575707272430086e-05,-1.4302693792815326e-05
wt_9314,2024-09-18,6,3,post_stress,4,4,4,17.731187212613197,-19.335395319334644,-0.8021040533607231,3.718758896343404,6.13428908611003,8.888297094214655,0.908215532875996,1.0256145144792173e-05,8.847267756866668,0.9939532252435286,wt,WT,-0.7686317424612772,-0.03347231089944591,11.479773508482982,6.251413704130215,-13.017036993405537,-6.318358325929108,1.0666285584218729,2.6521303379215313,1.824206836466837,4.310082249643193,2.032703980586694,-1.1244884477106982,-1.6575707272430086e-05,2.6831852417222258e-05
wt_9905,2024-11-05,2,-2,baseline,4,4,4,1.504518397457688,1.487510729513767,1.4960145634857276,1.4924383857058632,2.308462157704561,,2.832769559881731,-6.722967759604853e-05,,,wt,WT,1.497399854632681,-0.0013852911469534046,1.506637653747258,-0.002119256289570215,1.4881620555181039,-0.0006513260043368163,1.4831970030330521,0.00924138267281105,2.2941663074521337,0.0142958502524273,2.811374835646172,0.021394724235558993,-0.00018443903129092425,0.00011720935369487572
wt_9905,2024-11-06,3,-1,baseline,4,4,4,1.508756910036828,1.4888133815224407,1.4987851457796344,1.4739556203602413,2.279870457199706,0.0044341731065924,2.789980111410613,-0.0003016483849858,0.0215910414014393,-0.2946383284841765,wt,WT,1.497399854632681,0.0013852911469534046,1.506637653747258,0.002119256289569993,1.4881620555181039,0.0006513260043368163,1.4831970030330521,-0.009241382672810827,2.2941663074521337,-0.014295850252427744,2.811374835646172,-0.021394724235558993,-0.00018443903129092425,-0.00011720935369487572
wt_9905,2024-11-07,4,1,post_stress,4,4,4,3.778901015058657,-1.0709027737421652,1.3539991206582458,1.7326907092610766,2.833902552477513,3.422279004335425,3.301298881821173,-0.0002533318580512,0.7795882474801178,0.2568551218896276,wt,WT,1.497399854632681,-0.1434007339744352,1.506637653747258,2.2722633613113987,1.4881620555181039,-2.559064829260269,1.4831970030330521,0.24949370622802447,2.2941663074521337,0.5397362450253795,2.811374835646172,0.48992404617500096,-0.00018443903129092425,-6.889282676027575e-05
wt_9905,2024-11-08,5,2,post_stress,4,4,4,3.660605847209233,-1.7874217743827523,0.9365920364132404,2.059281573065249,3.608994207766805,3.920335241424362,3.1061792841463816,1.5002429552444444e-05,0.9137572121921737,-0.3024993946353083,wt,WT,1.497399854632681,-0.5608078182194406,1.506637653747258,2.1539681934619748,1.4881620555181039,-3.275583829900856,1.4831970030330521,0.5760845700321968,2.2941663074521337,1.3148279003146714,2.811374835646172,0.2948044485002095,-0.00018443903129092425,0.0001994414608433687
wt_9905,2024-11-09,6,3,post_stress,4,4,4,3.958665647539509,-0.3247142212700795,1.8169757131347144,1.9066555354061725,3.1879607293679846,3.0494198919273536,2.1472899345174787,-1.8043159612205536e-05,1.9791651457806632,-0.1604520493061974,wt,WT,1.497399854632681,0.3195758585020334,1.506637653747258,2.452027993792251,1.4881620555181039,-1.8128762767881834,1.4831970030330521,0.42345853237312037,2.2941663074521337,0.8937944219158509,2.811374835646172,-0.6640849011286933,-0.00018443903129092425,0.00016639587167871872
wt_9909,2024-10-29,2,-3,baseline,4,4,4,0.6173196817794862,4.957657919487325,2.787488800633405,1.068357229885632,1.909539147597616,,1.7899187998311057,-0.0002659430500119,,,wt,WT,2.784675063496103,0.0028137371373020414,0.6157178715395281,0.0016018102399580902,4.953632255452678,0.004025664034646326,1.0555297129898464,0.012827516895785651,1.9015077150659117,0.008031432531704352,1.7723001686876716,0.017618631143434094,-0.00019368890833240852,-7.225414167949147e-05
wt_9909,2024-10-30,3,-2,baseline,4,4,4,0.6143168488604996,4.94936192816705,2.781839388513775,1.0634832468603213,1.9063919968150456,0.0088227250623279,1.7747054660993031,-0.0003432240912306,0.0148967464515249,-0.257625947813016,wt,WT,2.784675063496103,-0.0028356749823279515,0.6157178715395281,-0.0014010226790284186,4.953632255452678,-0.004270327285628817,1.0555297129898464,0.007953533870474816,1.9015077150659117,0.004884281749133912,1.7723001686876716,0.002405297411631535,-0.00019368890833240852,-0.00014953518289819148
wt_9909,2024-10-31,4,-1,baseline,4,4,4,0.6155170839785984,4.953876918703661,2.78469700134113,1.0347486622235862,1.8885920007850727,0.0004747582961484,1.7522762401326062,2.810041624527445e-05,0.0197370970134422,-0.3181359110893794,wt,WT,2.784675063496103,2.1937845026798186e-05,0.6157178715395281,-0.00020078756092967165,4.953632255452678,0.00024466325098249087,1.0555297129898464,-0.020781050766260245,1.9015077150659117,-0.01291571428083893,1.7723001686876716,-0.020023928555065407,-0.00019368890833240852,0.00022178932457768297
wt_9909,2024-11-01,5,1,post_stress,4,4,4,2.072265345694154,1.8488435565027448,1.9605544510984496,0.5290371219238745,0.8736259042505251,3.4294669279048957,0.51983772040771,-0.0004308307487612,4.565512024510836,0.992550233362206,wt,WT,2.784675063496103,-0.8241206123976534,0.6157178715395281,1.4565474741546258,4.953632255452678,-3.1047886989499336,1.0555297129898464,-0.5264925910659719,1.9015077150659117,-1.0278818108153867,1.7723001686876716,-1.2524624482799616,-0.00019368890833240852,-0.00023714184042879149
wt_9909,2024-11-02,6,2,post_stress,4,4,4,0.7811875873218518,4.579660797011453,2.6804241921666527,2.118754342957698,3.282961027779906,0.4089436129465041,1.1591951732533163,-0.0002047651698289,0.4025975968056555,0.910946790740795,wt,WT,2.784675063496103,-0.10425087132945032,0.6157178715395281,0.16546971578232372,4.953632255452678,-0.3739714584412255,1.0555297129898464,1.0632246299678514,1.9015077150659117,1.3814533127139945,1.7723001686876716,-0.6131049954343553,-0.00019368890833240852,-1.107626149649148e-05
wt_9909,2024-11-03,7,3,post_stress,4,4,4,2.559212440524033,2.2776902479177323,2.4184513442208826,2.3693872280509485,4.131894613346923,3.3072400528782944,2.827248497330429,2.4890009145717672e-05,1.8464041783904896,0.988088819044798,wt,WT,2.784675063496103,-0.36622371927522046,0.6157178715395281,1.9434945689845047,4.953632255452678,-2.675942007534946,1.0555297129898464,1.313857515061102,1.9015077150659117,2.2303868982810116,1.7723001686876716,1.0549483286427572,-0.00019368890833240852,0.0002185789174781262
