source_sheet,source_label,cage_id,n_baseline_nights,n_post_stress_nights,whole_group_shift,identity_shift,dispersion_change,pairwise_change,stressed_control_separation_change,control_response,synchronization_similarity,active_passive_imbalance_change
16p,16p,16p_8445,1,3,5.711915356009186,0.11596138084241048,-0.3111706651651458,-0.7798187748200922,-0.0033563946573864634,3.8628557213968655,0.6178523256936247,0.00010204948806054753
16p,16p,16p_9333,1,1,1.954346773652592,0.1952074706956045,-1.0947861079777141,-1.5654215618870495,0.39976711888239114,1.613966442302482,-0.329330618631972,-2.871572571079106e-05
16p,16p,16p_9755,2,3,6.3543336281750955,-0.6007502582508637,-0.3017623394734821,-0.5441152013952473,0.7252337953329653,4.487552649185081,0.2896814819055466,-0.00020696916526281712
CD del,CD del,cddel_10276,3,3,5.222052114167356,-1.0248947025511725,0.2753012507692285,0.11506743006855213,-0.35156980040076613,4.327329272760665,0.2430700504418263,-8.168174252130758e-05
CD del,CD del,cddel_9621,2,3,2.760397587567693,0.4555837583121074,0.5992693566508567,0.8606705484112731,1.8798402834584453,3.1642988460509343,0.42848596346641593,-5.3184998834436206e-05
wt,WT,wt_10132,2,3,34.07040591072721,15.936141218864677,-32.453677686206525,-44.16969057661001,-43.14800285608486,39.11971933256089,0.5420105482119165,-4.766510677762137e-06
wt,WT,wt_10205,3,3,5.137605422187796,-0.47559952739161093,1.0222899343370317,1.5930650860300568,0.2349861824021251,4.301223613555926,0.9234336680285744,-0.00015445387239236704
wt,WT,wt_10565,3,3,3.921150480941473,-0.7107908272589127,0.1543145744701493,0.26738917025303777,0.43942202588922197,3.234353717835562,0.6435198679827908,9.141660862323543e-06
wt,WT,wt_10572,3,3,3.2154303247592764,0.8769132976806477,1.464994357795085,2.4117613950894183,1.2858838131429513,2.4795544212885066,0.7954396230717778,-0.00011457032662924157
wt,WT,wt_8718,2,3,3.2664322249637383,-1.1781448845440243,0.8903231539116576,1.2479668404937234,-0.16450992630270933,2.001877352836369,0.5692389790813038,0.0008433669496591834
wt,WT,wt_9314,2,3,4.247318497007387,-0.6581438079222464,1.1315595941242287,1.8972317979192668,-0.5972941991113796,4.831175426169708,0.5747494650684865,-3.584814051248766e-05
wt,WT,wt_9905,2,3,3.464011379229047,-0.12821089789728068,0.41634560287778055,0.9161195224186343,0.04021453118217222,1.2241702018176515,-0.06869877401729269,9.898150192060388e-05
wt,WT,wt_9909,3,3,2.3818835312432314,-0.4315317343341083,0.6168631846543271,0.8613194667265403,-0.27020637169051964,2.271504599902327,0.963861947715933,-9.879728149052248e-06
