cage_id,night_date,relative_night,stress_aligned_night,phase,mouse_count,projection_rows,effect_rows,mean_id_1,mean_id_2,mean_identity_composite,dispersion,pairwise_distance,baseline_centroid_distance,stressed_control_separation,active_passive_imbalance,control_response,synchronization_similarity
16p_8445,2024-06-16,2,-1,baseline,4,4,4,0.4967925999995263,2.503954854158278,1.5003737270789024,2.611218427545434,4.393870509595408,,1.561653297637222,-4.033599365743705e-05,,
16p_8445,2024-06-17,3,1,post_stress,4,4,4,2.0490014401817156,0.8221392745289717,1.4355703573553438,1.7334487524963724,2.8704259603390105,2.2886362593089355,2.058134255837619,-3.5365453310578186e-05,1.4427059244711062,0.2773100916841793
16p_8445,2024-06-18,4,2,post_stress,4,4,4,7.503701297581468,-2.716997499379274,2.3933518991010967,2.0361611166687172,3.311629609883124,8.738141276848227,1.7378523141836286,0.00014859974941821706,7.376294318626333,0.9911975731089485
16p_8445,2024-06-19,5,3,post_stress,4,4,4,4.3094111104561295,-2.269244975841132,1.0200830673074985,3.1305334179757764,4.660099634103813,6.108968531870395,0.8789041389182594,7.190618710170961e-05,2.7695669210931557,0.5850493122877465
16p_9333,2024-09-07,2,-1,baseline,4,4,4,8.071334733823925,-9.02762565553221,-0.47814546085414344,2.2375621403186536,3.42367857411441,,0.4914240393551855,-1.917499343269749e-05,,
16p_9333,2024-09-08,3,1,post_stress,4,4,4,6.898467024119061,-7.464343004436138,-0.28293799015853893,1.1427760323409397,1.8582570122273605,1.9543467736525921,0.8911911582375767,-4.789071914348855e-05,1.613966442302482,-0.329330618631972
16p_9755,2024-10-15,2,-2,baseline,4,4,4,1.958801384371839,2.221172421866875,2.0899869031193568,1.9583209176600973,3.2453427369603527,,1.1705961662924311,-7.820640188637741e-06,,
16p_9755,2024-10-16,3,-1,baseline,4,4,4,1.952799649585136,2.2295429507159135,2.091171300150525,1.9557733838733569,3.2529135823994673,0.01029983367159427,1.1650557976085576,0.0003466211582501752,0.009213401408946054,-0.22077746419097463
16p_9755,2024-10-17,4,1,post_stress,4,4,4,6.477752135917146,-3.6496132309548233,1.4140694524811612,1.520381320654397,2.401600766805989,7.413725765262081,1.861231121933065,-5.6558952537554864e-05,8.094225979664959,0.9692801992667893
16p_9755,2024-10-18,5,2,post_stress,4,4,4,5.215359178038514,-2.000172061251595,1.6075935583934595,1.331676131204049,2.203783307942865,5.336649165184287,1.6020175399647725,-0.00011332174358534477,1.6879100609059636,0.06140168449847364
16p_9755,2024-10-19,6,3,post_stress,4,4,4,5.730225990385556,-2.8345789518303324,1.4478235192776112,2.113796982021289,3.509654800105135,6.312625954078918,2.215930669952541,5.71739774265969e-05,3.6805219069843207,-0.16163743804862304
cddel_10276,2025-02-22,2,-3,baseline,4,4,4,-1.2428324908489363,8.581363097625244,3.6692653033881544,1.0441460704658323,2.0103908603199154,,1.87908640243649,5.611343368179273e-05,,
cddel_10276,2025-02-23,3,-2,baseline,4,4,4,-1.2402941204920053,8.579603325333068,3.6696546024205308,1.0567691152317478,2.034736089805027,0.0030887088871014027,1.9010819726942356,-4.808804163338506e-05,0.009797401328322228,-0.048961689711447244
cddel_10276,2025-02-24,4,-1,baseline,4,4,4,-1.2404386096395794,8.569080395434137,3.664320892897279,1.0493278650408004,2.0243046242465725,0.011458147970699117,1.9016932625412082,-0.0001869814830572471,0.005927342254679691,-0.04964388917415058
cddel_10276,2025-02-25,5,1,post_stress,4,4,4,1.232984351665627,3.6723958073983027,2.452690079531965,1.5810516446163267,2.4412378091510676,5.493046201734383,3.11222741047955,-1.1641449836150702e-06,4.850443537739758,0.9994300759522702
cddel_10276,2025-02-26,6,2,post_stress,4,4,4,0.8905745190404832,4.3941349396953475,2.6423547293679155,0.7410119181449999,1.2042530948996482,4.69447711321003,0.24543369772497628,-0.00010942921547949132,4.449767318408439,-0.24817957998598641
cddel_10276,2025-02-27,7,3,post_stress,4,4,4,1.7076654660631039,3.959358298242027,2.8335118821525658,1.6540832402847392,2.7691429605264553,5.478633027557656,1.269491128265109,-0.0003134079581097061,3.681776962133799,-0.0220403446408049
cddel_9621,2024-12-10,2,-2,baseline,4,4,4,1.2003347955526982,2.258515341702796,1.729425068627747,1.0621421373377324,1.7590774781202585,,0.9840712176471286,-0.0001534015080423808,,
cddel_9621,2024-12-11,3,-1,baseline,4,4,4,1.191008996618962,2.274304398273371,1.7326566974461666,1.0581791501299782,1.7532574164065682,0.01833752527309222,0.9961167683958957,-0.00014645938231109233,0.02286273455861893,-0.12630230697917325
cddel_9621,2024-12-12,4,1,post_stress,4,4,4,4.382623693732329,0.027672517511513728,2.2051481056219213,1.696596652261806,2.6415842931908933,3.894689550387303,3.3185747171270155,-0.0003617408386871355,5.028524349415323,0.6311927048163883
cddel_9621,2024-12-13,5,2,post_stress,4,4,4,4.490627273639302,1.1152765084276994,2.802951891033501,1.5828805338368301,2.3631383453051455,3.490249125229581,2.1721867053172277,-7.111365507345862e-05,2.5064012306149754,-0.0055068541091957135
cddel_9621,2024-12-14,6,3,post_stress,4,4,4,1.624269278038319,1.4792785767452201,1.5517739273917697,1.6988128150554993,2.8457913485280226,0.8962540870861959,3.119041406995628,-0.0001764918382727897,1.9579709581225035,0.6597720396920552
wt_10132,2025-02-04,2,-2,baseline,4,4,4,-33.48281941854482,7.3203774565002835,-13.08122098102227,34.380370085033086,47.075341508502866,,45.0590847626995,0.00019924903857216833,,
wt_10132,2025-02-05,3,-1,baseline,4,4,4,-33.48045295595506,7.330471772794752,-13.074990591580153,34.38102319175215,47.08906813892827,0.01036799723386903,45.06854413774302,-0.000412860878209605,0.019824259514919,0.07639613635204497
wt_10132,2025-02-06,4,1,post_stress,4,4,4,2.3935422188623123,3.0866458729395108,2.7400940459009115,2.2474828211391573,3.3383320524744975,36.124723817512276,4.323771441652522,-0.0003105724341231533,55.32691514757085,0.7507288215875798
wt_10132,2025-02-07,5,2,post_stress,4,4,4,-0.780507238266794,6.006256490093202,2.612874625913204,2.239068517798753,3.467079464393285,32.72772584642666,0.8648501090003898,6.839769662758857e-05,35.03454498263576,0.7432140218878805
wt_10132,2025-02-08,6,3,post_stress,4,4,4,-0.1313409686297443,6.573616220382304,3.2211376258762794,1.2945055176203826,1.9321312244489082,33.358768068242696,0.5588132317562874,-9.254255399402501e-05,26.99769786747607,0.13208880116028943
wt_10205,2025-02-22,2,-3,baseline,4,4,4,0.3456625516029699,4.025348731700642,2.1855056416518055,0.5937529115582053,1.0219924418355464,,0.5388943929369221,-0.00029677004304298033,,
wt_10205,2025-02-23,3,-2,baseline,4,4,4,0.3545416448886054,4.018264852103776,2.186403248496191,0.6164826964909578,1.0418811207697372,0.011358681601220371,0.5851605716181495,-0.0001827609438853675,0.026451202253540407,-0.2925217729648326
wt_10205,2025-02-24,4,-1,baseline,4,4,4,0.34137116140716967,4.023601471033446,2.1824863162203076,0.5845890718107256,0.9889332933266176,0.008913480311530214,0.5410990837166441,-0.00019427493793062892,0.018250395840951006,-0.29040028532506196
wt_10205,2025-02-25,5,1,post_stress,4,4,4,3.574852376211623,0.0040423693008790895,1.7894473727562512,1.0445792699162295,1.5304047869171373,5.1541275949017695,0.37716234023111433,-0.00046361301033593283,5.435118024581836,0.9977051427161857
wt_10205,2025-02-26,6,2,post_stress,4,4,4,1.090707020778838,1.8534419334509415,1.47207447711489,1.3493164287212265,2.179175102007918,2.292861916415055,1.8068371320565617,-0.0006419263095423173,0.5610486562604425,0.7934956838914856
wt_10205,2025-02-27,7,3,post_stress,4,4,4,5.6521336173110015,-1.9199840686663412,1.86607477432233,2.4677987842335285,4.122422225097016,7.96582675524656,0.18611312319041537,-3.162822215770116e-05,6.9075041598255,0.979100177478052
wt_10565,2025-03-18,2,-3,baseline,4,4,4,3.447438731311258,-8.298083121986341,-2.4253221953375417,0.6154194545160205,1.0211341120367348,,0.5157271030345763,-1.912744091523517e-05,,
wt_10565,2025-03-19,3,-2,baseline,4,4,4,3.4580740705133275,-8.309786978670807,-2.4258564540787404,0.5822988121424387,0.956230848595084,0.01581425626558509,0.5081948964172454,-0.00010782023401171344,0.01473349968672177,-0.032486922855879306
wt_10565,2025-03-20,4,-1,baseline,4,4,4,3.453564634038922,-8.30368594236878,-2.425060654164928,0.5995784970922409,0.9859337930770957,0.0008457514780445811,0.5012699857009083,1.4328212547892565e-05,0.018564931228342563,-0.32584181976073723
wt_10565,2025-03-21,5,1,post_stress,4,4,4,5.8284372213826945,-12.577078371629142,-3.3743205751232237,1.0661674391920017,1.7425315376081147,4.889073824831792,0.9731170338783988,-8.275593217382414e-06,5.263287194054469,0.9954338286595128
wt_10565,2025-03-22,6,2,post_stress,4,4,4,5.472875896115803,-11.902309391462714,-3.214716747673455,0.5964339791198936,1.0428325977729378,4.1265833152186655,0.7709317770636124,-9.705245206142327e-06,3.0571612210772097,0.3846244233438034
wt_10565,2025-03-23,7,3,post_stress,4,4,4,4.961447848597008,-10.600596773719543,-2.8195744625612678,0.5976390688492531,0.9801021290869757,2.7477943027739617,1.0994092518783851,-6.721364136854724e-05,1.3826127383750073,0.550501351945056
wt_10572,2025-03-18,2,-3,baseline,4,4,4,6.244976176971593,-15.100465810998669,-4.427744817013538,0.46846693443678733,0.7797624690239654,,0.7729937525705254,-0.00010731676398747711,,
wt_10572,2025-03-19,3,-2,baseline,4,4,4,6.240710021868709,-15.095989149185598,-4.427639563658445,0.4767430171707935,0.7926731519413028,0.006183896858007274,0.7877588058551861,-1.8049229494747875e-05,0.00734228192261732,-0.2283890844870097
wt_10572,2025-03-20,4,-1,baseline,4,4,4,6.238118059865157,-15.089974873158434,-4.425928406646639,0.45911737316730944,0.7682602206529818,0.009509548885117644,0.7622093371026066,-2.2730821642937167e-06,0.019500149612212178,-0.2788142854541384
wt_10572,2025-03-21,5,1,post_stress,4,4,4,10.050972417261988,-16.859399974406035,-3.404213778572024,1.222949938417737,1.833381044466402,4.1982463864584325,0.6193474843692203,-8.114893567336633e-05,3.9734904787181935,0.9695909989067557
wt_10572,2025-03-22,6,2,post_stress,4,4,4,7.516704938677554,-16.54062207690865,-4.511958569115549,2.0889587316636855,3.452912506375562,1.927481408956864,2.516569127953083,-0.00021049672323411118,0.3820757002919153,0.697287412870273
wt_10572,2025-03-23,7,3,post_stress,4,4,4,9.75933113069118,-15.228132223869393,-2.734400546589107,2.487401728078723,4.2896864760445395,3.5205631788625324,3.0446967226348685,-0.0001797043966267676,3.083097084855411,0.719440457438305
wt_8718,2024-05-15,2,-2,baseline,4,4,4,-1.0649079708369875,11.745847437592621,5.340469733377817,2.1264540705687436,3.3908995786801417,,1.0812510660474812,-0.002117073257270695,,
wt_8718,2024-05-16,3,-1,baseline,4,4,4,-1.0637595851817425,11.74101613448303,5.3386282746506435,2.1075301820673085,3.362160542137541,0.004965911734004628,1.0630670900805257,-0.0018708304702347058,0.008060212316821138,-0.31209651919334613
wt_8718,2024-05-17,4,1,post_stress,4,4,4,-0.0007653740937981213,7.598072504874349,3.7986535653902758,3.199763918710477,4.626742892028207,4.279623969431856,1.1807329114128393,-0.0017733444925181717,3.604646852733792,0.9042437368455699
wt_8718,2024-05-18,5,2,post_stress,4,4,4,-0.7965531919965876,9.172652813681303,4.188049810842358,3.2107419434948223,4.949986538131607,2.584687789067724,0.47953400172292904,-0.0010230014471493305,0.9443778953717513,0.6635513218656574
wt_8718,2024-05-19,6,3,post_stress,4,4,4,-0.009524614657386472,9.004542579013357,4.497508982177985,2.6114399784837516,4.29676127254788,2.934984916391636,1.0626805421481138,-0.000655408802613007,1.4566073104035644,0.13992187853268437
wt_9314,2024-09-14,2,-2,baseline,4,4,4,11.478926088022629,-13.018698990059185,-0.7698864510182781,1.0747949157904968,1.8382525134311827,,2.051283571641458,-6.147796081478244e-05,,
wt_9314,2024-09-15,3,-1,baseline,4,4,4,11.480620928943337,-13.015374996751891,-0.7673770339042763,1.0584622010532492,1.8101611595024911,0.0037311415482988706,2.014124389531931,2.8326546269922268e-05,0.02199573066616413,-0.3051395397498416
wt_9314,2024-09-16,4,1,post_stress,4,4,4,11.770706536015172,-14.691002335066827,-1.4601478995258277,0.850614038561802,1.4152465201316478,1.6990591489386824,0.5678018329107221,-0.00013664928743433976,2.4084889905626614,0.5734014808384141
wt_9314,2024-09-17,5,2,post_stress,4,4,4,11.102134005101345,-15.138283401629383,-2.0180746982640194,2.025191522733099,3.614780296916633,2.154599247868822,2.830211978639226,-3.087840106524541e-05,3.2377695310797976,0.1568936891235164
wt_9314,2024-09-18,6,3,post_stress,4,4,4,17.731187212613197,-19.335395319334644,-0.8021040533607231,3.7187588963434037,6.13428908611003,8.888297094214655,0.908215532875996,1.0256145144792173e-05,8.847267756866668,0.9939532252435286
wt_9905,2024-11-05,2,-2,baseline,4,4,4,1.5045183974576881,1.487510729513767,1.4960145634857276,1.4924383857058632,2.308462157704561,,2.832769559881731,-6.722967759604853e-05,,
wt_9905,2024-11-06,3,-1,baseline,4,4,4,1.5087569100368279,1.4888133815224407,1.4987851457796344,1.4739556203602413,2.279870457199706,0.0044341731065924185,2.7899801114106135,-0.0003016483849858989,0.021591041401439335,-0.2946383284841765
wt_9905,2024-11-07,4,1,post_stress,4,4,4,3.7789010150586573,-1.0709027737421652,1.3539991206582458,1.7326907092610766,2.833902552477513,3.422279004335425,3.301298881821173,-0.00025333185805129254,0.7795882474801178,0.2568551218896276
wt_9905,2024-11-08,5,2,post_stress,4,4,4,3.660605847209233,-1.7874217743827525,0.9365920364132403,2.059281573065249,3.608994207766805,3.920335241424362,3.1061792841463816,1.5002429552444444e-05,0.9137572121921735,-0.3024993946353083
wt_9905,2024-11-09,6,3,post_stress,4,4,4,3.9586656475395086,-0.32471422127007954,1.8169757131347144,1.9066555354061725,3.1879607293679846,3.0494198919273536,2.1472899345174787,-1.8043159612205536e-05,1.9791651457806632,-0.16045204930619744
wt_9909,2024-10-29,2,-3,baseline,4,4,4,0.6173196817794862,4.957657919487325,2.787488800633405,1.068357229885632,1.9095391475976162,,1.7899187998311057,-0.0002659430500119974,,
wt_9909,2024-10-30,3,-2,baseline,4,4,4,0.6143168488604996,4.94936192816705,2.781839388513775,1.0634832468603213,1.9063919968150458,0.008822725062327938,1.7747054660993031,-0.00034322409123065546,0.014896746451524922,-0.25762594781301607
wt_9909,2024-10-31,4,-1,baseline,4,4,4,0.6155170839785984,4.953876918703661,2.78469700134113,1.0347486622235862,1.8885920007850732,0.0004747582961484806,1.7522762401326062,2.8100416245274446e-05,0.01973709701344226,-0.3181359110893794
wt_9909,2024-11-01,5,1,post_stress,4,4,4,2.072265345694154,1.8488435565027452,1.9605544510984498,0.5290371219238745,0.8736259042505251,3.4294669279048953,0.51983772040771,-0.0004308307487612224,4.565512024510836,0.9925502333622059
wt_9909,2024-11-02,6,2,post_stress,4,4,4,0.7811875873218518,4.579660797011453,2.6804241921666527,2.118754342957698,3.282961027779906,0.40894361294650416,1.1591951732533163,-0.00020476516982896337,0.40259759680565554,0.910946790740795
wt_9909,2024-11-03,7,3,post_stress,4,4,4,2.559212440524033,2.2776902479177323,2.4184513442208826,2.3693872280509485,4.131894613346923,3.3072400528782944,2.827248497330429,2.4890009145717672e-05,1.8464041783904899,0.9880888190447981
