mouse_id,cage_id,source_sheet,recap_data_range,rfid,rfid_from_recap,sex,treatment,genotype,strain,experiment_start,experiment_end,stress_start,phase_assignment_status,skip_first_night,behavior_rows_present,recap_stress_raw,notes,mapping_confidence
8445,16p_8445,16p,15.6-19.6,1090990152,1090990152,F,control,WT,,2024-06-15,2024-06-19,2024-06-17 19:08:00,explicit_and_usable,True,True,17/6 - 19.08-19.39,Experiment   start at 17.13,
8447,16p_8445,16p,15.6-19.6,1090993493,1090993493,F,stressed,WT,,2024-06-15,2024-06-19,2024-06-17 19:08:00,explicit_and_usable,True,True,17/6 - 19.08-19.39,,
8448,16p_8445,16p,15.6-19.6,1090993584,1090993584,F,stressed,TG,,2024-06-15,2024-06-19,2024-06-17 19:08:00,explicit_and_usable,True,True,17/6 - 19.08-19.39,Stress 19.08-19.39,
8449,16p_8445,16p,15.6-19.6,1090992734,1090992734,F,control,TG,,2024-06-15,2024-06-19,2024-06-17 19:08:00,explicit_and_usable,True,True,17/6 - 19.08-19.39,,
9333,16p_9333,16p,6.9-10.9,1043416716,1043416716,M,stressed,TG,,2024-09-06,2024-09-10,2024-09-08 19:00:00,explicit_and_usable,True,True,8/9 - 19.00-19.33,Experiment   start at 15.30,
9334,16p_9333,16p,6.9-10.9,1043416736,1043416736,M,stressed,WT,,2024-09-06,2024-09-10,2024-09-08 19:00:00,explicit_and_usable,True,True,8/9 - 19.00-19.33,,
9335,16p_9333,16p,6.9-10.9,1043416758,1043416758,M,control,TG,,2024-09-06,2024-09-10,2024-09-08 19:00:00,explicit_and_usable,True,True,8/9 - 19.00-19.33,7.9 entrance 17.55-18.00,
9336,16p_9333,16p,6.9-10.9,1043416746,1043416746,M,control,WT,,2024-09-06,2024-09-10,2024-09-08 19:00:00,explicit_and_usable,True,True,8/9 - 19.00-19.33,Stress  19.00-19.33,
9755,16p_9755,16p,14.10/21.10,1040989977,1040989977,M,stressed,TG,,2024-10-14,2024-10-21,2024-10-17 19:00:00,explicit_and_usable,True,True,17/10 - 19-19.30,,
9756,16p_9755,16p,14.10/21.10,1040992757,1040992757,M,control,TG,,2024-10-14,2024-10-21,2024-10-17 19:00:00,explicit_and_usable,True,True,17/10 - 19-19.30,Experiment start at 18.30,
9757,16p_9755,16p,14.10/21.10,1040995418,1040995418,M,control,WT,,2024-10-14,2024-10-21,2024-10-17 19:00:00,explicit_and_usable,True,True,17/10 - 19-19.30,stress 19-19.30 17/10,
9758,16p_9755,16p,14.10/21.10,1040993517,1040993517,M,stressed,WT,,2024-10-14,2024-10-21,2024-10-17 19:00:00,explicit_and_usable,True,True,17/10 - 19-19.30,to rebuild followzone events-stress_file,
10276,cddel_10276,CD del,21.2-28.2,91078191757,91078191757,F,stressed,TG,,2025-02-21,2025-02-28,2025-02-25 18:05:00,explicit_and_usable,True,True,25.2 - 18.05-18.35,,
10277,cddel_10276,CD del,21.2-28.2,91078191792,91078191792,F,control,TG,,2025-02-21,2025-02-28,2025-02-25 18:05:00,explicit_and_usable,True,True,25.2 - 18.05-18.35,,
10278,cddel_10276,CD del,21.2-28.2,91078191823,91078191823,F,stressed,WT,,2025-02-21,2025-02-28,2025-02-25 18:05:00,explicit_and_usable,True,True,25.2 - 18.05-18.35,,
10279,cddel_10276,CD del,21.2-28.2,91078191826,91078191826,F,control,WT,,2025-02-21,2025-02-28,2025-02-25 18:05:00,explicit_and_usable,True,True,25.2 - 18.05-18.35,,
8226,cddel_8226,CD del,4.6-8.6,1040990574,1040990574,F,control,TG,,2024-06-04,2024-06-08,2024-06-06 18:58:00,explicit_stress_date_but_no_post_rows,True,True,6/6 - 18.58-19.33,Experiment start at 17.40,
8227,cddel_8226,CD del,4.6-8.6,1040993034,1040993034,F,stressed,TG,,2024-06-04,2024-06-08,2024-06-06 18:58:00,explicit_stress_date_but_no_post_rows,True,True,6/6 - 18.58-19.33,,
8228,cddel_8226,CD del,4.6-8.6,1040990534,1040990534,F,stressed,WT,,2024-06-04,2024-06-08,2024-06-06 18:58:00,explicit_stress_date_but_no_post_rows,True,True,6/6 - 18.58-19.33,room temperature 27°C,
8229,cddel_8226,CD del,4.6-8.6,1040992869,1040992869,F,control,WT,,2024-06-04,2024-06-08,2024-06-06 18:58:00,explicit_stress_date_but_no_post_rows,True,True,6/6 - 18.58-19.33,stress 6.6 at 18.58-19.33,
9621,cddel_9621,CD del,9.12-15.12,1040995418,1040995418,F,stressed,WT,,2024-12-09,2024-12-15,2024-12-12 19:00:00,explicit_and_usable,True,True,12/12 -19.00 - 19.30,exp sstart 17.30,
9622,cddel_9621,CD del,9.12-15.12,1040989977,1040989977,F,stressed,TG,,2024-12-09,2024-12-15,2024-12-12 19:00:00,explicit_and_usable,True,True,12/12 -19.00 - 19.30,,
9623,cddel_9621,CD del,9.12-15.12,1040993034,1040993034,F,control,TG,,2024-12-09,2024-12-15,2024-12-12 19:00:00,explicit_and_usable,True,True,12/12 -19.00 - 19.30,,
9624,cddel_9621,CD del,9.12-15.12,1040993517,1040993517,F,control,WT,,2024-12-09,2024-12-15,2024-12-12 19:00:00,explicit_and_usable,True,True,12/12 -19.00 - 19.30,,
10132,wt_10132,wt,3.2-9.2,1043416716,1043416716,F,control,WT,cx3-cr1,2025-02-03,2025-02-09,2025-02-06 18:45:00,explicit_and_usable,True,True,6.2  at 18.45,,
10135,wt_10132,wt,3.2-9.2,1040990306,1040990306,F,stressed,WT,cx3-cr1,2025-02-03,2025-02-09,2025-02-06 18:45:00,explicit_and_usable,True,True,6.2  at 18.45,,
10136,wt_10132,wt,3.2-9.2,1040995418,1040995418,F,stressed,WT,cx3-cr1,2025-02-03,2025-02-09,2025-02-06 18:45:00,explicit_and_usable,True,True,6.2  at 18.45,,
10137,wt_10132,wt,3.2-9.2,1040993034,1040993034,F,control,WT,cx3-cr1,2025-02-03,2025-02-09,2025-02-06 18:45:00,explicit_and_usable,True,True,6.2  at 18.45,,
10205,wt_10205,wt,21.2-28.2,1040993517,1040993517,F,stressed,WT,16p,2025-02-21,2025-02-28,2025-02-25 18:05:00,explicit_and_usable,True,True,25.2 at 18.05,,
10206,wt_10205,wt,21.2-28.2,RFID_D,RFID_D,F,control,WT,16p,2025-02-21,2025-02-28,2025-02-25 18:05:00,explicit_and_usable,True,True,25.2 at 18.05,,
10207,wt_10205,wt,21.2-28.2,1040990573,1040990573,F,stressed,WT,16p,2025-02-21,2025-02-28,2025-02-25 18:05:00,explicit_and_usable,True,True,25.2 at 18.05,,
10208,wt_10205,wt,21.2-28.2,1040990459,1040990459,F,control,WT,16p,2025-02-21,2025-02-28,2025-02-25 18:05:00,explicit_and_usable,True,True,25.2 at 18.05,,
10565,wt_10565,wt,17.03.25-24.03.25,9107819178,9107819178,M,stressed,WT,crh cre,2025-03-17,2025-03-24,2025-03-21 18:30:00,explicit_and_usable,True,True,21.3  at 18.30,,
10566,wt_10565,wt,17.03.25-24.03.25,91078191821,91078191821,M,control,WT,crh cre,2025-03-17,2025-03-24,2025-03-21 18:30:00,explicit_and_usable,True,True,21.3  at 18.30,,
10567,wt_10565,wt,17.03.25-24.03.25,91078191754,91078191754,M,stressed,WT,crh cre,2025-03-17,2025-03-24,2025-03-21 18:30:00,explicit_and_usable,True,True,21.3  at 18.30,,
10568,wt_10565,wt,17.03.25-24.03.25,91078191739,91078191739,M,control,WT,crh cre,2025-03-17,2025-03-24,2025-03-21 18:30:00,explicit_and_usable,True,True,21.3  at 18.30,,
10572,wt_10572,wt,17.03.25-24.03.25,RFID_D,RFID_D,M,stressed,WT,crh cre,2025-03-17,2025-03-24,2025-03-21 18:30:00,explicit_and_usable,True,True,21.3  at 18.30,,
10573,wt_10572,wt,17.03.25-24.03.25,91078191788,91078191788,M,stressed,WT,crh cre,2025-03-17,2025-03-24,2025-03-21 18:30:00,explicit_and_usable,True,True,21.3  at 18.30,,
10574,wt_10572,wt,17.03.25-24.03.25,91078191832,91078191832,M,control,WT,crh cre,2025-03-17,2025-03-24,2025-03-21 18:30:00,explicit_and_usable,True,True,21.3  at 18.30,,
10575,wt_10572,wt,17.03.25-24.03.25,91078191740,91078191740,M,control,WT,crh cre,2025-03-17,2025-03-24,2025-03-21 18:30:00,explicit_and_usable,True,True,21.3  at 18.30,,
8718,wt_8718,wt,14.5-19.5,1040990552,1040990552,F,stressed,WT,16p,2024-05-14,2024-05-19,2024-05-17 19:00:00,explicit_and_usable,True,True,17.5 at         19-19.30,,
8719,wt_8718,wt,14.5-19.5,1040992810,1040992810,F,control,WT,16p,2024-05-14,2024-05-19,2024-05-17 19:00:00,explicit_and_usable,True,True,17.5 at         19-19.30,,
8720,wt_8718,wt,14.5-19.5,1040992780,1040992780,F,control,WT,16p,2024-05-14,2024-05-19,2024-05-17 19:00:00,explicit_and_usable,True,True,17.5 at         19-19.30,15.5 food check at 14.00,
8722,wt_8718,wt,14.5-19.5,1040994595,1040994595,F,stressed,WT,16p,2024-05-14,2024-05-19,2024-05-17 19:00:00,explicit_and_usable,True,True,17.5 at         19-19.30,,
9314,wt_9314,wt,13.9-18.9,1040990567,1040990567,M,stressed,WT,Sa-Cre,2024-09-13,2024-09-18,2024-09-16 18:50:00,explicit_and_usable,True,True,16.9 at         18.50-19.20,9314-9317 no chip sottocutaneo,
9315,wt_9314,wt,13.9-18.9,1040990306,1040990306,M,control,WT,Sa-Cre,2024-09-13,2024-09-18,2024-09-16 18:50:00,explicit_and_usable,True,True,16.9 at         18.50-19.20,Esperimento interrotto la mattina dello stress day2,
9316,wt_9314,wt,13.9-18.9,1040990459,1040990459,M,stressed,WT,Sa-Cre,2024-09-13,2024-09-18,2024-09-16 18:50:00,explicit_and_usable,True,True,16.9 at         18.50-19.20,Si può salvare I dati solo fino alla notte stress 2 (no 24h stress day2),
9317,wt_9314,wt,13.9-18.9,1040992979,1040992979,M,control,WT,Sa-Cre,2024-09-13,2024-09-18,2024-09-16 18:50:00,explicit_and_usable,True,True,16.9 at         18.50-19.20,,
9905,wt_9905,wt,4.11-10-11,1040995069,1040995069,M,stressed,WT,CRH,2024-11-04,2024-11-10,2024-11-07 19:00:00,explicit_and_usable,True,True,7/11 at 19.00-19.30,to rebuild baseline cause missing followzone events,
9906,wt_9905,wt,4.11-10-11,1040992839,1040992839,M,control,WT,CRH,2024-11-04,2024-11-10,2024-11-07 19:00:00,explicit_and_usable,True,True,7/11 at 19.00-19.30,,
9907,wt_9905,wt,4.11-10-11,1040990085,1040990085,M,stressed,WT,CRH,2024-11-04,2024-11-10,2024-11-07 19:00:00,explicit_and_usable,True,True,7/11 at 19.00-19.30,,
9908,wt_9905,wt,4.11-10-11,1040992822,1040992822,M,control,WT,CRH,2024-11-04,2024-11-10,2024-11-07 19:00:00,explicit_and_usable,True,True,7/11 at 19.00-19.30,,
9909,wt_9909,wt,28.10-4-11,1040992869,1040992869,F,control,WT,CRH,2024-10-28,2024-11-04,2024-11-01 19:10:00,explicit_and_usable,True,True,1/11 at 19.10-19.40,re-rebuilted cause missing one day,
9910,wt_9909,wt,28.10-4-11,1040990574,1040990574,F,stressed,WT,CRH,2024-10-28,2024-11-04,2024-11-01 19:10:00,explicit_and_usable,True,True,1/11 at 19.10-19.40,,
9911,wt_9909,wt,28.10-4-11,1040993317,1040993317,F,stressed,WT,CRH,2024-10-28,2024-11-04,2024-11-01 19:10:00,explicit_and_usable,True,True,1/11 at 19.10-19.40,,
9912,wt_9909,wt,28.10-4-11,1040993034,1040993034,F,control,WT,CRH,2024-10-28,2024-11-04,2024-11-01 19:10:00,explicit_and_usable,True,True,1/11 at 19.10-19.40,,
