analysis_scope,response,term,estimate,std_error,ci_low,ci_high,p_value,backend,bh_q_value
primary,id_1,Intercept,-1.6037963017546693,2.9784569135550214,-7.441571852322511,4.2339792488131724,0.5902557145816113,statsmodels_ols_hc3,0.8111378957665348
primary,id_1,phase_post_stress,5.474724989492561,2.3643199908229744,0.8406578074795314,10.108792171505591,0.02058230055655912,statsmodels_ols_hc3,0.1543672541741934
primary,id_1,treatment_stressed,2.736974781597646,2.536604064781958,-2.234769185374992,7.708718748570284,0.28059141900846296,statsmodels_ols_hc3,0.6012673264467063
primary,id_1,phase_post_stress:treatment_stressed,-2.496891957015218,2.6269618108077113,-7.645737106198332,2.6519531921678965,0.34186506778046744,statsmodels_ols_hc3,0.6409970020883764
primary,id_1,relative_night,0.08637922047745944,0.4052153095609636,-0.7078427862620291,0.8806012272169481,0.8311953814966212,statsmodels_ols_hc3,0.942186703724995
primary,id_2,Intercept,-0.520916118210935,1.762171730269045,-3.974772709538263,2.932940473116393,0.7675277048589906,statsmodels_mixedlm,0.942186703724995
primary,id_2,phase_post_stress,-2.0800452254915145,0.8478815857474,-3.7418931335564185,-0.4181973174266105,0.014158132095816156,statsmodels_mixedlm,0.1543672541741934
primary,id_2,treatment_stressed,1.2413165077110613,2.3339887145834797,-3.333301372872559,5.815934388294681,0.5948344568954589,statsmodels_mixedlm,0.8111378957665348
primary,id_2,phase_post_stress:treatment_stressed,-1.4905188382167474,0.7744295457957713,-3.008400747976459,0.027363071542964246,0.0542710561166872,statsmodels_mixedlm,0.2622447080548981
primary,id_2,relative_night,-0.017638204025424643,0.24321263713868824,-0.4943349728172536,0.4590585647664043,0.942186703724995,statsmodels_mixedlm,0.942186703724995
primary,identity_composite,Intercept,-0.8604008164875363,1.275151209909282,-3.3596971879097293,1.6388955549346564,0.49983833065459016,statsmodels_mixedlm,0.8111378957665348
primary,identity_composite,phase_post_stress,2.0736021681216945,1.2132042354910584,-0.3042781334407798,4.451482469684169,0.08741490268496602,statsmodels_mixedlm,0.2622447080548981
primary,identity_composite,treatment_stressed,2.049034286518565,1.2976049122509405,-0.49427134149327845,4.592339914530409,0.11431553072603469,statsmodels_mixedlm,0.2857888268150867
primary,identity_composite,phase_post_stress:treatment_stressed,-2.080619997877311,1.1515821458705553,-4.337721003783599,0.17648100802897737,0.07080140930579047,statsmodels_mixedlm,0.2622447080548981
primary,identity_composite,relative_night,-0.044988044729288856,0.34128727778987106,-0.7139111091974362,0.6239350197388585,0.8951276964488567,statsmodels_mixedlm,0.942186703724995
exclude_wt_10132,id_1,Intercept,2.240600341492517,0.8279213836081717,0.6178744296205005,3.8633262533645336,0.00680383676396735,statsmodels_mixedlm,0.02551438786487756
exclude_wt_10132,id_1,phase_post_stress,1.6235658907888624,0.4254956146896466,0.7895944859971551,2.4575372955805697,0.0001357944729533618,statsmodels_mixedlm,0.0010184585471502137
exclude_wt_10132,id_1,treatment_stressed,-0.07926683306776802,1.0864060644709765,-2.208622719430882,2.0500890532953457,0.9418360094483967,statsmodels_mixedlm,0.967847715954869
exclude_wt_10132,id_1,phase_post_stress:treatment_stressed,0.2051285666347197,0.38901275956339904,-0.5573364421095424,0.9675935753789817,0.5979814573608225,statsmodels_mixedlm,0.8969721860412339
exclude_wt_10132,id_1,relative_night,0.20397059531379616,0.12139295361939463,-0.03395959378021732,0.44190078440780967,0.0929085486369599,statsmodels_mixedlm,0.23227137159239974
exclude_wt_10132,id_2,Intercept,-0.18961430515258107,1.6755763688408214,-3.473743988080591,3.0945153777754286,0.9099008290233754,statsmodels_mixedlm,0.967847715954869
exclude_wt_10132,id_2,phase_post_stress,-2.658998826603839,0.4769473403172221,-3.5938156136255945,-1.7241820395820837,2.474779844703456e-08,statsmodels_mixedlm,3.712169767055184e-07
exclude_wt_10132,id_2,treatment_stressed,-0.18355454505888746,2.3185631323497202,-4.727938284464339,4.360829194346564,0.9368994981803779,statsmodels_mixedlm,0.967847715954869
exclude_wt_10132,id_2,phase_post_stress:treatment_stressed,0.01750614751568054,0.4343113977625867,-0.8337441920989893,0.8687564871303505,0.967847715954869,statsmodels_mixedlm,0.967847715954869
exclude_wt_10132,id_2,relative_night,-0.11043613351382256,0.1363188255219325,-0.37762103153681026,0.1567487645091651,0.4178647749475948,statsmodels_mixedlm,0.7834964530267402
exclude_wt_10132,identity_composite,Intercept,1.0055841816450386,0.527673276297921,-0.028655439898886526,2.0398238031889635,0.05668982348057974,statsmodels_mixedlm,0.17006947044173923
exclude_wt_10132,identity_composite,phase_post_stress,-0.543895394129798,0.19421831823067637,-0.9245632978619237,-0.16322749039767237,0.005103409500267486,statsmodels_mixedlm,0.02551438786487756
exclude_wt_10132,identity_composite,treatment_stressed,-0.13205881318233612,0.7191519242848617,-1.5415965847806652,1.277478958415993,0.8543026954210707,statsmodels_mixedlm,0.967847715954869
exclude_wt_10132,identity_composite,phase_post_stress:treatment_stressed,0.11111939829134754,0.17707315214866484,-0.23594397992003557,0.45818277650273065,0.5303093495159662,statsmodels_mixedlm,0.8838489158599436
exclude_wt_10132,identity_composite,relative_night,0.057084474698185145,0.055471888718491895,-0.05164042719005897,0.16580937658642925,0.30344662832623026,statsmodels_mixedlm,0.6502427749847791
