source_sheet,source_label,metric,metric_label,signed_tested,n,mean,ci_low,ci_high,signflip_p,sig
ALL,All cages,whole_group_shift,Whole-group displacement,False,13,6.285175633125468,3.4066515110517392,11.20367520389406,,
ALL,All cages,control_response,Control displacement,False,13,5.916890892127922,2.6755439772895895,11.655461836705332,,
ALL,All cages,identity_shift,Identity composite shift,True,13,0.9516723450957868,-0.5339547522142788,3.6134956527406956,0.939697265625,
ALL,All cages,dispersion_change,Dispersion change,True,13,-2.122318137633271,-7.323311760696261,0.6764383509812093,0.96142578125,
ALL,All cages,pairwise_change,Pairwise distance change,True,13,-2.8375734505616843,-9.942439496358809,1.0674382677237448,0.950439453125,
ALL,All cages,stressed_control_separation_change,Stressed-control separation,True,13,-3.040737830612104,-9.845773939568168,0.5958363191183181,0.90966796875,
ALL,All cages,synchronization_similarity,Trajectory synchronization,True,13,0.47640880984761014,0.27698494349852465,0.6584196029307001,0.001953125,*
16p,16p,whole_group_shift,Whole-group displacement,False,3,4.673531919278958,1.954346773652592,6.3543336281750955,,
16p,16p,control_response,Control displacement,False,3,3.3214582709614766,1.613966442302482,4.487552649185081,,
16p,16p,identity_shift,Identity composite shift,True,3,-0.09652713557094961,-0.6007502582508637,0.1952074706956045,1.0,
16p,16p,dispersion_change,Dispersion change,True,3,-0.5692397042054472,-1.094786107977714,-0.3017623394734821,0.25,
16p,16p,pairwise_change,Pairwise distance change,True,3,-0.9631185127007963,-1.5654215618870495,-0.5441152013952473,0.25,
16p,16p,stressed_control_separation_change,Stressed-control separation,True,3,0.3738815065193233,-0.0033563946573863996,0.7252337953329654,0.5,
16p,16p,synchronization_similarity,Trajectory synchronization,True,3,0.19273439632239975,-0.329330618631972,0.6178523256936247,0.75,
CD del,CD-del,whole_group_shift,Whole-group displacement,False,2,3.9912248508675248,2.760397587567693,5.222052114167356,,
CD del,CD-del,control_response,Control displacement,False,2,3.7458140594057996,3.1642988460509343,4.327329272760665,,
CD del,CD-del,identity_shift,Identity composite shift,True,2,-0.28465547211953246,-1.0248947025511723,0.4555837583121074,1.0,
CD del,CD-del,dispersion_change,Dispersion change,True,2,0.4372853037100426,0.2753012507692285,0.5992693566508567,0.5,
CD del,CD-del,pairwise_change,Pairwise distance change,True,2,0.4878689892399126,0.1150674300685521,0.8606705484112731,0.5,
CD del,CD-del,stressed_control_separation_change,Stressed-control separation,True,2,0.7641352415288395,-0.3515698004007661,1.8798402834584451,1.0,
CD del,CD-del,synchronization_similarity,Trajectory synchronization,True,2,0.3357780069541211,0.2430700504418263,0.4284859634664159,0.5,
wt,WT,whole_group_shift,Whole-group displacement,False,8,7.463029721382394,3.2617854328752185,15.264893359338808,,
wt,WT,control_response,Control displacement,False,8,7.432947333245867,2.3048376724154727,16.62988053951741,,
wt,WT,identity_shift,Identity composite shift,True,8,1.6538291046496427,-0.6748450308707294,5.845654864142661,0.921875,
wt,WT,dispersion_change,Dispersion change,True,8,-3.3446234105045334,-11.782677059134189,1.0349635887817434,1.0,
wt,WT,pairwise_change,Pairwise distance change,True,8,-4.371854662209916,-15.871743335810311,1.659697198136845,1.0,
wt,WT,stressed_control_separation_change,Stressed-control separation,True,8,-5.272438350071624,-16.211975867401797,0.4376245053167188,0.6953125,
wt,WT,synchronization_similarity,Trajectory synchronization,True,8,0.6179444156429363,0.39574065660156527,0.8019260113785232,0.015625,
