component,feature,loading,explained_variance_ratio
pca_1,Approach_active_count,-0.03238368109307055,0.5743227019577939
pca_1,Approach_passive_count,-0.03209755701360295,0.5743227019577939
pca_1,Approach_mean_duration,0.035007839556324805,0.5743227019577939
pca_1,Approach_std_duration,0.03223292314483796,0.5743227019577939
pca_1,Approach_contact_active_count,0.10612994180322469,0.5743227019577939
pca_1,Approach_contact_passive_count,0.10669181996748556,0.5743227019577939
pca_1,Approach_contact_mean_duration,0.10941434508987316,0.5743227019577939
pca_1,Approach_contact_std_duration,0.1096286112757432,0.5743227019577939
pca_1,Approach_rear_active_count,0.11408666921412995,0.5743227019577939
pca_1,Approach_rear_passive_count,0.1141551206968945,0.5743227019577939
pca_1,Approach_rear_mean_duration,0.10654558121039719,0.5743227019577939
pca_1,Approach_rear_std_duration,0.09027316628994034,0.5743227019577939
pca_1,Break_contact_active_count,-0.02385569626868748,0.5743227019577939
pca_1,Break_contact_passive_count,-0.02492910517393995,0.5743227019577939
pca_1,Break_contact_mean_duration,0.019590859736862407,0.5743227019577939
pca_1,Break_contact_std_duration,0.04150472149870877,0.5743227019577939
pca_1,Center_Zone_count,0.1049415330488997,0.5743227019577939
pca_1,Center_Zone_mean_duration,0.06501335646529367,0.5743227019577939
pca_1,Center_Zone_std_duration,0.07032717612269757,0.5743227019577939
pca_1,Contact_active_count,-0.025806078759069033,0.5743227019577939
pca_1,Contact_passive_count,-0.0258056534194209,0.5743227019577939
pca_1,Contact_mean_duration,0.024349426194638518,0.5743227019577939
pca_1,Contact_std_duration,0.020429482950287986,0.5743227019577939
pca_1,Get_away_active_count,0.11098322939340922,0.5743227019577939
pca_1,Get_away_passive_count,0.1111560476120151,0.5743227019577939
pca_1,Get_away_mean_duration,0.11415188394774406,0.5743227019577939
pca_1,Get_away_std_duration,0.10987270909408033,0.5743227019577939
pca_1,Group_3_break_count,0.07712668445828176,0.5743227019577939
pca_1,Group_3_break_mean_duration,0.08572835722751433,0.5743227019577939
pca_1,Group_3_break_std_duration,0.05494146036647746,0.5743227019577939
pca_1,Group_3_make_count,0.07565042462034158,0.5743227019577939
pca_1,Group_3_make_mean_duration,0.08296513269980155,0.5743227019577939
pca_1,Group_3_make_std_duration,0.05372028928128886,0.5743227019577939
pca_1,Group_4_break_count,0.02831412773459413,0.5743227019577939
pca_1,Group_4_break_mean_duration,0.03649138371172855,0.5743227019577939
pca_1,Group_4_break_std_duration,0.0298801502745479,0.5743227019577939
pca_1,Group_4_make_count,0.028558008420739012,0.5743227019577939
pca_1,Group_4_make_mean_duration,0.03658070826601911,0.5743227019577939
pca_1,Group_4_make_std_duration,0.028836457859080376,0.5743227019577939
pca_1,Group2_active_count,0.10483759038399881,0.5743227019577939
pca_1,Group2_passive_count,0.10483784478599235,0.5743227019577939
pca_1,Group2_mean_duration,0.09656871234812282,0.5743227019577939
pca_1,Group2_std_duration,0.10119334900785201,0.5743227019577939
pca_1,Huddling_count,0.11025038371852719,0.5743227019577939
pca_1,Huddling_mean_duration,0.09667983322462012,0.5743227019577939
pca_1,Huddling_std_duration,0.06845478906098541,0.5743227019577939
pca_1,Move_in_contact_active_count,0.09588250977957506,0.5743227019577939
pca_1,Move_in_contact_passive_count,0.11123425496771312,0.5743227019577939
pca_1,Move_in_contact_mean_duration,0.11059816855409536,0.5743227019577939
pca_1,Move_in_contact_std_duration,0.10323346744557156,0.5743227019577939
pca_1,Move_isolated_count,0.09341744545598489,0.5743227019577939
pca_1,Move_isolated_mean_duration,0.0764376471163901,0.5743227019577939
pca_1,Move_isolated_std_duration,0.05404538023351688,0.5743227019577939
pca_1,Oral_genital_Contact_active_count,0.11309841417784844,0.5743227019577939
pca_1,Oral_genital_Contact_passive_count,0.11315234691055301,0.5743227019577939
pca_1,Oral_genital_Contact_mean_duration,0.11442327775365026,0.5743227019577939
pca_1,Oral_genital_Contact_std_duration,0.09374710526789744,0.5743227019577939
pca_1,Oral_oral_Contact_active_count,0.11223777516391793,0.5743227019577939
pca_1,Oral_oral_Contact_passive_count,0.11223777516391793,0.5743227019577939
pca_1,Oral_oral_Contact_mean_duration,0.11034323048224265,0.5743227019577939
pca_1,Oral_oral_Contact_std_duration,0.08973427898030911,0.5743227019577939
pca_1,Periphery_Zone_count,0.10785878654107714,0.5743227019577939
pca_1,Periphery_Zone_mean_duration,0.10052604861205426,0.5743227019577939
pca_1,Periphery_Zone_std_duration,0.10450907646839797,0.5743227019577939
pca_1,Rear_at_periphery_count,0.10270964888936165,0.5743227019577939
pca_1,Rear_at_periphery_mean_duration,0.09902826564521014,0.5743227019577939
pca_1,Rear_at_periphery_std_duration,0.06577045543566692,0.5743227019577939
pca_1,Rear_in_centerWindow_count,0.0766638499525063,0.5743227019577939
pca_1,Rear_in_centerWindow_mean_duration,0.08062983108704892,0.5743227019577939
pca_1,Rear_in_centerWindow_std_duration,0.0545701895122913,0.5743227019577939
pca_1,Rear_in_contact_count,0.11397355265033439,0.5743227019577939
pca_1,Rear_in_contact_mean_duration,0.10692826437489804,0.5743227019577939
pca_1,Rear_in_contact_std_duration,0.08203871159069348,0.5743227019577939
pca_1,Rear_isolated_count,0.10497354535497659,0.5743227019577939
pca_1,Rear_isolated_mean_duration,0.09988565557261524,0.5743227019577939
pca_1,Rear_isolated_std_duration,0.06698782609383735,0.5743227019577939
pca_1,Rearing_count,-0.019160481515355876,0.5743227019577939
pca_1,Rearing_mean_duration,0.01142443873856797,0.5743227019577939
pca_1,Rearing_std_duration,0.008733699761358862,0.5743227019577939
pca_1,SAP_count,0.11214334954523218,0.5743227019577939
pca_1,SAP_mean_duration,0.08968398321313123,0.5743227019577939
pca_1,SAP_std_duration,0.0690915764483887,0.5743227019577939
pca_1,Side_by_side_Contact_active_count,0.11136422565546539,0.5743227019577939
pca_1,Side_by_side_Contact_passive_count,0.11136422565546539,0.5743227019577939
pca_1,Side_by_side_Contact_mean_duration,0.10846631224231067,0.5743227019577939
pca_1,Side_by_side_Contact_std_duration,0.10403092162797761,0.5743227019577939
pca_1,Side_by_side_Contact_opposite_way_active_count,0.11222966090854115,0.5743227019577939
pca_1,Side_by_side_Contact_opposite_way_passive_count,0.11222966090854115,0.5743227019577939
pca_1,Side_by_side_Contact_opposite_way_mean_duration,0.11045960294559723,0.5743227019577939
pca_1,Side_by_side_Contact_opposite_way_std_duration,0.10118625323168522,0.5743227019577939
pca_1,Social_approach_active_count,0.10936406761749837,0.5743227019577939
pca_1,Social_approach_passive_count,0.10942672518498976,0.5743227019577939
pca_1,Social_approach_mean_duration,0.10927548281906921,0.5743227019577939
pca_1,Social_approach_std_duration,0.11115153902429922,0.5743227019577939
pca_1,Social_escape_active_count,0.11059416330631176,0.5743227019577939
pca_1,Social_escape_passive_count,0.11070326132416694,0.5743227019577939
pca_1,Social_escape_mean_duration,0.10686915149867487,0.5743227019577939
pca_1,Social_escape_std_duration,0.10297887405778756,0.5743227019577939
pca_1,Stop_count,-0.03054759420286106,0.5743227019577939
pca_1,Stop_mean_duration,0.02860786201431353,0.5743227019577939
pca_1,Stop_std_duration,0.02360548272932315,0.5743227019577939
pca_1,Stop_in_contact_active_count,0.0954061074671735,0.5743227019577939
pca_1,Stop_in_contact_passive_count,0.11058164771941409,0.5743227019577939
pca_1,Stop_in_contact_mean_duration,0.10215614656839933,0.5743227019577939
pca_1,Stop_in_contact_std_duration,0.11124874581634939,0.5743227019577939
pca_1,Stop_isolated_count,0.09214131674127583,0.5743227019577939
pca_1,Stop_isolated_mean_duration,0.09520186271561264,0.5743227019577939
pca_1,Stop_isolated_std_duration,0.09064026431658752,0.5743227019577939
pca_1,Train2_active_count,0.06738220127516721,0.5743227019577939
pca_1,Train2_passive_count,0.07057178643958714,0.5743227019577939
pca_1,Train2_mean_duration,0.09062028272894336,0.5743227019577939
pca_1,Train2_std_duration,0.07666808105868153,0.5743227019577939
pca_1,WallJump_count,0.08511314622642564,0.5743227019577939
pca_1,WallJump_mean_duration,0.07878097729016878,0.5743227019577939
pca_1,WallJump_std_duration,0.048034672170326524,0.5743227019577939
pca_1,isolated_count,0.10731735757069452,0.5743227019577939
pca_1,isolated_mean_duration,0.0894784196826193,0.5743227019577939
pca_1,isolated_std_duration,0.08805248172326473,0.5743227019577939
pca_1,seq_oral_geni___oral_oral_active_count,0.11069951334674531,0.5743227019577939
pca_1,seq_oral_geni___oral_oral_passive_count,0.11099361404788889,0.5743227019577939
pca_1,seq_oral_geni___oral_oral_mean_duration,0.1112631640075978,0.5743227019577939
pca_1,seq_oral_geni___oral_oral_std_duration,0.0676152631224526,0.5743227019577939
pca_1,seq_oral_oral___oral_genital_active_count,0.1112374965170282,0.5743227019577939
pca_1,seq_oral_oral___oral_genital_passive_count,0.11143870243760956,0.5743227019577939
pca_1,seq_oral_oral___oral_genital_mean_duration,0.11078838610098475,0.5743227019577939
pca_1,seq_oral_oral___oral_genital_std_duration,0.07031878079055336,0.5743227019577939
pca_2,Approach_active_count,0.18612387206370865,0.1537412277654117
pca_2,Approach_passive_count,0.184319720532512,0.1537412277654117
pca_2,Approach_mean_duration,-0.20523218571044144,0.1537412277654117
pca_2,Approach_std_duration,-0.18134248925113228,0.1537412277654117
pca_2,Approach_contact_active_count,0.0905552659788089,0.1537412277654117
pca_2,Approach_contact_passive_count,0.08759363081684633,0.1537412277654117
pca_2,Approach_contact_mean_duration,0.048071598916501666,0.1537412277654117
pca_2,Approach_contact_std_duration,0.00906470460935237,0.1537412277654117
pca_2,Approach_rear_active_count,0.04098208071662129,0.1537412277654117
pca_2,Approach_rear_passive_count,0.04013717934483021,0.1537412277654117
pca_2,Approach_rear_mean_duration,-0.07589595305600326,0.1537412277654117
pca_2,Approach_rear_std_duration,-0.08639311293946296,0.1537412277654117
pca_2,Break_contact_active_count,0.18313850518210656,0.1537412277654117
pca_2,Break_contact_passive_count,0.17937269170005174,0.1537412277654117
pca_2,Break_contact_mean_duration,-0.12073173040504677,0.1537412277654117
pca_2,Break_contact_std_duration,-0.1567697763918168,0.1537412277654117
pca_2,Center_Zone_count,0.08587180397400664,0.1537412277654117
pca_2,Center_Zone_mean_duration,-0.1278521312118133,0.1537412277654117
pca_2,Center_Zone_std_duration,-0.10757571633492925,0.1537412277654117
pca_2,Contact_active_count,0.21403530936447,0.1537412277654117
pca_2,Contact_passive_count,0.21403570257511925,0.1537412277654117
pca_2,Contact_mean_duration,-0.20088720325538334,0.1537412277654117
pca_2,Contact_std_duration,-0.19815883024588826,0.1537412277654117
pca_2,Get_away_active_count,0.06847296210057782,0.1537412277654117
pca_2,Get_away_passive_count,0.06745937375320075,0.1537412277654117
pca_2,Get_away_mean_duration,0.006144967701621133,0.1537412277654117
pca_2,Get_away_std_duration,-0.03963357369873462,0.1537412277654117
pca_2,Group_3_break_count,0.018571671597201807,0.1537412277654117
pca_2,Group_3_break_mean_duration,-0.018890673015462243,0.1537412277654117
pca_2,Group_3_break_std_duration,-0.019544641563795317,0.1537412277654117
pca_2,Group_3_make_count,0.0167779443143985,0.1537412277654117
pca_2,Group_3_make_mean_duration,-0.02716988100404991,0.1537412277654117
pca_2,Group_3_make_std_duration,-0.025395791474300575,0.1537412277654117
pca_2,Group_4_break_count,0.06911813120759158,0.1537412277654117
pca_2,Group_4_break_mean_duration,0.019357635400889868,0.1537412277654117
pca_2,Group_4_break_std_duration,0.010574992056608116,0.1537412277654117
pca_2,Group_4_make_count,0.06892249969360187,0.1537412277654117
pca_2,Group_4_make_mean_duration,0.022164118191256604,0.1537412277654117
pca_2,Group_4_make_std_duration,0.01657403672638121,0.1537412277654117
pca_2,Group2_active_count,0.09898368177317442,0.1537412277654117
pca_2,Group2_passive_count,0.09898238081171992,0.1537412277654117
pca_2,Group2_mean_duration,-0.103777507207829,0.1537412277654117
pca_2,Group2_std_duration,-0.0834934622673993,0.1537412277654117
pca_2,Huddling_count,0.06567156225552981,0.1537412277654117
pca_2,Huddling_mean_duration,-0.009834639750141413,0.1537412277654117
pca_2,Huddling_std_duration,-0.02526852142724289,0.1537412277654117
pca_2,Move_in_contact_active_count,0.04086042320072575,0.1537412277654117
pca_2,Move_in_contact_passive_count,0.06415083480073538,0.1537412277654117
pca_2,Move_in_contact_mean_duration,-0.03323006239019572,0.1537412277654117
pca_2,Move_in_contact_std_duration,-0.05448830557738737,0.1537412277654117
pca_2,Move_isolated_count,0.05805165217262813,0.1537412277654117
pca_2,Move_isolated_mean_duration,0.10001346409694635,0.1537412277654117
pca_2,Move_isolated_std_duration,0.051743524513480486,0.1537412277654117
pca_2,Oral_genital_Contact_active_count,0.049761429201409406,0.1537412277654117
pca_2,Oral_genital_Contact_passive_count,0.04922811893487677,0.1537412277654117
pca_2,Oral_genital_Contact_mean_duration,-0.02261152018220892,0.1537412277654117
pca_2,Oral_genital_Contact_std_duration,0.001972199852144862,0.1537412277654117
pca_2,Oral_oral_Contact_active_count,0.05453435505563242,0.1537412277654117
pca_2,Oral_oral_Contact_passive_count,0.05453435505563242,0.1537412277654117
pca_2,Oral_oral_Contact_mean_duration,-0.01073689686747355,0.1537412277654117
pca_2,Oral_oral_Contact_std_duration,-0.0015313271633060625,0.1537412277654117
pca_2,Periphery_Zone_count,0.07963024258460094,0.1537412277654117
pca_2,Periphery_Zone_mean_duration,0.027849300377479725,0.1537412277654117
pca_2,Periphery_Zone_std_duration,0.011419344941765008,0.1537412277654117
pca_2,Rear_at_periphery_count,0.09768994319578304,0.1537412277654117
pca_2,Rear_at_periphery_mean_duration,-0.017505244793730033,0.1537412277654117
pca_2,Rear_at_periphery_std_duration,-0.05051224940399505,0.1537412277654117
pca_2,Rear_in_centerWindow_count,-0.0014657081986534134,0.1537412277654117
pca_2,Rear_in_centerWindow_mean_duration,-0.09649786821889253,0.1537412277654117
pca_2,Rear_in_centerWindow_std_duration,-0.11275553046395353,0.1537412277654117
pca_2,Rear_in_contact_count,0.04291036111533975,0.1537412277654117
pca_2,Rear_in_contact_mean_duration,-0.0636552358555317,0.1537412277654117
pca_2,Rear_in_contact_std_duration,-0.08545921094659455,0.1537412277654117
pca_2,Rear_isolated_count,0.08791920721283311,0.1537412277654117
pca_2,Rear_isolated_mean_duration,-0.03968276160837815,0.1537412277654117
pca_2,Rear_isolated_std_duration,-0.08525477043520918,0.1537412277654117
pca_2,Rearing_count,0.18556570932895833,0.1537412277654117
pca_2,Rearing_mean_duration,-0.14450270501730658,0.1537412277654117
pca_2,Rearing_std_duration,-0.13354539109372074,0.1537412277654117
pca_2,SAP_count,0.047428519131450866,0.1537412277654117
pca_2,SAP_mean_duration,-0.08463990944631555,0.1537412277654117
pca_2,SAP_std_duration,-0.0774838019102191,0.1537412277654117
pca_2,Side_by_side_Contact_active_count,0.04763708661260516,0.1537412277654117
pca_2,Side_by_side_Contact_passive_count,0.04763708661260516,0.1537412277654117
pca_2,Side_by_side_Contact_mean_duration,-0.026839586105245027,0.1537412277654117
pca_2,Side_by_side_Contact_std_duration,-0.022859360373524432,0.1537412277654117
pca_2,Side_by_side_Contact_opposite_way_active_count,0.04047725747287828,0.1537412277654117
pca_2,Side_by_side_Contact_opposite_way_passive_count,0.04047725747287828,0.1537412277654117
pca_2,Side_by_side_Contact_opposite_way_mean_duration,-0.030610220771878104,0.1537412277654117
pca_2,Side_by_side_Contact_opposite_way_std_duration,-0.009936476497792598,0.1537412277654117
pca_2,Social_approach_active_count,0.05842087037713283,0.1537412277654117
pca_2,Social_approach_passive_count,0.0580187102262832,0.1537412277654117
pca_2,Social_approach_mean_duration,-0.07442284363716735,0.1537412277654117
pca_2,Social_approach_std_duration,-0.05073117151854183,0.1537412277654117
pca_2,Social_escape_active_count,0.0576952186316862,0.1537412277654117
pca_2,Social_escape_passive_count,0.057027808315642324,0.1537412277654117
pca_2,Social_escape_mean_duration,-0.06092353138237458,0.1537412277654117
pca_2,Social_escape_std_duration,-0.07123833635102185,0.1537412277654117
pca_2,Stop_count,0.20456369102589972,0.1537412277654117
pca_2,Stop_mean_duration,-0.19992141361488946,0.1537412277654117
pca_2,Stop_std_duration,-0.20199856568488486,0.1537412277654117
pca_2,Stop_in_contact_active_count,0.04700497003357613,0.1537412277654117
pca_2,Stop_in_contact_passive_count,0.07246264984213394,0.1537412277654117
pca_2,Stop_in_contact_mean_duration,-0.08907167309502455,0.1537412277654117
pca_2,Stop_in_contact_std_duration,-0.05204584568022456,0.1537412277654117
pca_2,Stop_isolated_count,0.06528657647943424,0.1537412277654117
pca_2,Stop_isolated_mean_duration,-0.08416049602427025,0.1537412277654117
pca_2,Stop_isolated_std_duration,-0.08315397489561668,0.1537412277654117
pca_2,Train2_active_count,0.04458595734711762,0.1537412277654117
pca_2,Train2_passive_count,0.048981001618433544,0.1537412277654117
pca_2,Train2_mean_duration,-0.02972047199340699,0.1537412277654117
pca_2,Train2_std_duration,-0.013592774912754907,0.1537412277654117
pca_2,WallJump_count,0.04963829197983731,0.1537412277654117
pca_2,WallJump_mean_duration,-0.007599469518575049,0.1537412277654117
pca_2,WallJump_std_duration,-0.03928447103744551,0.1537412277654117
pca_2,isolated_count,0.08425381722337695,0.1537412277654117
pca_2,isolated_mean_duration,-0.09897355274987746,0.1537412277654117
pca_2,isolated_std_duration,-0.06976744506094633,0.1537412277654117
pca_2,seq_oral_geni___oral_oral_active_count,0.055123011550730176,0.1537412277654117
pca_2,seq_oral_geni___oral_oral_passive_count,0.05434775927932998,0.1537412277654117
pca_2,seq_oral_geni___oral_oral_mean_duration,0.031033104280232746,0.1537412277654117
pca_2,seq_oral_geni___oral_oral_std_duration,0.03372543143578801,0.1537412277654117
pca_2,seq_oral_oral___oral_genital_active_count,0.054762880576119916,0.1537412277654117
pca_2,seq_oral_oral___oral_genital_passive_count,0.053964960702314796,0.1537412277654117
pca_2,seq_oral_oral___oral_genital_mean_duration,0.03321739471143521,0.1537412277654117
pca_2,seq_oral_oral___oral_genital_std_duration,0.017556711366636595,0.1537412277654117
pca_3,Approach_active_count,-0.013294503233740151,0.04719428030349786
pca_3,Approach_passive_count,-0.013561557812447528,0.04719428030349786
pca_3,Approach_mean_duration,0.004350852372952907,0.04719428030349786
pca_3,Approach_std_duration,-0.08346773923434847,0.04719428030349786
pca_3,Approach_contact_active_count,0.013459240936235406,0.04719428030349786
pca_3,Approach_contact_passive_count,0.015342406283787635,0.04719428030349786
pca_3,Approach_contact_mean_duration,0.04921147704352283,0.04719428030349786
pca_3,Approach_contact_std_duration,0.06594170104939207,0.04719428030349786
pca_3,Approach_rear_active_count,-0.007998595017547128,0.04719428030349786
pca_3,Approach_rear_passive_count,-0.007985216824288016,0.04719428030349786
pca_3,Approach_rear_mean_duration,0.01682391471462998,0.04719428030349786
pca_3,Approach_rear_std_duration,-0.007156290566028777,0.04719428030349786
pca_3,Break_contact_active_count,0.028143423722685395,0.04719428030349786
pca_3,Break_contact_passive_count,0.0330797699613965,0.04719428030349786
pca_3,Break_contact_mean_duration,0.005528361724911449,0.04719428030349786
pca_3,Break_contact_std_duration,0.04616093378258014,0.04719428030349786
pca_3,Center_Zone_count,-0.012433451716780928,0.04719428030349786
pca_3,Center_Zone_mean_duration,-0.04408793708866124,0.04719428030349786
pca_3,Center_Zone_std_duration,-0.06434826366317214,0.04719428030349786
pca_3,Contact_active_count,-0.04422060599953851,0.04719428030349786
pca_3,Contact_passive_count,-0.044229669507160146,0.04719428030349786
pca_3,Contact_mean_duration,0.0881564456418861,0.04719428030349786
pca_3,Contact_std_duration,0.05371852419796712,0.04719428030349786
pca_3,Get_away_active_count,0.027514976909524654,0.04719428030349786
pca_3,Get_away_passive_count,0.027336859941557823,0.04719428030349786
pca_3,Get_away_mean_duration,0.05411344660421706,0.04719428030349786
pca_3,Get_away_std_duration,0.043856941188473136,0.04719428030349786
pca_3,Group_3_break_count,-0.20684654147016351,0.04719428030349786
pca_3,Group_3_break_mean_duration,-0.15487867425575538,0.04719428030349786
pca_3,Group_3_break_std_duration,-0.17668684223296277,0.04719428030349786
pca_3,Group_3_make_count,-0.20710585307309917,0.04719428030349786
pca_3,Group_3_make_mean_duration,-0.1682154900462499,0.04719428030349786
pca_3,Group_3_make_std_duration,-0.17862940024345506,0.04719428030349786
pca_3,Group_4_break_count,0.31247532562792935,0.04719428030349786
pca_3,Group_4_break_mean_duration,0.288751992314925,0.04719428030349786
pca_3,Group_4_break_std_duration,0.2527941358463241,0.04719428030349786
pca_3,Group_4_make_count,0.3170193708325208,0.04719428030349786
pca_3,Group_4_make_mean_duration,0.2850105408447342,0.04719428030349786
pca_3,Group_4_make_std_duration,0.24812818916824264,0.04719428030349786
pca_3,Group2_active_count,0.003177798811392588,0.04719428030349786
pca_3,Group2_passive_count,0.0031825724734209325,0.04719428030349786
pca_3,Group2_mean_duration,0.06798233019756438,0.04719428030349786
pca_3,Group2_std_duration,0.05165062722879699,0.04719428030349786
pca_3,Huddling_count,0.02184788413335547,0.04719428030349786
pca_3,Huddling_mean_duration,-0.09369438053326536,0.04719428030349786
pca_3,Huddling_std_duration,-0.13413656955808828,0.04719428030349786
pca_3,Move_in_contact_active_count,-0.0753410042983355,0.04719428030349786
pca_3,Move_in_contact_passive_count,0.02164779275590108,0.04719428030349786
pca_3,Move_in_contact_mean_duration,0.05656212057736559,0.04719428030349786
pca_3,Move_in_contact_std_duration,0.04022577165884669,0.04719428030349786
pca_3,Move_isolated_count,-0.0845052266091403,0.04719428030349786
pca_3,Move_isolated_mean_duration,-0.066460891255572,0.04719428030349786
pca_3,Move_isolated_std_duration,-0.02531715840345674,0.04719428030349786
pca_3,Oral_genital_Contact_active_count,0.036845279741537514,0.04719428030349786
pca_3,Oral_genital_Contact_passive_count,0.03686172057075198,0.04719428030349786
pca_3,Oral_genital_Contact_mean_duration,-0.02855090949230501,0.04719428030349786
pca_3,Oral_genital_Contact_std_duration,-0.10355703083024724,0.04719428030349786
pca_3,Oral_oral_Contact_active_count,0.03875480200689679,0.04719428030349786
pca_3,Oral_oral_Contact_passive_count,0.03875480200689679,0.04719428030349786
pca_3,Oral_oral_Contact_mean_duration,-0.036695588310640466,0.04719428030349786
pca_3,Oral_oral_Contact_std_duration,-0.12012353129591266,0.04719428030349786
pca_3,Periphery_Zone_count,-0.009070510111068998,0.04719428030349786
pca_3,Periphery_Zone_mean_duration,0.06787251299226521,0.04719428030349786
pca_3,Periphery_Zone_std_duration,0.06029628522992009,0.04719428030349786
pca_3,Rear_at_periphery_count,0.028013716403321856,0.04719428030349786
pca_3,Rear_at_periphery_mean_duration,0.03881957637888353,0.04719428030349786
pca_3,Rear_at_periphery_std_duration,0.0456641972925024,0.04719428030349786
pca_3,Rear_in_centerWindow_count,-0.06956356311116642,0.04719428030349786
pca_3,Rear_in_centerWindow_mean_duration,-0.0034565675171394513,0.04719428030349786
pca_3,Rear_in_centerWindow_std_duration,-0.03178421672684034,0.04719428030349786
pca_3,Rear_in_contact_count,0.014709124128751055,0.04719428030349786
pca_3,Rear_in_contact_mean_duration,-0.016084279089793305,0.04719428030349786
pca_3,Rear_in_contact_std_duration,-0.03314869438510187,0.04719428030349786
pca_3,Rear_isolated_count,0.024417222799930385,0.04719428030349786
pca_3,Rear_isolated_mean_duration,0.04710625422142641,0.04719428030349786
pca_3,Rear_isolated_std_duration,0.0470556752818575,0.04719428030349786
pca_3,Rearing_count,-0.03142760591499839,0.04719428030349786
pca_3,Rearing_mean_duration,0.031374341183304025,0.04719428030349786
pca_3,Rearing_std_duration,0.05756479339620411,0.04719428030349786
pca_3,SAP_count,0.03882398376032156,0.04719428030349786
pca_3,SAP_mean_duration,-0.03920585135047938,0.04719428030349786
pca_3,SAP_std_duration,-0.04769697738490094,0.04719428030349786
pca_3,Side_by_side_Contact_active_count,0.06068955991312641,0.04719428030349786
pca_3,Side_by_side_Contact_passive_count,0.06068955991312641,0.04719428030349786
pca_3,Side_by_side_Contact_mean_duration,0.0906152856414473,0.04719428030349786
pca_3,Side_by_side_Contact_std_duration,0.05795507340831038,0.04719428030349786
pca_3,Side_by_side_Contact_opposite_way_active_count,0.059785958825805875,0.04719428030349786
pca_3,Side_by_side_Contact_opposite_way_passive_count,0.059785958825805875,0.04719428030349786
pca_3,Side_by_side_Contact_opposite_way_mean_duration,0.05173600346073782,0.04719428030349786
pca_3,Side_by_side_Contact_opposite_way_std_duration,0.000754981817633681,0.04719428030349786
pca_3,Social_approach_active_count,-0.049827960251455194,0.04719428030349786
pca_3,Social_approach_passive_count,-0.050019805499432524,0.04719428030349786
pca_3,Social_approach_mean_duration,0.033542958138249986,0.04719428030349786
pca_3,Social_approach_std_duration,-0.005564583414338191,0.04719428030349786
pca_3,Social_escape_active_count,-0.026551231289742402,0.04719428030349786
pca_3,Social_escape_passive_count,-0.027043531942621192,0.04719428030349786
pca_3,Social_escape_mean_duration,0.05386368789345701,0.04719428030349786
pca_3,Social_escape_std_duration,0.05209479511194911,0.04719428030349786
pca_3,Stop_count,-0.01292862154794921,0.04719428030349786
pca_3,Stop_mean_duration,0.011073599218294974,0.04719428030349786
pca_3,Stop_std_duration,-0.01669381060177259,0.04719428030349786
pca_3,Stop_in_contact_active_count,-0.08961798964826226,0.04719428030349786
pca_3,Stop_in_contact_passive_count,0.004979036171443418,0.04719428030349786
pca_3,Stop_in_contact_mean_duration,0.07214940637243801,0.04719428030349786
pca_3,Stop_in_contact_std_duration,0.03954033495845456,0.04719428030349786
pca_3,Stop_isolated_count,-0.09078112703232256,0.04719428030349786
pca_3,Stop_isolated_mean_duration,-0.06883235259154014,0.04719428030349786
pca_3,Stop_isolated_std_duration,-0.06510594613299933,0.04719428030349786
pca_3,Train2_active_count,-0.09983076314550336,0.04719428030349786
pca_3,Train2_passive_count,-0.10466186172931556,0.04719428030349786
pca_3,Train2_mean_duration,-0.03014494598227915,0.04719428030349786
pca_3,Train2_std_duration,-0.018042935122418308,0.04719428030349786
pca_3,WallJump_count,0.008500963708592608,0.04719428030349786
pca_3,WallJump_mean_duration,0.006750086868666072,0.04719428030349786
pca_3,WallJump_std_duration,-0.02257331668495401,0.04719428030349786
pca_3,isolated_count,0.0063447565912382415,0.04719428030349786
pca_3,isolated_mean_duration,0.04725157409008854,0.04719428030349786
pca_3,isolated_std_duration,-0.003914014922123744,0.04719428030349786
pca_3,seq_oral_geni___oral_oral_active_count,0.03377207930505854,0.04719428030349786
pca_3,seq_oral_geni___oral_oral_passive_count,0.03278555337259812,0.04719428030349786
pca_3,seq_oral_geni___oral_oral_mean_duration,-0.04594510641187353,0.04719428030349786
pca_3,seq_oral_geni___oral_oral_std_duration,-0.08643087655450289,0.04719428030349786
pca_3,seq_oral_oral___oral_genital_active_count,0.017125816050413238,0.04719428030349786
pca_3,seq_oral_oral___oral_genital_passive_count,0.015444599453098602,0.04719428030349786
pca_3,seq_oral_oral___oral_genital_mean_duration,-0.06052603743480575,0.04719428030349786
pca_3,seq_oral_oral___oral_genital_std_duration,-0.14941904998267838,0.04719428030349786
pca_4,Approach_active_count,0.016816561064156826,0.04117642956151339
pca_4,Approach_passive_count,0.013697132066786032,0.04117642956151339
pca_4,Approach_mean_duration,-0.004496395942393802,0.04117642956151339
pca_4,Approach_std_duration,0.043971154855644956,0.04117642956151339
pca_4,Approach_contact_active_count,-0.03763692411318692,0.04117642956151339
pca_4,Approach_contact_passive_count,-0.03686396463497607,0.04117642956151339
pca_4,Approach_contact_mean_duration,-0.09342606039307688,0.04117642956151339
pca_4,Approach_contact_std_duration,-0.09280269792981122,0.04117642956151339
pca_4,Approach_rear_active_count,-0.04061855531545483,0.04117642956151339
pca_4,Approach_rear_passive_count,-0.04037401537911145,0.04117642956151339
pca_4,Approach_rear_mean_duration,0.05151001855700358,0.04117642956151339
pca_4,Approach_rear_std_duration,0.16296975868065453,0.04117642956151339
pca_4,Break_contact_active_count,-0.0539168099205572,0.04117642956151339
pca_4,Break_contact_passive_count,-0.05702022433813868,0.04117642956151339
pca_4,Break_contact_mean_duration,-0.18346272954394172,0.04117642956151339
pca_4,Break_contact_std_duration,-0.022491920931422854,0.04117642956151339
pca_4,Center_Zone_count,0.011549387739919596,0.04117642956151339
pca_4,Center_Zone_mean_duration,0.17289543243684102,0.04117642956151339
pca_4,Center_Zone_std_duration,0.17354678694570505,0.04117642956151339
pca_4,Contact_active_count,0.009835803426139869,0.04117642956151339
pca_4,Contact_passive_count,0.009832072926221841,0.04117642956151339
pca_4,Contact_mean_duration,-0.08641786426228894,0.04117642956151339
pca_4,Contact_std_duration,-0.021001630343667775,0.04117642956151339
pca_4,Get_away_active_count,-0.03587541447741883,0.04117642956151339
pca_4,Get_away_passive_count,-0.03517622839475288,0.04117642956151339
pca_4,Get_away_mean_duration,-0.05635295361735856,0.04117642956151339
pca_4,Get_away_std_duration,-0.05882104905209615,0.04117642956151339
pca_4,Group_3_break_count,0.08264471941878909,0.04117642956151339
pca_4,Group_3_break_mean_duration,0.09464088948527362,0.04117642956151339
pca_4,Group_3_break_std_duration,0.1282204694934358,0.04117642956151339
pca_4,Group_3_make_count,0.08598228804257062,0.04117642956151339
pca_4,Group_3_make_mean_duration,0.09285197407007266,0.04117642956151339
pca_4,Group_3_make_std_duration,0.12071603581536243,0.04117642956151339
pca_4,Group_4_break_count,0.1786557367117603,0.04117642956151339
pca_4,Group_4_break_mean_duration,0.23983610077387907,0.04117642956151339
pca_4,Group_4_break_std_duration,0.25879491409772937,0.04117642956151339
pca_4,Group_4_make_count,0.17604906223194294,0.04117642956151339
pca_4,Group_4_make_mean_duration,0.24750413716729427,0.04117642956151339
pca_4,Group_4_make_std_duration,0.2545126051472382,0.04117642956151339
pca_4,Group2_active_count,-0.025664594410760286,0.04117642956151339
pca_4,Group2_passive_count,-0.025659846258300416,0.04117642956151339
pca_4,Group2_mean_duration,-0.08567787629673325,0.04117642956151339
pca_4,Group2_std_duration,-0.06075140218014614,0.04117642956151339
pca_4,Huddling_count,0.03544140928041886,0.04117642956151339
pca_4,Huddling_mean_duration,0.052598371041197065,0.04117642956151339
pca_4,Huddling_std_duration,0.02447831300305794,0.04117642956151339
pca_4,Move_in_contact_active_count,0.0065788062165841035,0.04117642956151339
pca_4,Move_in_contact_passive_count,-0.04512600712905899,0.04117642956151339
pca_4,Move_in_contact_mean_duration,-0.08721397440606385,0.04117642956151339
pca_4,Move_in_contact_std_duration,-0.10352413594114672,0.04117642956151339
pca_4,Move_isolated_count,0.026713983987225954,0.04117642956151339
pca_4,Move_isolated_mean_duration,0.05194298583458353,0.04117642956151339
pca_4,Move_isolated_std_duration,0.04835850596480022,0.04117642956151339
pca_4,Oral_genital_Contact_active_count,-0.04683797953143219,0.04117642956151339
pca_4,Oral_genital_Contact_passive_count,-0.046619224072405034,0.04117642956151339
pca_4,Oral_genital_Contact_mean_duration,0.020996983622494615,0.04117642956151339
pca_4,Oral_genital_Contact_std_duration,0.12171398873843314,0.04117642956151339
pca_4,Oral_oral_Contact_active_count,-0.05613968517043436,0.04117642956151339
pca_4,Oral_oral_Contact_passive_count,-0.05613968517043436,0.04117642956151339
pca_4,Oral_oral_Contact_mean_duration,-0.02298605505863712,0.04117642956151339
pca_4,Oral_oral_Contact_std_duration,0.08550889351163878,0.04117642956151339
pca_4,Periphery_Zone_count,0.01620619991335821,0.04117642956151339
pca_4,Periphery_Zone_mean_duration,-0.1448600987237379,0.04117642956151339
pca_4,Periphery_Zone_std_duration,-0.13044102291143717,0.04117642956151339
pca_4,Rear_at_periphery_count,0.012311995603227963,0.04117642956151339
pca_4,Rear_at_periphery_mean_duration,0.05849131462488207,0.04117642956151339
pca_4,Rear_at_periphery_std_duration,0.0661029763321506,0.04117642956151339
pca_4,Rear_in_centerWindow_count,0.15868539291384895,0.04117642956151339
pca_4,Rear_in_centerWindow_mean_duration,0.09629482461445076,0.04117642956151339
pca_4,Rear_in_centerWindow_std_duration,0.14260465541223236,0.04117642956151339
pca_4,Rear_in_contact_count,-0.005022296295878551,0.04117642956151339
pca_4,Rear_in_contact_mean_duration,0.06492267839452724,0.04117642956151339
pca_4,Rear_in_contact_std_duration,0.15220344661128304,0.04117642956151339
pca_4,Rear_isolated_count,0.023826463503705934,0.04117642956151339
pca_4,Rear_isolated_mean_duration,0.08315608739337808,0.04117642956151339
pca_4,Rear_isolated_std_duration,0.09637059820500253,0.04117642956151339
pca_4,Rearing_count,0.09384492365341314,0.04117642956151339
pca_4,Rearing_mean_duration,-0.11930972955500474,0.04117642956151339
pca_4,Rearing_std_duration,-0.13296477625350336,0.04117642956151339
pca_4,SAP_count,-0.04383367951096214,0.04117642956151339
pca_4,SAP_mean_duration,-0.015937169392143617,0.04117642956151339
pca_4,SAP_std_duration,-0.07935492971395074,0.04117642956151339
pca_4,Side_by_side_Contact_active_count,-0.0719763739306135,0.04117642956151339
pca_4,Side_by_side_Contact_passive_count,-0.0719763739306135,0.04117642956151339
pca_4,Side_by_side_Contact_mean_duration,-0.09433194315611355,0.04117642956151339
pca_4,Side_by_side_Contact_std_duration,-0.008435228377753332,0.04117642956151339
pca_4,Side_by_side_Contact_opposite_way_active_count,-0.06485022212992335,0.04117642956151339
pca_4,Side_by_side_Contact_opposite_way_passive_count,-0.06485022212992335,0.04117642956151339
pca_4,Side_by_side_Contact_opposite_way_mean_duration,-0.030922233264553248,0.04117642956151339
pca_4,Side_by_side_Contact_opposite_way_std_duration,0.018535104093843225,0.04117642956151339
pca_4,Social_approach_active_count,-0.07335550020563657,0.04117642956151339
pca_4,Social_approach_passive_count,-0.07343930601366054,0.04117642956151339
pca_4,Social_approach_mean_duration,-0.029679459797124195,0.04117642956151339
pca_4,Social_approach_std_duration,0.033716952317702505,0.04117642956151339
pca_4,Social_escape_active_count,-0.0758946134696204,0.04117642956151339
pca_4,Social_escape_passive_count,-0.07541821806981513,0.04117642956151339
pca_4,Social_escape_mean_duration,-0.10463528133130404,0.04117642956151339
pca_4,Social_escape_std_duration,-0.06803691450429576,0.04117642956151339
pca_4,Stop_count,-0.011829571086139816,0.04117642956151339
pca_4,Stop_mean_duration,0.016130635899025317,0.04117642956151339
pca_4,Stop_std_duration,0.014261907877758958,0.04117642956151339
pca_4,Stop_in_contact_active_count,0.019285178374758533,0.04117642956151339
pca_4,Stop_in_contact_passive_count,-0.029827443764737668,0.04117642956151339
pca_4,Stop_in_contact_mean_duration,-0.07449268244946824,0.04117642956151339
pca_4,Stop_in_contact_std_duration,-0.022853586208895698,0.04117642956151339
pca_4,Stop_isolated_count,0.0241057482766253,0.04117642956151339
pca_4,Stop_isolated_mean_duration,0.05499858006033888,0.04117642956151339
pca_4,Stop_isolated_std_duration,0.013196636714486185,0.04117642956151339
pca_4,Train2_active_count,0.13040507845088672,0.04117642956151339
pca_4,Train2_passive_count,0.13653943229187251,0.04117642956151339
pca_4,Train2_mean_duration,-0.0348802806222993,0.04117642956151339
pca_4,Train2_std_duration,-0.014518808425384519,0.04117642956151339
pca_4,WallJump_count,0.013229594835838208,0.04117642956151339
pca_4,WallJump_mean_duration,0.020608167255830992,0.04117642956151339
pca_4,WallJump_std_duration,0.0037930454321554036,0.04117642956151339
pca_4,isolated_count,-0.03266779413666795,0.04117642956151339
pca_4,isolated_mean_duration,-0.0484867933280334,0.04117642956151339
pca_4,isolated_std_duration,0.005192564196148737,0.04117642956151339
pca_4,seq_oral_geni___oral_oral_active_count,-0.04112828536641451,0.04117642956151339
pca_4,seq_oral_geni___oral_oral_passive_count,-0.0382995122830627,0.04117642956151339
pca_4,seq_oral_geni___oral_oral_mean_duration,0.05651737627391611,0.04117642956151339
pca_4,seq_oral_geni___oral_oral_std_duration,0.1801823285071354,0.04117642956151339
pca_4,seq_oral_oral___oral_genital_active_count,-0.031100666530518194,0.04117642956151339
pca_4,seq_oral_oral___oral_genital_passive_count,-0.03160514847428343,0.04117642956151339
pca_4,seq_oral_oral___oral_genital_mean_duration,0.030908070368969424,0.04117642956151339
pca_4,seq_oral_oral___oral_genital_std_duration,0.12757829254292588,0.04117642956151339
pca_5,Approach_active_count,0.02997509217748634,0.0287773071693908
pca_5,Approach_passive_count,0.0453559744851221,0.0287773071693908
pca_5,Approach_mean_duration,0.005584995650251549,0.0287773071693908
pca_5,Approach_std_duration,0.04839227833390336,0.0287773071693908
pca_5,Approach_contact_active_count,0.010813674993253752,0.0287773071693908
pca_5,Approach_contact_passive_count,0.017564858025756136,0.0287773071693908
pca_5,Approach_contact_mean_duration,-0.0064643684487922515,0.0287773071693908
pca_5,Approach_contact_std_duration,-0.009436085530105887,0.0287773071693908
pca_5,Approach_rear_active_count,0.03592503633399469,0.0287773071693908
pca_5,Approach_rear_passive_count,0.03852917888575945,0.0287773071693908
pca_5,Approach_rear_mean_duration,0.03877124438835597,0.0287773071693908
pca_5,Approach_rear_std_duration,0.03999295342408959,0.0287773071693908
pca_5,Break_contact_active_count,-0.04629920374609771,0.0287773071693908
pca_5,Break_contact_passive_count,-0.02151351877244825,0.0287773071693908
pca_5,Break_contact_mean_duration,-0.012736725286276679,0.0287773071693908
pca_5,Break_contact_std_duration,-0.014766353233547325,0.0287773071693908
pca_5,Center_Zone_count,0.05957913049349251,0.0287773071693908
pca_5,Center_Zone_mean_duration,0.10731563983629341,0.0287773071693908
pca_5,Center_Zone_std_duration,0.07674433871601517,0.0287773071693908
pca_5,Contact_active_count,0.014511238833391431,0.0287773071693908
pca_5,Contact_passive_count,0.014519386727654474,0.0287773071693908
pca_5,Contact_mean_duration,-0.06350579552956105,0.0287773071693908
pca_5,Contact_std_duration,-0.07186280251421263,0.0287773071693908
pca_5,Get_away_active_count,0.011283894395530963,0.0287773071693908
pca_5,Get_away_passive_count,0.010264223014264297,0.0287773071693908
pca_5,Get_away_mean_duration,-0.019043501893196643,0.0287773071693908
pca_5,Get_away_std_duration,-0.023411284581736455,0.0287773071693908
pca_5,Group_3_break_count,-0.19587230222120594,0.0287773071693908
pca_5,Group_3_break_mean_duration,-0.21607499281569278,0.0287773071693908
pca_5,Group_3_break_std_duration,-0.17496625087172044,0.0287773071693908
pca_5,Group_3_make_count,-0.19836470479771215,0.0287773071693908
pca_5,Group_3_make_mean_duration,-0.21349671718370145,0.0287773071693908
pca_5,Group_3_make_std_duration,-0.1740892177154066,0.0287773071693908
pca_5,Group_4_break_count,0.014228286026643371,0.0287773071693908
pca_5,Group_4_break_mean_duration,-0.1203704672577717,0.0287773071693908
pca_5,Group_4_break_std_duration,-0.10508426910657828,0.0287773071693908
pca_5,Group_4_make_count,0.007891915766955509,0.0287773071693908
pca_5,Group_4_make_mean_duration,-0.11455242561323695,0.0287773071693908
pca_5,Group_4_make_std_duration,-0.11472288909273257,0.0287773071693908
pca_5,Group2_active_count,0.026330509822000307,0.0287773071693908
pca_5,Group2_passive_count,0.026330499413065995,0.0287773071693908
pca_5,Group2_mean_duration,0.0038034541469906665,0.0287773071693908
pca_5,Group2_std_duration,0.005448916474363048,0.0287773071693908
pca_5,Huddling_count,0.009202901475543096,0.0287773071693908
pca_5,Huddling_mean_duration,0.13929256268409776,0.0287773071693908
pca_5,Huddling_std_duration,0.12391246863057005,0.0287773071693908
pca_5,Move_in_contact_active_count,-0.1996089131288856,0.0287773071693908
pca_5,Move_in_contact_passive_count,-0.005015907738687864,0.0287773071693908
pca_5,Move_in_contact_mean_duration,-0.008367268871333095,0.0287773071693908
pca_5,Move_in_contact_std_duration,-0.03439501621624248,0.0287773071693908
pca_5,Move_isolated_count,-0.19197730898925855,0.0287773071693908
pca_5,Move_isolated_mean_duration,-0.183853318696724,0.0287773071693908
pca_5,Move_isolated_std_duration,-0.15829839404855206,0.0287773071693908
pca_5,Oral_genital_Contact_active_count,-0.01207947573453764,0.0287773071693908
pca_5,Oral_genital_Contact_passive_count,-0.011463300084847809,0.0287773071693908
pca_5,Oral_genital_Contact_mean_duration,0.017905128664651066,0.0287773071693908
pca_5,Oral_genital_Contact_std_duration,0.05565510407553782,0.0287773071693908
pca_5,Oral_oral_Contact_active_count,0.0011365336525639232,0.0287773071693908
pca_5,Oral_oral_Contact_passive_count,0.0011365336525639232,0.0287773071693908
pca_5,Oral_oral_Contact_mean_duration,0.06957596707047597,0.0287773071693908
pca_5,Oral_oral_Contact_std_duration,0.10257890136871696,0.0287773071693908
pca_5,Periphery_Zone_count,0.03995471161101419,0.0287773071693908
pca_5,Periphery_Zone_mean_duration,-0.056465129614018415,0.0287773071693908
pca_5,Periphery_Zone_std_duration,-0.04707412581455514,0.0287773071693908
pca_5,Rear_at_periphery_count,0.004589365926911432,0.0287773071693908
pca_5,Rear_at_periphery_mean_duration,0.11289620508649803,0.0287773071693908
pca_5,Rear_at_periphery_std_duration,0.11148080800018945,0.0287773071693908
pca_5,Rear_in_centerWindow_count,0.062243384685323984,0.0287773071693908
pca_5,Rear_in_centerWindow_mean_duration,-0.058598872784637455,0.0287773071693908
pca_5,Rear_in_centerWindow_std_duration,0.0124364334795937,0.0287773071693908
pca_5,Rear_in_contact_count,0.039684559174484435,0.0287773071693908
pca_5,Rear_in_contact_mean_duration,0.07205626211191318,0.0287773071693908
pca_5,Rear_in_contact_std_duration,0.06691514873923636,0.0287773071693908
pca_5,Rear_isolated_count,0.012149225700101844,0.0287773071693908
pca_5,Rear_isolated_mean_duration,0.10665606786348922,0.0287773071693908
pca_5,Rear_isolated_std_duration,0.1209623373456504,0.0287773071693908
pca_5,Rearing_count,0.029353156719154425,0.0287773071693908
pca_5,Rearing_mean_duration,-0.024897068912536305,0.0287773071693908
pca_5,Rearing_std_duration,-0.06344193166465524,0.0287773071693908
pca_5,SAP_count,-0.00465317240248882,0.0287773071693908
pca_5,SAP_mean_duration,0.03883120538308459,0.0287773071693908
pca_5,SAP_std_duration,0.02971467145962557,0.0287773071693908
pca_5,Side_by_side_Contact_active_count,-0.027187890622743727,0.0287773071693908
pca_5,Side_by_side_Contact_passive_count,-0.027187890622743727,0.0287773071693908
pca_5,Side_by_side_Contact_mean_duration,0.008930793986302633,0.0287773071693908
pca_5,Side_by_side_Contact_std_duration,0.042418373763157734,0.0287773071693908
pca_5,Side_by_side_Contact_opposite_way_active_count,-0.03515570459861823,0.0287773071693908
pca_5,Side_by_side_Contact_opposite_way_passive_count,-0.03515570459861823,0.0287773071693908
pca_5,Side_by_side_Contact_opposite_way_mean_duration,-0.07789699563497492,0.0287773071693908
pca_5,Side_by_side_Contact_opposite_way_std_duration,-0.04363912522546772,0.0287773071693908
pca_5,Social_approach_active_count,0.043685189681150524,0.0287773071693908
pca_5,Social_approach_passive_count,0.0459596509578307,0.0287773071693908
pca_5,Social_approach_mean_duration,0.0017848885963236496,0.0287773071693908
pca_5,Social_approach_std_duration,0.017024106067273503,0.0287773071693908
pca_5,Social_escape_active_count,0.03058078407458289,0.0287773071693908
pca_5,Social_escape_passive_count,0.03220728371244028,0.0287773071693908
pca_5,Social_escape_mean_duration,-0.027813867240588454,0.0287773071693908
pca_5,Social_escape_std_duration,-0.04586606761782286,0.0287773071693908
pca_5,Stop_count,-0.018293598386210037,0.0287773071693908
pca_5,Stop_mean_duration,0.03086698735622504,0.0287773071693908
pca_5,Stop_std_duration,0.026030287747656644,0.0287773071693908
pca_5,Stop_in_contact_active_count,-0.18480507019785625,0.0287773071693908
pca_5,Stop_in_contact_passive_count,0.011389076560400918,0.0287773071693908
pca_5,Stop_in_contact_mean_duration,-0.0422601684288675,0.0287773071693908
pca_5,Stop_in_contact_std_duration,-0.020922416806046347,0.0287773071693908
pca_5,Stop_isolated_count,-0.18513190807531818,0.0287773071693908
pca_5,Stop_isolated_mean_duration,-0.12582121465007676,0.0287773071693908
pca_5,Stop_isolated_std_duration,-0.13038417532178243,0.0287773071693908
pca_5,Train2_active_count,0.2242188567595191,0.0287773071693908
pca_5,Train2_passive_count,0.21053979117907762,0.0287773071693908
pca_5,Train2_mean_duration,0.13156417213014546,0.0287773071693908
pca_5,Train2_std_duration,0.16952811560922806,0.0287773071693908
pca_5,WallJump_count,0.1675016462412742,0.0287773071693908
pca_5,WallJump_mean_duration,0.13956161144554208,0.0287773071693908
pca_5,WallJump_std_duration,0.17939688359175085,0.0287773071693908
pca_5,isolated_count,0.023976924882619374,0.0287773071693908
pca_5,isolated_mean_duration,-0.1100915695170428,0.0287773071693908
pca_5,isolated_std_duration,-0.07905519605423383,0.0287773071693908
pca_5,seq_oral_geni___oral_oral_active_count,-0.004148709275428807,0.0287773071693908
pca_5,seq_oral_geni___oral_oral_passive_count,-0.009599192947216149,0.0287773071693908
pca_5,seq_oral_geni___oral_oral_mean_duration,0.057942400273785506,0.0287773071693908
pca_5,seq_oral_geni___oral_oral_std_duration,0.05181283580404434,0.0287773071693908
pca_5,seq_oral_oral___oral_genital_active_count,0.00895454230740655,0.0287773071693908
pca_5,seq_oral_oral___oral_genital_passive_count,0.0047283055807174285,0.0287773071693908
pca_5,seq_oral_oral___oral_genital_mean_duration,0.06954351336392736,0.0287773071693908
pca_5,seq_oral_oral___oral_genital_std_duration,0.12023887527930338,0.0287773071693908
