source_sheet,phase,response,n,mean,p
16p,post_stress,identity_composite,14,0.9281978478279835,0.00146484375
CD del,baseline,id_1,10,0.5381105011759019,0.001953125
CD del,baseline,identity_composite,10,-0.6921921103233144,0.001953125
CD del,baseline,id_2,10,-1.92249472182253,0.001953125
16p,post_stress,id_2,14,2.091552156833531,0.00634765625
16p,post_stress,pca_2,14,0.5669184262070941,0.0166015625
16p,post_stress,pca_1,14,-0.6223865035338376,0.0177001953125
CD del,post_stress,pca_2,12,-0.7056803447574295,0.04638671875
16p,baseline,identity_composite,8,0.9912851285090722,0.0625
CD del,post_stress,pca_3,12,0.3939318670629475,0.06494140625
CD del,baseline,pca_2,10,-0.8865911054605066,0.1171875
16p,baseline,pca_2,8,0.8211729806220174,0.140625
16p,baseline,pca_1,8,-0.6582446716229711,0.1640625
16p,baseline,id_2,8,1.8226510325713807,0.203125
CD del,post_stress,id_1,12,0.39580902920665384,0.23828125
CD del,baseline,pca_1,10,0.21567254028884214,0.302734375
CD del,post_stress,pca_1,12,0.2564678410477885,0.32568359375
CD del,post_stress,identity_composite,12,0.31416864298296693,0.35546875
CD del,post_stress,id_2,12,0.23252825675927968,0.6806640625
16p,post_stress,id_1,14,-0.23515646117756386,0.6981201171875
16p,post_stress,pca_3,14,-0.09646526854307313,0.7049560546875
16p,baseline,id_1,8,0.15991922444676332,0.8125
16p,baseline,pca_3,8,0.11482433304797818,0.8515625
CD del,baseline,pca_3,10,-0.04682931970121014,0.921875
