mouse_id,interval_start,cage_id,phase,analysis_tier,projection_eligible,effect_eligible,pca_1,pca_2,pca_3,pca_4,pca_5
8445,2024-06-16 19:00:00,16p_8445,baseline,primary,True,True,3.1085643443889492,-2.6720759182382556,-2.7265803429915296,1.4932703687467992,-3.031994432230661
8445,2024-06-17 19:00:00,16p_8445,post_stress,primary,True,True,3.6665831354820257,-4.146890465340958,0.6108096714567175,0.7053107525535874,-0.14681803707324198
8445,2024-06-18 19:00:00,16p_8445,post_stress,primary,True,True,3.8292623779602217,-7.950038529323702,1.0579236813575044,0.8447860150181737,-0.01780260005021213
8445,2024-06-19 19:00:00,16p_8445,post_stress,primary,True,True,4.256526715368622,-6.744906250544913,0.8709723327599969,0.44196902233874713,-0.4460556918949529
8447,2024-06-16 19:00:00,16p_8445,baseline,primary,True,True,3.391702758636237,-0.9828445343917468,0.08045697241934702,0.9114864021513472,2.039558545189562
8447,2024-06-17 19:00:00,16p_8445,post_stress,primary,True,True,5.270461731573439,-3.4920375938870154,0.5309248984792027,2.4139721025010266,1.963414843160892
8447,2024-06-18 19:00:00,16p_8445,post_stress,primary,True,True,4.2040553752090855,-5.887255605060741,1.1143101231705725,0.5164205869631978,0.3003714747399293
8447,2024-06-19 19:00:00,16p_8445,post_stress,primary,True,True,5.325399410894136,-6.084323152322895,1.8060065999589991,1.4265112518392886,1.3322912558558186
8448,2024-06-16 19:00:00,16p_8445,baseline,primary,True,True,0.8045162078236102,-0.242423665325753,0.05810045113980556,-0.18206018212550268,-0.17837150457325923
8448,2024-06-17 19:00:00,16p_8445,post_stress,primary,True,True,3.432154064140206,-2.747594602616598,0.0575962902813818,1.0887223838622067,-0.26159376211475555
8448,2024-06-18 19:00:00,16p_8445,post_stress,primary,True,True,2.8530613400684914,-5.781577769374154,1.3311110368680967,0.7092563412483008,-0.8016774015438268
8448,2024-06-19 19:00:00,16p_8445,post_stress,primary,True,True,2.999763316608604,-5.37993281237953,0.8586019328265471,0.6183688667254453,-0.9247285780053826
8449,2024-06-16 19:00:00,16p_8445,baseline,primary,True,True,2.080424603600597,-1.7862611808785755,0.5911572476184526,0.2363816729981031,-1.1925842406896803
8449,2024-06-17 19:00:00,16p_8445,post_stress,primary,True,True,3.0528981807258755,-3.0412989974746734,-0.07575844503794447,0.3309757846391616,0.21603925649979128
8449,2024-06-18 19:00:00,16p_8445,post_stress,primary,True,True,3.2187539541163495,-6.563605110558481,0.612152248728577,1.0337834270454338,-0.6146502166246421
8449,2024-06-19 19:00:00,16p_8445,post_stress,primary,True,True,3.9964726542909133,-6.030217843558205,1.0003450512360925,0.9463231725960801,-0.8296547906227946
8718,2024-05-15 19:00:00,wt_8718,baseline,primary,True,True,-1.494303956685409,7.873308024580715,-1.3937305894538214,0.27919717704169805,0.48732955772762127
8718,2024-05-16 19:00:00,wt_8718,baseline,primary,True,True,-1.1879465482562124,7.4072865261269865,-0.1891608526371152,1.026152785741169,-0.388052151291018
8718,2024-05-17 19:00:00,wt_8718,post_stress,primary,True,True,1.281563712967371,0.7832221453739266,1.6680150358634664,0.9388211026576182,-2.6095841826173767
8718,2024-05-18 19:00:00,wt_8718,post_stress,primary,True,True,-0.24601282240878333,3.487419281844466,0.3120834778706681,-0.5773551873423528,-1.240043876637094
8718,2024-05-19 19:00:00,wt_8718,post_stress,primary,True,True,0.19069486148990822,2.4847796480002327,0.16264924403547057,-1.5235574879961151,-0.30471365990721466
8719,2024-05-15 19:00:00,wt_8718,baseline,primary,True,True,-2.278981753602188,9.916638762799048,-1.6178646485342247,0.7766706344844602,0.6167075169901242
8719,2024-05-16 19:00:00,wt_8718,baseline,primary,True,True,-2.0823003645935567,9.513352630678115,0.16710328130688368,1.507474212789036,-0.4613370136980963
8719,2024-05-17 19:00:00,wt_8718,post_stress,primary,True,True,0.3440913879539748,3.6089801388557556,0.6915789443028271,1.4421659237011741,-1.2992343413890532
8719,2024-05-18 19:00:00,wt_8718,post_stress,primary,True,True,-0.6045762509193429,6.581241331392415,-1.109035173519664,0.9476402443917662,-1.5197921787743363
8719,2024-05-19 19:00:00,wt_8718,post_stress,primary,True,True,0.20496048544177203,5.2225086677731385,-1.328364492553562,-0.35436658939004706,0.7216610430521527
8720,2024-05-15 19:00:00,wt_8718,baseline,primary,True,True,-0.7159070242195738,8.28529959043615,-1.8506439078378276,1.0615163778779344,-0.19764436998087634
8720,2024-05-16 19:00:00,wt_8718,baseline,primary,True,True,-2.1721915196600627,8.783826597002264,-0.37973435990226023,-0.15543904925710694,-0.8234955705599829
8720,2024-05-17 19:00:00,wt_8718,post_stress,primary,True,True,0.6761083860215192,3.3988494155149813,0.8281604816527646,-0.1837099187712148,-1.3096805331979575
8720,2024-05-18 19:00:00,wt_8718,post_stress,primary,True,True,0.07023866308235623,4.549818956152839,0.06485994900619027,-0.19986851983457546,-0.11266907062175052
8720,2024-05-19 19:00:00,wt_8718,post_stress,primary,True,True,-0.559714652351588,5.194547383558591,-1.2311850467675014,-1.2660739391015317,-0.9305401508409461
8722,2024-05-15 19:00:00,wt_8718,baseline,primary,True,True,-2.2471251910955026,9.817698267192632,-0.9506141169915079,0.5906464319994716,-0.9715716605112007
8722,2024-05-16 19:00:00,wt_8718,baseline,primary,True,True,-2.3535205710254496,10.005714415136664,0.42471914914019254,0.7362618301532031,-2.2622169845437554
8722,2024-05-17 19:00:00,wt_8718,post_stress,primary,True,True,0.9384972279422548,3.5228515808340704,-0.2780622944313836,-0.5758717344006247,-1.9804061373461295
8722,2024-05-18 19:00:00,wt_8718,post_stress,primary,True,True,-1.316430273278867,7.393677008853985,1.614090719772081,2.0031890859850043,-3.0803735757404755
8722,2024-05-19 19:00:00,wt_8718,post_stress,primary,True,True,-1.145953643343757,5.978966239589155,-0.6353546504787534,-1.5542799216582033,-1.319312516156587
9314,2024-09-14 19:00:00,wt_9314,baseline,primary,True,True,4.553579280263952,-8.836159633288021,0.6248697640263423,0.6215644099750703,1.1115195307034191
9314,2024-09-15 19:00:00,wt_9314,baseline,primary,True,True,4.986278051120572,-8.870461817050325,-0.8609119444640794,1.8470266829580284,1.855745460004747
9314,2024-09-16 19:00:00,wt_9314,post_stress,primary,True,True,6.103686192296526,-10.327821716553455,0.23040907378968165,2.3615241591972405,1.1648476117731226
9314,2024-09-17 19:00:00,wt_9314,post_stress,primary,True,True,4.886768067958313,-10.373723560727901,0.4860652000654635,3.8278065359738793,-1.7782149693902616
9314,2024-09-18 19:00:00,wt_9314,post_stress,primary,True,True,5.093466224077362,-13.344031020438539,0.8605063068216078,3.307700400654517,0.25581793932628266
9315,2024-09-14 19:00:00,wt_9314,baseline,primary,True,True,3.155865540273653,-9.009026311952258,1.5173487811809665,-0.8122080522892493,-0.8270193340294001
9315,2024-09-15 19:00:00,wt_9314,baseline,primary,True,True,4.3279230885058215,-8.412720731275195,1.410747614147207,3.2769907028676424,1.0151623917569463
9315,2024-09-16 19:00:00,wt_9314,post_stress,primary,True,True,5.511285759215415,-9.188735986332135,-0.5099927161785062,2.5532348275878127,0.31271149109378255
9315,2024-09-17 19:00:00,wt_9314,post_stress,primary,True,True,4.901202755787349,-12.189403580266946,1.9918649378980158,1.5478719831217418,-0.6725995195693476
9315,2024-09-18 19:00:00,wt_9314,post_stress,primary,True,True,5.884381929772783,-14.77435413424305,-0.2573298758490834,3.8285638303016896,1.2214923480123643
9316,2024-09-14 19:00:00,wt_9314,baseline,primary,True,True,3.9453826388835185,-9.360695906794936,0.4424606960191219,0.03629588674327147,0.7534509587703794
9316,2024-09-15 19:00:00,wt_9314,baseline,primary,True,True,4.546796585395851,-8.269897545074778,2.643920037579072,3.760004732186981,0.3644843481860425
9316,2024-09-16 19:00:00,wt_9314,post_stress,primary,True,True,6.517008247608626,-9.436471398536124,-2.0184081373663427,2.6795507836551917,-0.45288806316033475
9316,2024-09-17 19:00:00,wt_9314,post_stress,primary,True,True,5.889696203449263,-12.081441962597907,0.6302935904579675,2.5254167011468227,1.6947519007094356
9316,2024-09-18 19:00:00,wt_9314,post_stress,primary,True,True,6.341384312975992,-13.863498197465068,-0.504494013654703,3.722425956905665,0.906423801104009
9317,2024-09-14 19:00:00,wt_9314,baseline,primary,True,True,4.096487233157008,-8.633597906622638,1.5845046706516954,0.14134513015001415,1.244818627540847
9317,2024-09-15 19:00:00,wt_9314,baseline,primary,True,True,3.9188424455270625,-8.610392159641236,2.028618076032099,2.872268932079244,-0.8836951729467457
9317,2024-09-16 19:00:00,wt_9314,post_stress,primary,True,True,5.3393462263553735,-8.970681248091251,-0.3271617484597676,3.4804215862927146,-1.2877703237779818
9317,2024-09-17 19:00:00,wt_9314,post_stress,primary,True,True,5.577173670896326,-11.37433562600904,1.8701943357236441,1.9354120778519743,1.5362863850214998
9317,2024-09-18 19:00:00,wt_9314,post_stress,primary,True,True,6.2943289327821486,-13.84333165225455,0.6393790626713102,4.278156287181424,0.9579949362442536
9333,2024-09-07 19:00:00,16p_9333,baseline,primary,True,True,5.5840593653583666,-8.812811613283458,2.008386337072517,3.0447486717645424,-0.15760243005573288
9333,2024-09-08 19:00:00,16p_9333,post_stress,primary,True,True,4.62502792311513,-8.156992336130491,0.7464436725954277,1.494143043507422,-2.7194044341865413
9334,2024-09-07 19:00:00,16p_9333,baseline,primary,True,True,4.484800206493729,-7.934767625273023,1.5776098311560487,0.5937553325174909,0.37605159478125577
9334,2024-09-08 19:00:00,16p_9333,post_stress,primary,True,True,3.949872351741962,-7.9640151802870776,0.4930772459664693,0.031367062064733144,-0.4113229116218512
9335,2024-09-07 19:00:00,16p_9333,baseline,primary,True,True,5.068206103161219,-9.646352099668011,1.8590549680288326,2.2255921927200664,-0.7161532510078807
9335,2024-09-08 19:00:00,16p_9333,post_stress,primary,True,True,3.168621039891601,-7.778828240742596,1.3537295993552578,-0.3745304223471735,-4.111929914151163
9336,2024-09-07 19:00:00,16p_9333,baseline,primary,True,True,4.5713111874143255,-8.406091232758971,2.577319585575173,1.9643833126994437,-0.1021080933609918
9336,2024-09-08 19:00:00,16p_9333,post_stress,primary,True,True,3.0871616539234408,-7.84459881572821,1.7122047969761356,-0.8848915299238925,-1.3960515810523235
9621,2024-12-10 19:00:00,cddel_9621,baseline,primary,True,True,3.678551976098409,-2.2275874651540537,3.3186496365571383,-0.20031072516281617,-0.7868805198457297
9621,2024-12-11 19:00:00,cddel_9621,baseline,primary,True,True,1.913937643683195,-0.13794158482913013,1.3585322691794584,-0.9636799444033609,-0.2011785609429723
9621,2024-12-12 19:00:00,cddel_9621,post_stress,primary,True,True,3.836200189059405,-6.62832780700324,2.114717259637593,-0.1956154635259163,-2.750277122719403
9621,2024-12-13 19:00:00,cddel_9621,post_stress,primary,True,True,3.567969031797795,-5.5215927544063685,1.2136058328466894,-1.084216409202901,-0.8894039463006727
9621,2024-12-14 19:00:00,cddel_9621,post_stress,primary,True,True,4.6591750939134835,-4.816419763865696,1.8160112916210385,-0.6744811066658473,-0.4237277976354321
9622,2024-12-10 19:00:00,cddel_9621,baseline,primary,True,True,3.649955440115118,-1.873899254607495,0.4285463666591671,-0.4771153750876762,-1.0192844403593486
9622,2024-12-11 19:00:00,cddel_9621,baseline,primary,True,True,1.569749422040021,0.8921608410188164,0.24209508732328566,-0.05836229092071792,-0.9237058296315693
9622,2024-12-12 19:00:00,cddel_9621,post_stress,primary,True,True,4.176406149140237,-6.979007254379106,2.9091440624669818,0.8138090017066377,-1.579424408889324
9622,2024-12-13 19:00:00,cddel_9621,post_stress,primary,True,True,4.526511645129746,-5.378541962658159,0.7297456570788476,0.4808718159694209,-0.10424254483272917
9622,2024-12-14 19:00:00,cddel_9621,post_stress,primary,True,True,3.873807782750675,-4.763304609882349,2.1718666698690843,-0.0871901711314988,-0.4859880892135388
9623,2024-12-10 19:00:00,cddel_9621,baseline,primary,True,True,3.7222086807179755,-3.383893024931114,2.0084461131569955,-0.9228577236066748,-1.164805482036301
9623,2024-12-11 19:00:00,cddel_9621,baseline,primary,True,True,1.644384032940414,-0.8865364909216032,1.582486280165789,-0.992014063513154,-1.1439183206977381
9623,2024-12-12 19:00:00,cddel_9621,post_stress,primary,True,True,5.996275012957243,-8.923545295365473,3.0001548880223616,0.1076876372916,0.905163746253661
9623,2024-12-13 19:00:00,cddel_9621,post_stress,primary,True,True,5.0997647070341525,-7.535999208444039,2.4806653746421845,0.10562934044494071,-0.19293152014910508
9623,2024-12-14 19:00:00,cddel_9621,post_stress,primary,True,True,6.35885390498957,-7.304957188075621,1.7771507976655427,1.4942261095989091,-2.6812770909179617
9624,2024-12-10 19:00:00,cddel_9621,baseline,primary,True,True,2.882910023065986,-0.7094415469444162,0.5388939174404247,-0.8971768417285477,-1.3297166547318802
9624,2024-12-11 19:00:00,cddel_9621,baseline,primary,True,True,1.972776369849257,0.6846339606041414,0.37557430820238963,-0.7003110101265917,-0.2044484263466702
9624,2024-12-12 19:00:00,cddel_9621,post_stress,primary,True,True,4.266721770194092,-7.731887779173553,1.4317503244060612,-1.5922986984153527,-1.1910882382970034
9624,2024-12-13 19:00:00,cddel_9621,post_stress,primary,True,True,4.328483950858799,-5.344633807700171,2.017754117142064,-0.6154985980238648,-0.7816821654635961
9624,2024-12-14 19:00:00,cddel_9621,post_stress,primary,True,True,4.98890852733573,-5.5545000665792195,0.8976467135005195,-1.668571152568739,0.039601544903736276
9755,2024-10-15 19:00:00,16p_9755,baseline,primary,True,True,3.8710083964792688,-1.756271851062746,0.7936405302351145,-0.38760644242644954,-1.0229731583644193
9755,2024-10-16 19:00:00,16p_9755,baseline,primary,True,True,2.7735238849016084,-0.7450130728663505,1.897878772367662,1.4158727465138443,-1.9852164697889532
9755,2024-10-17 19:00:00,16p_9755,post_stress,primary,True,True,5.783526486332579,-9.486969929144733,2.424488384624452,0.5752248554787173,-1.7111768015266764
9755,2024-10-18 19:00:00,16p_9755,post_stress,primary,True,True,3.1089237202088924,-5.129950108783528,0.4845304124769463,0.030728347033100463,-1.404590258475966
9755,2024-10-19 19:00:00,16p_9755,post_stress,primary,True,True,4.160933534807676,-7.5882028217112945,0.5085917091176413,0.4288936306236516,-0.7334387954050812
9756,2024-10-15 19:00:00,16p_9755,baseline,primary,True,True,4.443596479972278,-2.783395466791943,1.199139804193936,0.7466705587212513,-0.15933273617083565
9756,2024-10-16 19:00:00,16p_9755,baseline,primary,True,True,2.303941598193223,-1.1545450560882604,1.2574750923197882,0.5373944019735675,-0.5599666980753856
9756,2024-10-17 19:00:00,16p_9755,post_stress,primary,True,True,5.89049030103113,-10.670414630973314,0.9996239893134523,-1.396373039048214,0.09826741653553407
9756,2024-10-18 19:00:00,16p_9755,post_stress,primary,True,True,2.8252391836051105,-6.022674308838636,0.4577018253742256,-0.6641709074204559,-0.7826963524117478
9756,2024-10-19 19:00:00,16p_9755,post_stress,primary,True,True,4.091634741355283,-8.424566504879575,1.197690087716118,-0.4402599833033251,-0.7416368420368571
9757,2024-10-15 19:00:00,16p_9755,baseline,primary,True,True,4.882941426128979,-3.49702521745343,0.5353584893632001,-0.3988205665736502,0.21777560907325105
9757,2024-10-16 19:00:00,16p_9755,baseline,primary,True,True,3.8111701977508505,-2.4478251022283195,1.6771972436199112,0.7965551069326157,-1.308697831684025
9757,2024-10-17 19:00:00,16p_9755,post_stress,primary,True,True,6.705835389788348,-10.558816903266377,-0.5293876146282184,0.4798963833825116,-1.5868705251641575
9757,2024-10-18 19:00:00,16p_9755,post_stress,primary,True,True,2.695061431314304,-6.0168424201349255,1.691622697959322,-1.052479517865406,-1.7013517608052167
9757,2024-10-19 19:00:00,16p_9755,post_stress,primary,True,True,3.8324415067494555,-7.70093522353653,0.11637232104544669,-2.201437182184207,-0.62316311455547
9758,2024-10-15 19:00:00,16p_9755,baseline,primary,True,True,4.792786663753286,-4.581003891583742,2.7417155739362915,1.1343276510273506,-1.1118334626449966
9758,2024-10-16 19:00:00,16p_9755,baseline,primary,True,True,3.1519572279075856,-2.9748243290137495,2.2831611855138414,0.1958641397143181,-0.9006553846339874
9758,2024-10-17 19:00:00,16p_9755,post_stress,primary,True,True,5.630510884253669,-11.0253893343982,1.7611979299966507,-0.39461505631061405,-1.2499780231951538
9758,2024-10-18 19:00:00,16p_9755,post_stress,primary,True,True,4.105313340477712,-6.892746841135156,2.347841446452829,0.6822398671118668,-0.900840771503125
9758,2024-10-19 19:00:00,16p_9755,post_stress,primary,True,True,5.362426185035147,-8.430887669098425,-0.27651457587233164,1.7496924654013641,-1.7745693945521253
9905,2024-11-05 19:00:00,wt_9905,baseline,primary,True,True,2.059212556939778,1.1576604183098942,1.0686717521613913,-0.4917451144618141,-1.168896033182631
9905,2024-11-06 19:00:00,wt_9905,baseline,primary,True,True,1.8157261955978832,0.8517760901492276,0.36441381088449754,0.30364590404640207,-0.42032831890164246
9905,2024-11-07 19:00:00,wt_9905,post_stress,primary,True,True,2.8889089187442063,-4.944935973225989,1.2289480520283649,0.39306735731325815,-1.2361426610302342
9905,2024-11-08 19:00:00,wt_9905,post_stress,primary,True,True,1.9440165412111379,-3.155995358578896,1.9095904258602274,-1.140165143076312,-1.9676155127625221
9905,2024-11-09 19:00:00,wt_9905,post_stress,primary,True,True,3.504319613557748,-3.184110007247913,0.7545011022770368,0.23373122372925198,-1.2802713371044103
9906,2024-11-05 19:00:00,wt_9905,baseline,primary,True,True,2.6976242976142517,1.2537175365816862,0.5568650929750714,-0.6214437075539925,-0.9044610835357119
9906,2024-11-06 19:00:00,wt_9905,baseline,primary,True,True,1.879763543815683,-0.39635385843151355,0.2185360308266572,0.06664664319628777,-0.8559829460786345
9906,2024-11-07 19:00:00,wt_9905,post_stress,primary,True,True,3.0940704104353514,-4.50791592216719,0.7697276736217127,0.8035393208472638,-1.6170907729655413
9906,2024-11-08 19:00:00,wt_9905,post_stress,primary,True,True,3.1471818860777683,-3.701046753442441,1.5594841976941918,0.4988540504841001,-0.6509482541451224
9906,2024-11-09 19:00:00,wt_9905,post_stress,primary,True,True,3.7433890481116467,-3.4831168926720517,0.9038086934306865,0.3253212387633633,-1.8056066005945515
9907,2024-11-05 19:00:00,wt_9905,baseline,primary,True,True,2.9181763656189723,0.2824081924655209,1.107612154966797,-0.7334381158748909,0.5175395043327883
9907,2024-11-06 19:00:00,wt_9905,baseline,primary,True,True,0.8719116420381834,-1.1683838645957434,1.2423897802057706,-1.174456619527857,-1.2123180879562487
9907,2024-11-07 19:00:00,wt_9905,post_stress,primary,True,True,2.950413114528782,-5.844311556677222,0.7114961391466468,-0.28398425467650906,-1.5948066331526027
9907,2024-11-08 19:00:00,wt_9905,post_stress,primary,True,True,3.2437164101057823,-4.107205330742305,1.5277147533996942,-1.066076478560584,0.03660354852254972
9907,2024-11-09 19:00:00,wt_9905,post_stress,primary,True,True,5.014047648301898,-4.317362828395765,4.745497841266898,3.7663808930580336,-1.30965763568802
9908,2024-11-05 19:00:00,wt_9905,baseline,primary,True,True,1.816371166459929,0.4812184647207356,0.735403343820176,-0.8295509476862425,-1.4528454816134801
9908,2024-11-06 19:00:00,wt_9905,baseline,primary,True,True,2.459225397552687,0.23855379373763283,0.4587686920800911,2.1663260324827207,-1.713844815710653
9908,2024-11-07 19:00:00,wt_9905,post_stress,primary,True,True,3.5549564433898486,-5.2582710577621645,1.0420133723573997,1.5547799680371583,-1.3222589662844477
9908,2024-11-08 19:00:00,wt_9905,post_stress,primary,True,True,3.4180557076231874,-4.399836808739294,2.3021646971098115,0.050639216813511245,-0.25287459452934397
9908,2024-11-09 19:00:00,wt_9905,post_stress,primary,True,True,4.0042586823973965,-5.053485225933257,1.8934373963532063,0.3742647850482303,-1.5050046906077568
9909,2024-10-29 19:00:00,wt_9909,baseline,primary,True,True,1.9577408645489116,0.7571058257539397,2.546979509916798,1.571640689701512,-2.162244398677067
9909,2024-10-30 19:00:00,wt_9909,baseline,primary,True,True,0.5863222313420018,1.6897610456942762,0.8366185481619423,-0.5754160510539224,-1.8191535729401456
9909,2024-10-31 19:00:00,wt_9909,baseline,primary,True,True,-43.826005640723686,-4.060701929827255,-0.6165127395900908,0.8749443820691221,-0.30121567621175077
9909,2024-11-01 19:00:00,wt_9909,post_stress,primary,True,True,3.824385056017437,-4.375065365718518,-0.23993119991608652,-0.5221741294265937,-0.5595067301147058
9909,2024-11-02 19:00:00,wt_9909,post_stress,primary,True,True,1.8467740459654425,0.3029556939319569,0.6132663066605623,-0.08292213915702318,-0.5927864314525289
9909,2024-11-03 19:00:00,wt_9909,post_stress,primary,True,True,1.8153349854386864,0.25076159080773763,0.005571589274993742,-0.3013148491216792,-1.1205740426884099
9910,2024-10-29 19:00:00,wt_9909,baseline,primary,True,True,1.4502486600325573,0.9553619428539841,0.5009775994766901,-0.09538217188923476,-1.7477596447142076
9910,2024-10-30 19:00:00,wt_9909,baseline,primary,True,True,0.33537993525237425,1.721896574666909,0.13146564026868818,-0.2478299538076758,-1.8726394149952705
9910,2024-10-31 19:00:00,wt_9909,baseline,primary,True,True,-43.79172584213328,-4.345062501581576,-0.6464291458767805,0.8735218517168846,-0.25162230203060265
9910,2024-11-01 19:00:00,wt_9909,post_stress,primary,True,True,2.990220472584613,-4.105460463277938,0.4721069972936476,-0.6036491739418715,0.547227740634057
9910,2024-11-02 19:00:00,wt_9909,post_stress,primary,True,True,1.3106700746414268,0.6689588402270542,1.0079705415585374,-0.5151215473544559,-1.5868956349814114
9910,2024-11-03 19:00:00,wt_9909,post_stress,primary,True,True,1.9528119533562114,0.1398071810007987,-0.9141922258864332,0.8511340562960944,-1.710015777749378
9911,2024-10-29 19:00:00,wt_9909,baseline,primary,True,True,1.4314679885928534,1.3086684824675303,1.347666806993809,0.30407729934544914,-2.1511049198654733
9911,2024-10-30 19:00:00,wt_9909,baseline,primary,True,True,1.0625072187997464,0.3624626929073053,0.3626469574908805,0.1177683762785472,-1.996527603453616
9911,2024-10-31 19:00:00,wt_9909,baseline,primary,True,True,-43.60164525516427,-5.813481695095607,-0.5759588859157702,0.819477704391556,-0.20325656659353808
9911,2024-11-01 19:00:00,wt_9909,post_stress,primary,True,True,3.987026914188692,-6.011832140499097,0.5912099829921873,-0.6830169472714342,0.19530580224125954
9911,2024-11-02 19:00:00,wt_9909,post_stress,primary,True,True,2.2710709603966914,-1.1309249010769307,0.7995667243918225,-0.4114974711952257,-0.8766175168477508
9911,2024-11-03 19:00:00,wt_9909,post_stress,primary,True,True,2.0427972258973206,-0.5070949916358721,1.3830794845759447,-0.15464571259430984,-2.084717400171271
9912,2024-10-29 19:00:00,wt_9909,baseline,primary,True,True,1.2098809706375533,2.4760958002373,0.964981026469353,-0.04908248319662562,-1.506497436780916
9912,2024-10-30 19:00:00,wt_9909,baseline,primary,True,True,0.18184261116554512,2.0420435799491963,0.3233888782474237,-1.2490806524458846,-2.047645598561557
9912,2024-10-31 19:00:00,wt_9909,baseline,primary,True,True,-43.84647673132281,-3.9790809804671934,-0.6787483315334192,0.7348044727866283,-0.2638238121322517
9912,2024-11-01 19:00:00,wt_9909,post_stress,primary,True,True,3.403214848526603,-4.4385301580436565,-0.8505414648856131,0.13271920054040162,-0.7431693023305838
9912,2024-11-02 19:00:00,wt_9909,post_stress,primary,True,True,1.6206069544766715,0.6890529044238473,1.2563561309373028,-0.10975313329762061,-1.1359479264275192
9912,2024-11-03 19:00:00,wt_9909,post_stress,primary,True,True,1.80757006528092,0.3560544557779684,1.15230539625659,-0.12108123619163769,-1.60800422598188
10132,2025-02-04 19:00:00,wt_10132,baseline,primary,True,True,-1.4616496035925401,4.415515672779059,3.794338478239958,-1.1628660554777643,2.0903883015623963
10132,2025-02-05 19:00:00,wt_10132,baseline,primary,True,True,-1.3675333234663403,4.076833462778883,4.300615914775785,-1.434581110203383,1.091287131892102
10132,2025-02-06 19:00:00,wt_10132,post_stress,primary,True,True,1.504470034747553,-0.07721280626032131,1.6326827810467315,-0.3244045088451859,-1.4964298185291252
10132,2025-02-07 19:00:00,wt_10132,post_stress,primary,True,True,2.1375009229247164,0.32603471812975876,1.3351885118737077,-0.8085032167792299,-1.262578306852512
10132,2025-02-08 19:00:00,wt_10132,post_stress,primary,True,True,1.290954558156703,1.9704827506631881,1.1036404657501253,0.9250672772507839,-1.1300249622909162
10135,2025-02-04 19:00:00,wt_10132,baseline,primary,True,True,-1.8277835682015615,5.018651463092488,3.6254531384891537,-1.2498940541315038,1.0057410774067617
10135,2025-02-05 19:00:00,wt_10132,baseline,primary,True,True,-0.6954378506358567,4.760122944497918,2.5744788875640503,-1.1116784655178407,-0.6689549476692617
10135,2025-02-06 19:00:00,wt_10132,post_stress,primary,True,True,3.2617180926335747,-2.3386346865850127,0.3857909710883403,0.7381053010749986,-0.4187109373359008
10135,2025-02-07 19:00:00,wt_10132,post_stress,primary,True,True,1.5050580071321082,1.4856852831829928,0.972364444274834,-0.6573716541117797,-1.2636002990774668
10135,2025-02-08 19:00:00,wt_10132,post_stress,primary,True,True,1.2077537293841067,2.8103308771591604,1.0025068220942919,-0.16631476302862735,-1.0874243682486697
10136,2025-02-04 19:00:00,wt_10132,baseline,primary,True,True,-1.0227931268473185,3.6053219611422693,4.980003994826157,-2.0883448003375955,3.154278278477819
10136,2025-02-05 19:00:00,wt_10132,baseline,primary,True,True,-1.5974036947221584,3.7539199919207293,5.840699022070235,-3.0628553011301523,2.4438758104128766
10136,2025-02-06 19:00:00,wt_10132,post_stress,primary,True,True,2.975438042531558,-1.9600269628881288,-0.19247741073789512,1.1270780018919142,-0.8553051828051694
10136,2025-02-07 19:00:00,wt_10132,post_stress,primary,True,True,1.4208745232412339,0.44205560601261246,1.981754140912439,-1.1021316454427832,-1.7473253332142118
10136,2025-02-08 19:00:00,wt_10132,post_stress,primary,True,True,1.4720172841617438,1.8430890357178247,1.876088886698026,0.010704676654455235,-0.9900919848597096
10137,2025-02-04 19:00:00,wt_10132,baseline,primary,True,True,-4.382052145741957,4.167074382077667,7.668141867367768,-2.9229851917410885,8.988702637838962
10137,2025-02-05 19:00:00,wt_10132,baseline,primary,True,True,-3.519859016899582,3.1990643180796856,7.572380644405897,-3.3071305521497774,9.288664325560456
10137,2025-02-06 19:00:00,wt_10132,post_stress,primary,True,True,2.3059227690642987,-0.953385937294912,0.789143603970628,0.5330330577684291,-1.0187805186001018
10137,2025-02-07 19:00:00,wt_10132,post_stress,primary,True,True,1.8182553275379116,0.4504950839951727,1.3048382612356166,-1.1573141843224775,-0.27909972825920976
10137,2025-02-08 19:00:00,wt_10132,post_stress,primary,True,True,0.8044258493127603,1.9933845983015543,1.5716093918476637,-0.7985421828396714,-1.6694331122300445
10205,2025-02-22 19:00:00,wt_10205,baseline,primary,True,True,0.3661151919863063,5.101229295261207,-1.2226346021162173,2.9903239142568556,1.451447878838209
10205,2025-02-23 19:00:00,wt_10205,baseline,primary,True,True,0.8118752025604907,3.521828899254683,-0.521937684183742,4.458374895266789,-0.20135821072122828
10205,2025-02-24 19:00:00,wt_10205,baseline,primary,True,True,1.8928566118874548,2.6616659962326783,-1.7006561486263068,4.290595440446128,0.8147885384065354
10205,2025-02-25 19:00:00,wt_10205,post_stress,primary,True,True,3.037599728145178,-0.9789929182904661,-0.42615839724207455,4.008144511089662,-0.42776965293399255
10205,2025-02-26 19:00:00,wt_10205,post_stress,primary,True,True,2.247796833953002,0.7029474619685826,-0.28815558273633984,4.144032459043658,1.0613360942850443
10205,2025-02-27 19:00:00,wt_10205,post_stress,primary,True,True,1.926397891753412,0.3520968468770946,-1.21470415425597,4.159293227343048,1.5578791819862023
10206,2025-02-22 19:00:00,wt_10205,baseline,primary,True,True,-0.5167191779082043,7.115673390964766,-1.233405053005145,3.0869082149532487,0.9611584859574122
10206,2025-02-23 19:00:00,wt_10205,baseline,primary,True,True,1.0220561129645125,5.77408990795345,-1.3543025007550824,4.288875876880454,0.882222786994799
10206,2025-02-24 19:00:00,wt_10205,baseline,primary,True,True,2.1417235407296227,4.4425115736070575,-0.7548731801049405,5.656630505877062,1.0572659210958018
10206,2025-02-25 19:00:00,wt_10205,post_stress,primary,True,True,2.2297302503107055,1.7454886037553294,-0.44574871461633575,4.6666534979792,-0.4191137719160319
10206,2025-02-26 19:00:00,wt_10205,post_stress,primary,True,True,1.1573182920196703,4.382475267987621,0.04361610429844838,3.598658139254596,1.0786615804403357
10206,2025-02-27 19:00:00,wt_10205,post_stress,primary,True,True,1.9530536053516496,2.6391376000897755,-1.7397109106009074,4.0337672634781425,0.9966244673120637
10207,2025-02-22 19:00:00,wt_10205,baseline,primary,True,True,0.48703095476512026,4.3490225686323285,0.7574733091984799,4.566037169482958,0.3033358935096779
10207,2025-02-23 19:00:00,wt_10205,baseline,primary,True,True,2.131608912963267,3.7810700223501437,-2.6701215679102823,5.131110816890765,-0.025412799041915627
10207,2025-02-24 19:00:00,wt_10205,baseline,primary,True,True,2.9608696156611396,3.0479798254439894,-1.5267663847571327,5.213020941604415,1.5699377682458018
10207,2025-02-25 19:00:00,wt_10205,post_stress,primary,True,True,3.176309464735189,-0.9837830476116347,0.04546553068665425,3.9868351526033066,0.9485692496094299
10207,2025-02-26 19:00:00,wt_10205,post_stress,primary,True,True,2.62104133879441,0.9203266415801615,-0.2615183018311644,2.766151654841217,1.707235112021255
10207,2025-02-27 19:00:00,wt_10205,post_stress,primary,True,True,2.4852811190244846,1.3659638802178609,-1.0815254036587882,4.739684206288163,1.361941086615393
10208,2025-02-22 19:00:00,wt_10205,baseline,primary,True,True,0.23396927929360484,4.931112207116812,-1.7232660450520947,2.2834265047345337,1.3865782881666584
10208,2025-02-23 19:00:00,wt_10205,baseline,primary,True,True,1.5235130122882627,3.707043139293052,-1.1663878638879601,4.26211060202216,0.75542475817668
10208,2025-02-24 19:00:00,wt_10205,baseline,primary,True,True,2.639879358764905,3.0191180139851426,-1.770021447430844,5.307563179295255,0.8723412933689455
10208,2025-02-25 19:00:00,wt_10205,post_stress,primary,True,True,2.853428744752325,-0.7664242987548563,0.6216422152812641,4.383095299856519,0.570262646476428
10208,2025-02-26 19:00:00,wt_10205,post_stress,primary,True,True,1.4162869918659604,1.6532109333250522,-0.5834601260102528,3.5969269569108766,0.32956784304974474
10208,2025-02-27 19:00:00,wt_10205,post_stress,primary,True,True,1.0520044475855574,1.3854403814925411,-1.8736083707509603,3.979191577320058,0.48867211786206904
10276,2025-02-22 19:00:00,cddel_10276,baseline,primary,True,True,0.12590838403919966,1.773233494534296,0.08564902910264971,-1.0748171991019848,-1.234954318426048
10276,2025-02-23 19:00:00,cddel_10276,baseline,primary,True,True,0.46051854397317527,0.1411771385079271,0.5138978239960926,-1.2193066924627198,-1.2500397171272712
10276,2025-02-24 19:00:00,cddel_10276,baseline,primary,True,True,1.9146406381672354,-0.2804500200490186,0.633074660651683,-0.7491397416702736,-0.809637277218012
10276,2025-02-25 19:00:00,cddel_10276,post_stress,primary,True,True,2.5031117293446576,-3.9169547050419435,-0.2321698666988353,-0.09830528421694247,-1.226621754923445
10276,2025-02-26 19:00:00,cddel_10276,post_stress,primary,True,True,1.329821042493284,-1.6714590868584114,0.5248966720018534,-1.1384889740053576,-0.61308671419038
10276,2025-02-27 19:00:00,cddel_10276,post_stress,primary,True,True,2.224735313691156,-3.447474138019461,1.6205611788639407,-0.2975422004371936,-2.2027493049070808
10277,2025-02-22 19:00:00,cddel_10276,baseline,primary,True,True,0.6337677170127095,0.05846599128317317,1.5972081915823222,-0.8084141471453459,-1.7609986188645996
10277,2025-02-23 19:00:00,cddel_10276,baseline,primary,True,True,0.7422159204786009,-0.026939661734454723,1.897207575825182,0.8825542265225081,-2.928665039314971
10277,2025-02-24 19:00:00,cddel_10276,baseline,primary,True,True,1.0890688462377676,-0.0455726602074857,1.5302037685623766,-1.3734270469299608,-2.122408582706068
10277,2025-02-25 19:00:00,cddel_10276,post_stress,primary,True,True,2.4140020068170216,-4.0358394547846554,0.8021819020774111,0.683184283236313,-1.6653655865365349
10277,2025-02-26 19:00:00,cddel_10276,post_stress,primary,True,True,2.0104668158736536,-2.7531280139497447,0.33400519913028626,-0.7142791449430181,-0.5624447056786872
10277,2025-02-27 19:00:00,cddel_10276,post_stress,primary,True,True,1.3177643364669638,-2.9701643944449794,1.5085996802077757,-1.308945083357748,-2.327574134633703
10278,2025-02-22 19:00:00,cddel_10276,baseline,primary,True,True,0.6024138757875293,0.005357831283908281,0.7633431338669855,-1.1631114054677665,-1.3438466553888915
10278,2025-02-23 19:00:00,cddel_10276,baseline,primary,True,True,0.7498052194413023,0.4499928762451609,0.6789497400321897,-0.27431390116364535,-1.3069629331362116
10278,2025-02-24 19:00:00,cddel_10276,baseline,primary,True,True,1.9085827336914312,0.23342662578577764,0.9546258707624437,-0.6431261789098649,-0.5424106871700782
10278,2025-02-25 19:00:00,cddel_10276,post_stress,primary,True,True,2.378334743625867,-4.42262420835931,0.34432924115856745,-0.5895964709341582,-1.3186046722230198
10278,2025-02-26 19:00:00,cddel_10276,post_stress,primary,True,True,2.349063835562757,-2.8286265218787117,0.6551827757052451,-0.2480024699418906,-1.660226290169663
10278,2025-02-27 19:00:00,cddel_10276,post_stress,primary,True,True,2.775475942132539,-3.308780422224734,1.9664070546402401,0.33829825615907294,-1.2715278802631493
10279,2025-02-22 19:00:00,cddel_10276,baseline,primary,True,True,-0.4668713895369297,2.998217728413114,2.8929953204506065,1.9766347576482473,-2.164670774126434
10279,2025-02-23 19:00:00,cddel_10276,baseline,primary,True,True,-0.556853700363934,2.1893294925678175,0.13429748043371792,-1.0847760213103854,-1.0143726859797912
10279,2025-02-24 19:00:00,cddel_10276,baseline,primary,True,True,0.7104394711175501,1.7476694895257883,-0.0287535828877101,-1.5505252059677492,-1.1304685653657613
10279,2025-02-25 19:00:00,cddel_10276,post_stress,primary,True,True,1.8452830349652027,-2.2939441017050934,-0.25233169479179435,-0.09220430348448298,-0.28353126991654054
10279,2025-02-26 19:00:00,cddel_10276,post_stress,primary,True,True,1.8243521925164818,-1.2354567761544757,-0.31472462007143737,-0.7895844138294658,-1.2786592959810597
10279,2025-02-27 19:00:00,cddel_10276,post_stress,primary,True,True,1.9339380421527466,-1.525417165764218,1.0092715147772775,-0.5254509284226744,-1.71972239757045
10565,2025-03-18 19:00:00,wt_10565,baseline,primary,True,True,-0.37792758697008516,2.0845417832643984,-2.317756237149782,-4.467442904191012,-2.278456759817252
10565,2025-03-19 19:00:00,wt_10565,baseline,primary,True,True,0.7277068173233036,0.5325705994059449,-2.6748631159199565,-3.864622025098688,-1.0590236816790932
10565,2025-03-20 19:00:00,wt_10565,baseline,primary,True,True,1.5249504426571807,-0.6152860205019818,-2.182024946078773,-4.034837281151726,-0.5331940639711091
10565,2025-03-21 19:00:00,wt_10565,post_stress,primary,True,True,1.5911531909114942,-4.787820164940269,-1.5302396194924759,-4.066460918127115,-0.17808942612543965
10565,2025-03-22 19:00:00,wt_10565,post_stress,primary,True,True,2.4694461660973004,-3.356255492757673,-2.3686656518822176,-2.671144210702838,-0.7104885241776622
10565,2025-03-23 19:00:00,wt_10565,post_stress,primary,True,True,1.6506187823077734,-3.5636427455864528,-2.3572221864065006,-3.495263066636282,-3.037868904612124
10566,2025-03-18 19:00:00,wt_10565,baseline,primary,True,True,-0.04937415016999116,1.100604204041298,-1.7938193977518144,-4.331794266294726,-0.9785824644622027
10566,2025-03-19 19:00:00,wt_10565,baseline,primary,True,True,0.728971677228655,0.15815849974818524,-1.696642482252326,-4.404870187911933,-0.6233688062050229
10566,2025-03-20 19:00:00,wt_10565,baseline,primary,True,True,1.9497617199731798,-0.862233779047651,-2.666595890905764,-4.140245106114807,-0.5283169591591895
10566,2025-03-21 19:00:00,wt_10565,post_stress,primary,True,True,1.2856869222464262,-4.903970237449157,-2.002900346290761,-4.831823628850671,-1.736561696992665
10566,2025-03-22 19:00:00,wt_10565,post_stress,primary,True,True,3.475771779310703,-4.309511610903891,-2.0071589846085103,-2.249345173871686,1.812356417733034
10566,2025-03-23 19:00:00,wt_10565,post_stress,primary,True,True,1.8537518231064474,-3.8832260498905,-1.6750551417220005,-4.144799601881387,-1.1584543370033349
10567,2025-03-18 19:00:00,wt_10565,baseline,primary,True,True,0.032497871113079516,1.171149440836045,-1.9103306166762835,-4.444414294833475,-1.1228097828085708
10567,2025-03-19 19:00:00,wt_10565,baseline,primary,True,True,0.8308961700172574,0.17058594753072312,-1.9635170771060801,-4.427738656690168,-0.10190891232035924
10567,2025-03-20 19:00:00,wt_10565,baseline,primary,True,True,0.8764447600890329,-1.0055103275460002,-1.591496030035426,-4.4275420371665,-2.1624531516771484
10567,2025-03-21 19:00:00,wt_10565,post_stress,primary,True,True,2.1547834229086456,-5.46469787669175,-1.5316534584488395,-3.926039513256091,0.48709141046081167
10567,2025-03-22 19:00:00,wt_10565,post_stress,primary,True,True,2.214820981371136,-3.0342665720689244,-2.2755705321350486,-2.190068681433989,0.06587552250254956
10567,2025-03-23 19:00:00,wt_10565,post_stress,primary,True,True,1.5488057423330692,-2.7833277795105142,-2.0686987810740805,-2.8450853762377575,-1.3608975947918063
10568,2025-03-18 19:00:00,wt_10565,baseline,primary,True,True,-0.18816941564278122,1.7284942822427654,-1.4757460914155027,-4.534310896851487,-0.8335759000066085
10568,2025-03-19 19:00:00,wt_10565,baseline,primary,True,True,1.2957251123817493,-0.18248377910792277,-2.58589887771234,-3.806280129568985,-0.4866980753796977
10568,2025-03-20 19:00:00,wt_10565,baseline,primary,True,True,1.8398402675075334,-1.1338842954427772,-1.8842766132601954,-4.189446643407623,-0.33345788365136625
10568,2025-03-21 19:00:00,wt_10565,post_stress,primary,True,True,1.8635105749190015,-4.623263170262544,-1.9473020121703724,-4.190149329122666,-0.5061050021012831
10568,2025-03-22 19:00:00,wt_10565,post_stress,primary,True,True,3.2691464472302854,-4.297861110362733,-2.1803537112644045,-2.5992280393716576,-0.06371470812252364
10568,2025-03-23 19:00:00,wt_10565,post_stress,primary,True,True,1.632049851730358,-3.8929382111260034,-1.7576830171818278,-3.4220706742700218,-1.3558403899954743
10572,2025-03-18 19:00:00,wt_10572,baseline,primary,True,True,2.2498066756983897,-2.5945159965692843,-4.2580683353102335,0.41009526060789775,3.498524012555544
10572,2025-03-19 19:00:00,wt_10572,baseline,primary,True,True,3.42794801059312,-1.2654617136626447,-3.916148825676929,-0.49701378019635206,2.9555288449211155
10572,2025-03-20 19:00:00,wt_10572,baseline,primary,True,True,2.7252421138020875,-1.5940944690121475,-4.437453117599997,-0.594787580872786,2.047120379992197
10572,2025-03-21 19:00:00,wt_10572,post_stress,primary,True,True,3.9906210900496126,-7.048269057700622,-3.345631265291819,-1.2868395328716107,1.7674071722791536
10572,2025-03-22 19:00:00,wt_10572,post_stress,primary,True,True,4.285932721538763,-6.906432612687757,-2.508414998929004,-1.3811347123176032,2.5957520001387926
10572,2025-03-23 19:00:00,wt_10572,post_stress,primary,True,True,5.974159703000018,-9.841823667954564,-2.433679929287816,-1.6788779135085232,0.46301152653440497
10573,2025-03-18 19:00:00,wt_10572,baseline,primary,True,True,1.3319020317273182,-2.3606653671968068,-4.668941811820398,-0.3041436908887683,2.280712066272203
10573,2025-03-19 19:00:00,wt_10572,baseline,primary,True,True,3.5047413012469053,-2.018433866974622,-4.623296536269334,-1.4713805116305159,2.959818358999285
10573,2025-03-20 19:00:00,wt_10572,baseline,primary,True,True,2.5952703509374233,-1.8919567533072161,-4.835714075880318,-0.25881443690986494,1.60355243313396
10573,2025-03-21 19:00:00,wt_10572,post_stress,primary,True,True,4.69797155715395,-8.48072010328094,-2.0628192395069815,-1.1188984392383594,3.0232387341099023
10573,2025-03-22 19:00:00,wt_10572,post_stress,primary,True,True,4.6321047667528426,-6.845236233379267,-2.5238566144179715,-1.4494362962607876,2.4256389639763936
10573,2025-03-23 19:00:00,wt_10572,post_stress,primary,True,True,5.5270210442074275,-8.578340962002375,-2.031055083594123,-3.6255002062492387,0.8586052506565253
10574,2025-03-18 19:00:00,wt_10572,baseline,primary,True,True,1.3523232117477093,-2.0389300070208436,-4.323288954903147,0.02164414753539898,1.683028696030828
10574,2025-03-19 19:00:00,wt_10572,baseline,primary,True,True,3.6714305564365226,-1.5434514540542135,-4.038394337679823,-1.035766846142373,3.114547244673531
10574,2025-03-20 19:00:00,wt_10572,baseline,primary,True,True,3.03836066787052,-1.1188032080271026,-5.407027984521234,-0.12778252969800122,2.367170609819224
10574,2025-03-21 19:00:00,wt_10572,post_stress,primary,True,True,3.5386715256977035,-6.700921438647278,-4.162694533168331,-0.8913285347782004,1.1869756857178857
10574,2025-03-22 19:00:00,wt_10572,post_stress,primary,True,True,3.0664221354511803,-4.96161232086191,-2.8715121317658716,-1.7990798951793976,1.3092549888601377
10574,2025-03-23 19:00:00,wt_10572,post_stress,primary,True,True,4.153082431801726,-5.979622085692166,-3.3454416649714123,-1.7158741578134538,-0.24942235535284943
10575,2025-03-18 19:00:00,wt_10572,baseline,primary,True,True,2.8122874914621887,-4.2463403964954844,-5.224289662321212,-0.06686065457839088,2.3280360705343597
10575,2025-03-19 19:00:00,wt_10572,baseline,primary,True,True,4.055690777494168,-2.698740914705574,-3.8150809314308236,-0.9507493700383272,3.7311904142251504
10575,2025-03-20 19:00:00,wt_10572,baseline,primary,True,True,3.4843602284518465,-2.8178717610953306,-4.946903734354359,-0.6109533097927862,2.3288242006373885
10575,2025-03-21 19:00:00,wt_10572,post_stress,primary,True,True,5.088613814958596,-9.314461332999656,-2.6331248859865037,-1.331009372205555,2.4425035194330187
10575,2025-03-22 19:00:00,wt_10572,post_stress,primary,True,True,4.464974806367408,-7.69987733015311,-2.690343594648141,-1.2254060082021472,3.142854622058585
10575,2025-03-23 19:00:00,wt_10572,post_stress,primary,True,True,5.352176371369115,-8.321847496198318,-2.145479652990309,-2.605771373653802,0.9660103834043696
